ns0:Description,ns0:Definition
Lam300 Constraint00001,WHERE value &gt;= 0 AND value &lt;= 174;
Lam300 Constraint00002,WHERE value &gt;= 0 AND value &lt;= 1000;
Lam300 Constraint00003,WHERE value &gt;= 0 AND value &lt;= 4294967295;
Lam300 Constraint00004,WHERE value &gt;= 0 AND value &lt;= 1000000;
Lam300 Constraint00005,WHERE value &gt;= 0.0 AND value &lt;= 360.0;
Lam300 Constraint00006,WHERE value &gt;= 15 AND value &lt;= 150;
Lam300 Constraint00007,WHERE value &gt;= 0 AND value &lt;= 5;
Lam300 Constraint00008,WHERE value &gt;= 0 AND value &lt;= 100;
Lam300 Constraint00009,WHERE value &gt;= 0 AND value &lt;= 200;
Lam300 Constraint00010,WHERE value &gt;= 0 AND value &lt;= 536870911;
Lam300 Constraint00011,WHERE value &gt;= 0.5 AND value &lt;= 100.0;
Lam300 Constraint00012,WHERE value &gt;= 1 AND value &lt;= 600;
Lam300 Constraint00013,WHERE value &gt;= 1 AND value &lt;= 2;
Lam300 Constraint00014,WHERE value &gt;= 0 AND value &lt;= 176;
Lam300 Constraint00015,WHERE value &gt;= 600000 AND value &lt;= 1000000;
Lam300 Constraint00016,WHERE value &gt;= 1 AND value &lt;= 100000;
Lam300 Constraint00017,WHERE value = #Normal OR value = #Time OR value = #Pressure;
Lam300 Constraint00018,WHERE value &gt;= 0.0 AND value &lt;= 1.0e6;
Lam300 Constraint00019,WHERE value &gt;= 1.0 AND value &lt;= 100.0;
Lam300 Constraint00020,WHERE value &gt;= 0 AND value &lt;= 3600;
Lam300 Constraint00021,WHERE value = #PostAlarm OR value = #RetryPumpdown;
Lam300 Constraint00022,WHERE value &gt;= 0 AND value &lt;= 180;
Lam300 Constraint00023,WHERE value &gt;= 10 AND value &lt;= 3600;
Lam300 Constraint00024,WHERE value = '200MM' OR value = '300MM' OR value = '450MM';
Lam300 Constraint00025,WHERE value &gt;= 0 AND value &lt;= 1;
Lam300 Constraint00026,WHERE value &gt;= 10 AND value &lt;= 600;
Lam300 Constraint00027,WHERE value = #Open OR value = #Close;
Lam300 Constraint00028,WHERE value &gt;= 0.0 AND value &lt;= 6000.0;
Lam300 Constraint00029,WHERE value = #open OR value = #close OR value = nil;
Lam300 Constraint00030,WHERE value &gt;= -3.4e38 AND value &lt;= 3.4e38;
Lam300 Constraint00031,WHERE value &gt;= 0 AND value &lt;= 600;
Lam300 Constraint00032,WHERE value &gt;= 0.0 AND value &lt;= 3.4e38;
Lam300 Constraint00033,WHERE value = #Close OR value = #Open;
Lam300 Constraint00034,WHERE value &gt;= 0 AND value &lt;= 300;
Lam300 Constraint00035,WHERE value &gt;= 10 AND value &lt;= 100000;
Lam300 Constraint00036,WHERE value &gt;= 0.0 AND value &lt;= 8.0e7;
Lam300 Constraint00037,WHERE value &gt;= -35000.0 AND value &lt;= 40000.0;
Lam300 Constraint00038,WHERE value &gt;= -50000 AND value &lt;= 50000;
Lam300 Constraint00039,WHERE value &gt;= 1 AND value &lt;= 536870911;
Lam300 Constraint00040,WHERE value &gt;= -3.0e38 AND value &lt;= 3.0e38;
Lam300 Constraint00041,WHERE value &gt;= 90 AND value &lt;= 1000000;
Lam300 Constraint00042,WHERE value &gt;= 40 AND value &lt;= 120;
Lam300 Constraint00043,WHERE value &gt;= 20000.0 AND value &lt;= 100000.0;
Lam300 Constraint00044,WHERE value &gt;= -40000.0 AND value &lt;= -20000.0;
Lam300 Constraint00045,WHERE value &gt;= 100 AND value &lt;= 300;
Lam300 Constraint00046,WHERE value &gt;= 0 AND value &lt;= 5000;
Lam300 Constraint00047,WHERE value &gt;= 0.0 AND value &lt;= 400.0;
Lam300 Constraint00048,WHERE value &gt;= 0 AND value &lt;= 10000;
Lam300 Constraint00049,WHERE value &gt;= 1 AND value &lt;= 6;
Lam300 Constraint00050,WHERE value &gt;= 0.0 AND value &lt;= 3.0;
Lam300 Constraint00051,WHERE value &gt;= 310.0 AND value &lt;= 350.0;
Lam300 Constraint00052,WHERE value &gt;= 10.0 AND value &lt;= 50.0;
Lam300 Constraint00053,WHERE value &gt;= 0.0 AND value &lt;= 30.0;
Lam300 Constraint00054,WHERE value &gt;= -4000 AND value &lt;= 4000;
Lam300 Constraint00055,WHERE value &gt;= -2000 AND value &lt;= 2000;
Lam300 Constraint00056,WHERE value &gt;= -10.0 AND value &lt;= 10.0;
Lam300 Constraint00057,WHERE value &gt;= 0 AND value &lt;= 767;
Lam300 Constraint00058,WHERE value &gt;= 0 AND value &lt;= 65535;
Lam300 Constraint00059,WHERE value &gt;= 0 AND value &lt;= 7;
Lam300 Constraint00060,WHERE value = #On OR value = #Off;
Lam300 Constraint00061,WHERE value = #Enable OR value = #Disable;
Lam300 Constraint00062,WHERE value = #Yes OR value = #No;
Lam300 Constraint00063,WHERE value &gt;= 5 AND value &lt;= 60;
Lam300 Constraint00064,WHERE value &gt;= -0.5 AND value &lt;= 5.0;
Lam300 Constraint00065,WHERE value &gt;= 0.0 AND value &lt;= 0.1;
Lam300 Constraint00066,WHERE value &gt;= 0 AND value &lt;= 1300;
Lam300 Constraint00067,WHERE value &gt;= 0 AND value &lt;= 24;
Lam300 Constraint00068,WHERE value = #No OR value = #Yes;
Lam300 Constraint00069,WHERE value &gt;= 0 AND value &lt;= 360000;
Lam300 Constraint00070,WHERE value &gt;= 0.0 AND value &lt;= 24.91;
Lam300 Constraint00071,WHERE value &gt;= 0 AND value &lt;= 9999999;
Lam300 Constraint00072,WHERE value = #retract OR value = #extend;
Lam300 Constraint00073,WHERE value &gt;= 1 AND value &lt;= 1000;
Lam300 Constraint00074,WHERE value &gt;= 1000 AND value &lt;= 8000;
Lam300 Constraint00075,WHERE value &gt;= 500 AND value &lt;= 4000;
Lam300 Constraint00076,WHERE value &gt;= 75 AND value &lt;= 600;
Lam300 Constraint00077,WHERE value &gt;= 37 AND value &lt;= 300;
Lam300 Constraint00078,WHERE value &gt;= 0 AND value &lt;= 9999;
Lam300 Constraint00079,WHERE value &gt;= 0.0 AND value &lt;= 10.0;
Lam300 Constraint00080,WHERE value &gt;= 0.0 AND value &lt;= 1.0;
Lam300 Constraint00081,WHERE value &gt;= 0.0 AND value &lt;= 20.0;
Lam300 Constraint00082,WHERE value &gt;= 1 AND value &lt;= 20;
Lam300 Constraint00083,WHERE value &gt;= 1 AND value &lt;= 10;
Lam300 Constraint00084,WHERE value &gt;= 1 AND value &lt;= 25;
Lam300 Constraint00085,WHERE value = #Port1 OR value = #Port2 OR value = #Port3 OR value = #Port4;
Lam300 Constraint00086,WHERE value &gt;= 1 AND value &lt;= 3600;
Lam300 Constraint00087,WHERE value = #None OR value = #PerWaferCount OR value = #PerPJ OR value = #PerPM;
Lam300 Constraint00088,WHERE value = #PerWaferCount OR value = #PerPJ;
Lam300 Constraint00089,WHERE value = #Disable OR value = #Enable;
Lam300 Constraint00090,WHERE value = #WarningOnly OR value = #ErrorStopAll;
Lam300 Constraint00091,WHERE value = #WarningOnly OR value = #ErrorStopAll OR value = #DoNothing;
Lam300 Constraint00092,WHERE value = #Disabled OR value = #Enabled;
Lam300 Constraint00093,WHERE value &gt;= 0.0 AND value &lt;= 3600.0;
Lam300 Constraint00094,WHERE value &gt;= 0.0 AND value &lt;= 100.0;
Lam300 Constraint00095,WHERE value = #NTCH OR value = #FLAT;
Lam300 Constraint00096,WHERE value &gt;= 0 AND value &lt;= 25;
Lam300 Constraint00097,WHERE value &gt;= 0.1 AND value &lt;= 9.9;
Lam300 Constraint00098,WHERE value &gt;= 10 AND value &lt;= 1440;
Lam300 Constraint00099,WHERE value &gt;= 1.0e-2 AND value &lt;= 4.0e-2;
Lam300 Constraint00100,WHERE value &gt;= -0.5 AND value &lt;= 3.0;
Lam300 Constraint00101,WHERE value = #Port1 OR value = #Port2 OR value = #Port3 OR value = #Port4 OR value = #Port5;
Lam300 Constraint00102,WHERE value &gt;= -1.0 AND value &lt;= 360.0;
Lam300 Constraint00103,WHERE value &gt;= 0 AND value &lt;= 50;
Lam300 Constraint00104,WHERE value &gt;= 1 AND value &lt;= 500;
Lam300 Constraint00105,WHERE value = #Disable OR value = #AllPortsIdle OR value = #O2SensorPortsIdle;
Lam300 Constraint00106,WHERE value &gt;= 0 AND value &lt;= 2;
Lam300 Constraint00107,WHERE value &gt;= 0 AND value &lt;= 999;
Lam300 Constraint00108,WHERE value &gt;= 50 AND value &lt;= 999;
Lam300 Constraint00109,WHERE value &gt;= 0 AND value &lt;= 4;
Lam300 Constraint00110,WHERE value &gt;= 0 AND value &lt;= 26;
Lam300 Constraint00111,WHERE value = #A: OR value = #B: OR value = #C: OR value = #D: OR value = #E: OR value = #F: OR value = #G: OR value = #H: O
Lam300 Constraint00112,WHERE value &gt;= 0 AND value &lt;= 1825;
Lam300 Constraint00113,WHERE value = #File OR value = #Host;
Lam300 Constraint00114,WHERE value = 'Disabled' OR value = 'Enabled';
Lam300 Constraint00115,WHERE value &gt;= 1 AND value &lt;= 999;
Lam300 Constraint00116,WHERE value = #Disabled OR value = #Enable;
Lam300 Constraint00117,WHERE value = #Off OR value = #On;
Lam300 Constraint00118,WHERE value &gt;= 2 AND value &lt;= 4;
Lam300 Constraint00119,WHERE value &gt;= -1 AND value &lt;= 65535;
Lam300 Constraint00120,WHERE value = #AirLock1 OR value = #AirLock2 OR value = #AirLock3 OR value = #AirLock4;
Lam300 Constraint00121,WHERE value &gt;= 1 AND value &lt;= 26;
Lam300 Constraint00122,WHERE value &gt;= 1 AND value &lt;= 176;
Lam300 Constraint00123,WHERE value &gt;= -50.0 AND value &lt;= 50.0;
Lam300 Constraint00124,WHERE value = #Original OR value = #'0304';
Lam300 Constraint00125,WHERE value &gt;= 1 AND value &lt;= 255;
Lam300 Constraint00126,WHERE value &gt;= 0 AND value &lt;= 120;
Lam300 Constraint00127,WHERE value = #'200mm' OR value = #'300mm' OR value = #'450mm';
Lam300 Constraint00128,WHERE value &gt;= 0.0 AND value &lt;= 200.0;
Lam300 Constraint00129,WHERE value &gt;= 0.0 AND value &lt;= 500.0;
Lam300 Constraint00130,WHERE value &gt;= 20 AND value &lt;= 1000;
Lam300 Constraint00131,WHERE value &gt;= 100.0 AND value &lt;= 500.0;
Lam300 Constraint00132,WHERE value = 'Not Initialized' OR value = 'Initializing' OR value = 'Idle' OR value = 'Working' OR value = 'Error';
Lam300 Constraint00133,WHERE value &gt;= 0.0 AND value &lt;= 100000.0;
Lam300 Constraint00134,WHERE value &gt;= 0 AND value &lt;= 60000;
Lam300 Constraint00135,WHERE value &gt;= 1 AND value &lt;= 86400;
Lam300 Constraint00136,WHERE value = #Fault OR value = #Homed OR value = #WaitingForHoming;
Lam300 Constraint00137,WHERE value &gt;= 0.1 AND value &lt;= 100.0;
Lam300 Constraint00138,WHERE value = #Unknown OR value = #'3BrownVespelPadsToSlowPickHotWafer';
Lam300 Constraint00139,WHERE value = #CoverWaferStation;
Lam300 Constraint00140,WHERE value = #Available OR value = #NotAvailable OR value = #BeforeAL OR value = #AfterAL;
Lam300 Constraint00141,WHERE value &gt;= 0.0 AND value &lt;= 86400.0;
Lam300 Constraint00142,WHERE value &gt;= 0.0 AND value &lt;= 3.1536e7;
Lam300 Constraint00143,WHERE value = #PostWarning OR value = #PostError OR value = #Nothing;
Lam300 Constraint00144,WHERE value = #PM1 OR value = #PM2 OR value = #PM3 OR value = #PM4 OR value = #PM5 OR value = #PM6 OR value = #PM7 OR value =
Lam300 Constraint00145,WHERE value = #'Bare Si (new)' OR value = #'Bare Si (old)' OR value = #PR OR value = #Oxide OR value = #Special O
Lam300 Constraint00146,WHERE value &gt;= 1 AND value &lt;= 4294967295;
Lam300 Constraint00147,WHERE value &gt;= 1 AND value &lt;= 3;
Lam300 Constraint00148,WHERE value &gt; 0;
Lam300 Constraint00149,WHERE value &gt;= 0 AND value &lt;= 63;
Lam300 Constraint00150,WHERE value &gt;= 13 AND value &lt;= 14;
Lam300 Constraint00151,WHERE value &gt;= 1 AND value &lt;= 5;
Lam300 Constraint00152,WHERE value &gt;= 0 AND value &lt;= 11;
Lam300 Constraint00153,WHERE value &gt;= 1 AND value &lt;= 65;
Lam300 Constraint00154,WHERE value &gt;= 0 AND value &lt;= 255;
Lam300 Constraint00155,WHERE value = #connected OR value = #disconnected OR value = #disabled;
Lam300 Constraint00156,WHERE value &gt;= 1 AND value &lt;= 65535;
Lam300 Constraint00157,WHERE value = #s6f11 OR value = 's6f11' OR value = #s67f5 OR value = 's67f5';
Lam300 Constraint00158,WHERE value = #enabled OR value = 'enabled' OR value = #disabled OR value = 'disabled';
Lam300 Constraint00159,WHERE value = #passive OR value = #active OR value = #alternating OR value = 'passive' OR value = 'active' OR value =
Lam300 Constraint00160,WHERE value = #notConnected OR value = #notSelected OR value = #selected;
Lam300 Constraint00161,WHERE value = #passive OR value = #active OR value = 'passive' OR value = 'active';
Lam300 Constraint00162,WHERE value &gt;= 0 AND value &lt;= 32767;
Lam300 Constraint00163,WHERE value = #deselect OR value = 'deselect' OR value = #separate OR value = 'separate';
Lam300 Constraint00164,WHERE value &gt;= 1 AND value &lt;= 300;
Lam300 Constraint00165,WHERE value &gt;= 1 AND value &lt;= 120;
Lam300 Constraint00166,WHERE value &gt;= 1 AND value &lt;= 240;
Lam300 Constraint00167,WHERE value = #SEMIComply OR value = 'SEMIComply' OR value = #AllowMoreThan40Chars OR value = 'AllowMoreThan40Chars' O
Lam300 Constraint00168,WHERE value = #None OR value = 'None' OR value = #ExcludePMOnPJCreate OR value = 'ExcludePMOnPJCreate';
Lam300 Constraint00169,WHERE value &gt;= 2 AND value &lt;= 1420;
Lam300 Constraint00170,WHERE value &gt;= 90000 AND value &lt;= 99999999;
Lam300 Constraint00171,WHERE value = #DoNothing OR value = 'DoNothing' OR value = #PostAlarm OR value = 'PostAlarm' OR value = #PopUpWindow O
Lam300 Constraint00172,WHERE value = #equipmentOffLine OR value = 'equipmentOffLine' OR value = #hostOffLine OR value = 'hostOffLine';
Lam300 Constraint00173,WHERE value = #local OR value = 'local' OR value = #remote OR value = 'remote';
Lam300 Constraint00174,WHERE value = #fullPath OR value = 'fullPath' OR value = #noDrive OR value = 'noDrive';
Lam300 Constraint00175,WHERE value = #rs232 OR value = #hsms;
Lam300 Constraint00176,WHERE value = #equipmentOffLine OR value = #attemptOnLineAtStartup OR value = #hostOffLine OR value = #onLine O
Lam300 Constraint00177,WHERE value &gt;= 7 AND value &lt;= 536870911;
Lam300 Constraint00178,WHERE value &gt;= 0 AND value &lt;= 589823;
Lam300 Constraint00179,WHERE value &gt;= 90000 AND value &lt;= 9999999999;
Lam300 Constraint00180,WHERE value = #JobOnly OR value = 'JobOnly' OR value = #JobAndWafer OR value = 'JobAndWafer';
Lam300 Constraint00181,WHERE value = #array OR value = 'array' OR value = #list OR value = 'list' OR value = #s6f11PSD OR value = 's6f11PSD' O
Lam300 Constraint00182,WHERE value &gt;= 0 AND value &lt;= 999999;
Lam300 Constraint00183,WHERE value = #pm OR value = 'pm' OR value = #wafer OR value = 'wafer' OR value = #step OR value = 'step' OR value = #carrie
Lam300 Constraint00184,WHERE value &gt;= 0 AND value &lt;= 60;
Lam300 Constraint00185,WHERE value = #DisplayedData OR value = 'DisplayedData' OR value = #AdditionalData OR value = 'AdditionalData';
Lam300 Constraint00186,WHERE value = #Original OR value = 'Original' OR value = #E870304 OR value = 'E870304';
Lam300 Constraint00187,WHERE value = #WithNoTimeStamp OR value = 'WithNoTimeStamp' OR value = #WithTimeStamp OR value = 'WithTimeStamp';
Lam300 Constraint00188,WHERE value = #Original OR value = 'Original' OR value = #ProcessAndAbortFlows OR value = 'ProcessAndAbortFlows' O
Lam300 Constraint00189,WHERE value = #Standard OR value = 'Standard' OR value = #DoNotSaveIfNoChange OR value = 'DoNotSaveIfNoChange' O
Lam300 Constraint00190,WHERE value = #VerifyAll OR value = 'VerifyAll' OR value = #SkipGas OR value = 'SkipGas';
Lam300 Constraint00191,WHERE value = #standard OR value = 'standard' OR value = #expanded OR value = 'expanded' OR value = #standardAll O
Lam300 Constraint00192,WHERE value = #Ascii OR value = 'Ascii' OR value = #Binary OR value = 'Binary';
Lam300 Constraint00193,WHERE value = #Original OR value = 'Original' OR value = #IncludeLearnFile OR value = 'IncludeLearnFile' OR value =
Lam300 Constraint00194,WHERE value = #Original OR value = 'Original' OR value = #Appended OR value = 'Appended';
Lam300 Constraint00195,WHERE value = #None OR value = 'None' OR value = #S6F73 OR value = 'S6F73' OR value = #S6F75 OR value = 'S6F75' OR value =
Lam300 Constraint00196,WHERE value = #SimpleValue OR value = 'SimpleValue' OR value = #FullRapStep OR value = 'FullRapStep';
Lam300 Constraint00197,WHERE value &gt;= 0 AND value &lt;= 3500;
Lam300 Constraint00198,WHERE value = #Default OR value = #TimeoutOrInAirLock;
Lam300 Constraint00199,WHERE value = #Gas1 OR value = #Gas2 OR value = #Gas3 OR value = #Gas4 OR value = #Gas5 OR value = #Gas6 OR value = #Gas7 O
Lam300 Constraint00200,WHERE value &gt;= 0.0 AND value &lt;= 900.0;
Lam300 Constraint00201,WHERE value = #BiasRFTotalRFOnInHours OR value = #TCPRFTotalRFOnInHours OR value = #TotalAnyRFOnTime OR value = #TotalWaferCoun
Lam300 Constraint00202,WHERE value &gt;= 0.0 AND value &lt;= 525600.0;
Lam300 Constraint00203,WHERE value &gt;= 0.0 AND value &lt;= 1000.0;
Lam300 Constraint00204,WHERE value &gt;= 0 AND value &lt;= 3;
Lam300 Constraint00205,WHERE value &gt;= 90.0 AND value &lt;= 100.0;
Lam300 Constraint00206,WHERE value &gt;= 0 AND value &lt;= 10;
Lam300 Constraint00207,WHERE value = #Alarm OR value = #Warning OR value = #NoWarning;
Lam300 Constraint00208,WHERE value &gt;= 0.0 AND value &lt;= 5.36871e8;
Lam300 Constraint00209,WHERE value &gt;= 0.0 AND value &lt;= 60.0;
Lam300 Constraint00210,WHERE value &gt;= 5.0e-2 AND value &lt;= 0.5;
Lam300 Constraint00211,WHERE value = #NoRamp OR value = #Linear OR value = #Hyperbolic OR value = #Polynomial OR value = #Step;
Lam300 Constraint00212,WHERE value &gt;= 0 AND value &lt;= 20;
Lam300 Constraint00213,WHERE value = #Time OR value = #Stab OR value = #End OR value = #OverEtch OR value = #EndPT OR value = #Chuck OR value =
Lam300 Constraint00214,WHERE value = 'Phase1' OR value = 'Phase2';
Lam300 Constraint00215,WHERE value &gt;= 0.0 AND value &lt;= 10000.0;
Lam300 Constraint00216,WHERE value &gt;= 0.0 AND value &lt;= 2995;
Lam300 Constraint00217,WHERE value &gt;= 0.0 AND value &lt;= 1100.0;
Lam300 Constraint00218,WHERE value &gt;= -8.0 AND value &lt;= 8.0;
Lam300 Constraint00219,WHERE value &gt;= 0.0 AND value &lt;= 5.0;
Lam300 Constraint00220,WHERE value &gt;= 0 AND value &lt;= 2995;
Lam300 Constraint00221,WHERE value &gt;= 0.0 AND value &lt;= 440.0;
Lam300 Constraint00222,WHERE value &gt;= 1 AND value &lt;= 3000;
Lam300 Constraint00223,WHERE value &gt;= 1 AND value &lt;= 7;
Lam300 Constraint00224,WHERE value &gt;= -1 AND value &lt;= 7;
Lam300 Constraint00225,WHERE value &gt;= 200 AND value &lt;= 100000;
Lam300 Constraint00226,WHERE value &gt;= -1 AND value &lt;= 100000;
Lam300 Constraint00227,WHERE value &gt;= 100 AND value &lt;= 1000;
Lam300 Constraint00228,WHERE value &gt;= 8 AND value &lt;= 4096;
Lam300 Constraint00229,WHERE value &gt;= -1 AND value &lt;= 4096;
Lam300 Constraint00230,WHERE value &gt;= 150 AND value &lt;= 3000;
Lam300 Constraint00231,WHERE value &gt;= 0 AND value &lt;= 150;
Lam300 Constraint00232,WHERE value &gt;= 360.0 AND value &lt;= 440.0;
Lam300 Constraint00233,WHERE value &gt;= 0 AND value &lt;= 440.0;
Lam300 Constraint00234,WHERE value &gt;= 50.0 AND value &lt;= 250.0;
Lam300 Constraint00235,WHERE value &gt;= 0.0 AND value &lt;= 1500;
Lam300 Constraint00236,WHERE value &gt;= 5 AND value &lt;= 30;
Lam300 Constraint00237,WHERE value &gt;= 0.95 AND value &lt;= 1.05;
Lam300 Constraint00238,WHERE value &gt;= -14.975 AND value &lt;= 14.975;
Lam300 Constraint00239,WHERE value &gt;= -5.5 AND value &lt;= 5.5;
Lam300 Constraint00240,WHERE value &gt;= 0.97 AND value &lt;= 1.03;
Lam300 Constraint00241,WHERE value &gt;= 0 AND value &lt;= 1100.0;
Lam300 Constraint00242,WHERE value &gt;= 0.0 AND value &lt;= 2000.0;
Lam300 Constraint00243,WHERE value &gt;= 0.0 AND value &lt;= 980;
Lam300 Constraint00244,WHERE value &gt;= 0.0 AND value &lt;= 1250.0;
Lam300 Constraint00245,WHERE value &gt;= -1100.0 AND value &lt;= 1100.0;
Lam300 Constraint00246,WHERE value = #Normal OR value = #Warning OR value = #Error;
Lam300 Constraint00247,WHERE value = #NotChucked OR value = #Chucking OR value = #Chucked OR value = #HeliumOnly OR value = #Dechucking O
Lam300 Constraint00248,WHERE value &gt;= 0.0 AND value &lt;= 800.0;
Lam300 Constraint00249,WHERE value = #Internal OR value = #Fixed OR value = #DCProbe;
Lam300 Constraint00250,WHERE value &gt;= 1.0 AND value &lt;= 30.0;
Lam300 Constraint00251,WHERE value = #Production OR value = #Condition OR value = #Reverse;
Lam300 Constraint00252,WHERE value = #Forward OR value = #Reverse;
Lam300 Constraint00253,WHERE value = #Abort OR value = #RetryPlasmaDechuck OR value = #RetryHeFlowTest;
Lam300 Constraint00254,WHERE value &gt;= 0.0 AND value &lt;= 5000.0;
Lam300 Constraint00255,WHERE value &gt;= -1.0 AND value &lt;= 5000.0;
Lam300 Constraint00256,WHERE value &gt;= -1.0 AND value &lt;= 120.0;
Lam300 Constraint00257,WHERE value &gt;= 0.0 AND value &lt;= 50.0;
Lam300 Constraint00258,WHERE value &gt;= 0.0 AND value &lt;= 120.0;
Lam300 Constraint00259,WHERE value &gt;= 500.0 AND value &lt;= 6000.0;
Lam300 Constraint00260,WHERE value = #Standard OR value = #Mode2 OR value = #Mode3;
Lam300 Constraint00261,WHERE value &gt;= -1.0 AND value &lt;= 5.0;
Lam300 Constraint00262,WHERE value &gt;= 3.0 AND value &lt;= 6.0;
Lam300 Constraint00263,WHERE value &gt;= 0.0 AND value &lt;= 300.0;
Lam300 Constraint00264,WHERE value &gt;= 1.0 AND value &lt;= 3.0;
Lam300 Constraint00265,WHERE value &gt;= 0.2 AND value &lt;= 6.0;
Lam300 Constraint00266,WHERE value &gt;= 3.0 AND value &lt;= 20.0;
Lam300 Constraint00267,WHERE value &gt;= 5.0 AND value &lt;= 15.0;
Lam300 Constraint00268,WHERE value &gt;= 3.0 AND value &lt;= 15.0;
Lam300 Constraint00269,WHERE value &gt;= 0.0 AND value &lt;= 15.0;
Lam300 Constraint00270,WHERE value &gt;= 6.0 AND value &lt;= 40.0;
Lam300 Constraint00271,WHERE value = #RPV_Off OR value = #RPV_and_RF_Off OR value = #DeChuckStepType;
Lam300 Constraint00272,WHERE value = #Warning OR value = #Error;
Lam300 Constraint00273,WHERE value &gt;= 20.0 AND value &lt;= 100.0;
Lam300 Constraint00274,WHERE value &gt;= 0.0 AND value &lt;= 6.0;
Lam300 Constraint00275,WHERE value &gt;= 1.0 AND value &lt;= 5.0;
Lam300 Constraint00276,WHERE value &gt;= 0.0 AND value &lt;= 2.0;
Lam300 Constraint00277,WHERE value &gt;= -10.0 AND value &lt;= 50.0;
Lam300 Constraint00278,WHERE value &gt;= 0.0 AND value &lt;= 40.0;
Lam300 Constraint00279,WHERE value &gt;= 0.0 AND value &lt;= 4.0;
Lam300 Constraint00280,WHERE value &gt;= 10.0 AND value &lt;= 100.0;
Lam300 Constraint00281,WHERE value &gt;= 2.0 AND value &lt;= 50.0;
Lam300 Constraint00282,WHERE value = #Purge OR value = #Pumpout;
Lam300 Constraint00283,WHERE value = #Abort OR value = #Continue;
Lam300 Constraint00284,WHERE value &gt;= 1 AND value &lt;= 4;
Lam300 Constraint00285,WHERE value &gt;= 10.0 AND value &lt;= 200.0;
Lam300 Constraint00286,WHERE value &gt;= 1.0 AND value &lt;= 10.0;
Lam300 Constraint00287,WHERE value &gt;= 1.0 AND value &lt;= 20.0;
Lam300 Constraint00288,WHERE value = #PinsUpDelayTime OR value = #OZ_HeFlow OR value = #IZ_HeFlow;
Lam300 Constraint00289,WHERE value = #Abort OR value = #Continue OR value = #WarningOnly OR value = #InfoOnly;
Lam300 Constraint00290,WHERE value &gt;= 10 AND value &lt;= 180;
Lam300 Constraint00291,WHERE value = #Continue OR value = #Stop OR value = #AbortWafer OR value = #AbortWaferflow;
Lam300 Constraint00292,WHERE value = #ValueChange OR value = #PercentChange OR value = #ValueSlope OR value = #PercentSlope OR value =
Lam300 Constraint00293,WHERE value = #Averaging OR value = #LastEtchRate OR value = #ProgressiveDetection;
Lam300 Constraint00294,WHERE value &gt;= -1.0e21 AND value &lt;= 1.0e21;
Lam300 Constraint00295,WHERE value = #Up OR value = #Down OR value = #Peak OR value = #Valley OR value = #Flat OR value = #DownToFlat OR value =
Lam300 Constraint00296,WHERE value &gt;= 200.0 AND value &lt;= 950.0;
Lam300 Constraint00297,WHERE value = #False OR value = #True;
Lam300 Constraint00298,WHERE value = #Null OR value = #FIR OR value = #IIR OR value = #Normalized OR value = #FIRNormalized OR value =
Lam300 Constraint00299,WHERE value &gt;= -10000.0 AND value &lt;= 10000.0;
Lam300 Constraint00300,WHERE value &gt;= -1.0e28 AND value &lt;= 1.0e28;
Lam300 Constraint00301,WHERE value = #False OR value = #True OR value = #True_FullSpectrum OR value = #True_UserDefined;
Lam300 Constraint00302,WHERE value &gt;= -12 AND value &lt;= 15;
Lam300 Constraint00303,WHERE value &gt;= -0.1 AND value &lt;= 0.1;
Lam300 Constraint00304,WHERE value = #OES OR value = #APECS OR value = #ForeignEndpoint;
Lam300 Constraint00305,WHERE value &gt;= 0.0 AND value &lt;= 1.0e8;
Lam300 Constraint00306,WHERE value = #Warning OR value = #Alarm;
Lam300 Constraint00307,WHERE value = #Off OR value = #On OR value = #Strobe;
Lam300 Constraint00308,WHERE value &gt;= 0 AND value &lt;= 10000000000;
Lam300 Constraint00309,WHERE value &gt;= 0.0 AND value &lt;= 180000.0;
Lam300 Constraint00310,WHERE value &gt;= 2.0 AND value &lt;= 30.0;
Lam300 Constraint00311,WHERE value &gt;= 0 AND value &lt;= 3000;
Lam300 Constraint00312,WHERE value &gt;= 0 AND value &lt;= 65000;
Lam300 Constraint00313,WHERE value &gt;= 0 AND value &lt;= 2000;
Lam300 Constraint00314,WHERE value &gt;= 1 AND value &lt;= 60;
Lam300 Constraint00315,WHERE value &gt;= -1.0 AND value &lt;= 1.0;
Lam300 Constraint00316,WHERE value = #'100' OR value = #'200' OR value = #'300' OR value = #'400' OR value = #'500' OR value = #'600' OR value = 
Lam300 Constraint00317,WHERE value = #None OR value = #Standard OR value = #OesPlus2CPU OR value = #OES2 OR value = #OES2_2CPU OR value =
Lam300 Constraint00318,WHERE value = #Rising OR value = #Falling;
Lam300 Constraint00319,WHERE value &gt;= -5.0 AND value &lt;= -0.2;
Lam300 Constraint00320,WHERE value &gt;= 400 AND value &lt;= 400;
Lam300 Constraint00321,WHERE value = #V8Gas;
Lam300 Constraint00322,WHERE value &gt;= 0 AND value &lt;= 500.0;
Lam300 Constraint00323,WHERE value = #Gas1 OR value = #Gas10 OR value = #Gas11 OR value = #Gas12 OR value = #Gas13 OR value = #Gas14 OR value =
Lam300 Constraint00324,WHERE value &gt;= 50 AND value &lt;= 1000;
Lam300 Constraint00325,WHERE value &gt;= 20 AND value &lt;= 500.0;
Lam300 Constraint00326,WHERE value &gt;= 1 AND value &lt;= 100;
Lam300 Constraint00327,WHERE value = #None OR value = #DSO OR value = #CDSOWithSingleDGF OR value = #CDSOWithDualDGF;
Lam300 Constraint00328,WHERE value = #Interpolation OR value = #QuadraticFit;
Lam300 Constraint00329,WHERE value = #MNFLD1 OR value = #MNFLD2;
Lam300 Constraint00330,WHERE value &gt;= 0 AND value &lt;= 100000;
Lam300 Constraint00331,WHERE value &gt;= 2 AND value &lt;= 1000;
Lam300 Constraint00332,WHERE value &gt;= 1 AND value &lt;= 10000;
Lam300 Constraint00333,WHERE value &gt;= 0.0 AND value &lt;= 90.0;
Lam300 Constraint00334,WHERE value &gt;= -10.0 AND value &lt;= 0.0;
Lam300 Constraint00335,WHERE value &gt;= 0 AND value &lt;= 90;
Lam300 Constraint00336,WHERE value &gt;= -1000.0 AND value &lt;= 1000.0;
Lam300 Constraint00337,WHERE value &gt;= 0 AND value &lt;= 500;
Lam300 Constraint00338,WHERE value &gt;= 0.0 AND value &lt;= 450.0;
Lam300 Constraint00339,WHERE value &gt;= 4 AND value &lt;= 9999;
Lam300 Constraint00340,WHERE value = #psi OR value = #kPa;
Lam300 Constraint00341,WHERE value &gt;= 2 AND value &lt;= 200;
Lam300 Constraint00342,WHERE value &gt;= 100.0 AND value &lt;= 1000.0;
Lam300 Constraint00343,WHERE value &gt;= -5.0 AND value &lt;= 0.0;
Lam300 Constraint00344,WHERE value = #Zero OR value = #Check OR value = #'Check and Zero';
Lam300 Constraint00345,WHERE value &gt;= 0 AND value &lt;= 4000;
Lam300 Constraint00346,WHERE value = #Vacuum OR value = #Pressure;
Lam300 Constraint00347,WHERE value &gt;= 0 AND value &lt;= 99999999;
Lam300 Constraint00348,WHERE value &gt;= 50 AND value &lt;= 500;
Lam300 Constraint00349,WHERE value &gt;= 0 AND value &lt;= 360;
Lam300 Constraint00350,WHERE value &gt;= 50000 AND value &lt;= 120000;
Lam300 Constraint00351,WHERE value &gt;= -0.5 AND value &lt;= 0.5;
Lam300 Constraint00352,WHERE value &gt;= -500.0 AND value &lt;= 500.0;
Lam300 Constraint00353,WHERE value &gt;= 0.0 AND value &lt;= 9999.9;
Lam300 Constraint00354,WHERE value &gt;= -100.0 AND value &lt;= 100.0;
Lam300 Constraint00355,WHERE value &gt;= -0.25 AND value &lt;= 0.25;
Lam300 Constraint00356,WHERE value &gt;= 0.0 AND value &lt;= 15000.0;
Lam300 Constraint00357,WHERE value = #Normal OR value = #Warning OR value = #Error OR value = #Unknown;
Lam300 Constraint00358,WHERE value = #analog OR value = #digital;
Lam300 Constraint00359,WHERE value &gt;= 1 AND value &lt;= 30;
Lam300 Constraint00360,WHERE value &gt;= 0 AND value &lt;= 1800;
Lam300 Constraint00361,WHERE value &gt;= -20.0 AND value &lt;= 240.0;
Lam300 Constraint00362,WHERE value &gt;= 0.0 AND value &lt;= 250.0;
Lam300 Constraint00363,WHERE value &gt;= 0 AND value &lt;= 50.0;
Lam300 Constraint00364,WHERE value &gt;= -2.5 AND value &lt;= 2.5;
Lam300 Constraint00365,WHERE value &gt;= -5.0 AND value &lt;= 5.0;
Lam300 Constraint00366,WHERE value &gt;= 0 AND value &lt;= 1000.0;
Lam300 Constraint00367,WHERE value &gt;= -9.0 AND value &lt;= 9.0;
Lam300 Constraint00368,WHERE value &gt;= -1800.0 AND value &lt;= 1800.0;
Lam300 Constraint00369,WHERE value &gt;= 0 AND value &lt;= 1800.0;
Lam300 Constraint00370,WHERE value &gt;= -2.0 AND value &lt;= 2.0;
Lam300 Constraint00371,WHERE value &gt;= -400.0 AND value &lt;= 400.0;
Lam300 Constraint00372,WHERE value &gt;= 0 AND value &lt;= 400.0;
Lam300 Constraint00373,WHERE value &gt;= -2000.0 AND value &lt;= 2000.0;
Lam300 Constraint00374,WHERE value &gt;= 0 AND value &lt;= 2000.0;
Lam300 Constraint00375,WHERE value &gt;= 0 AND value &lt;= 100.0;
Lam300 Constraint00376,WHERE value &gt;= -1.05 AND value &lt;= 1.05;
Lam300 Constraint00377,WHERE value &gt;= -210.0 AND value &lt;= 210.0;
Lam300 Constraint00378,WHERE value &gt;= 0 AND value &lt;= 210.0;
Lam300 Constraint00379,WHERE value &gt;= -3.0 AND value &lt;= 3.0;
Lam300 Constraint00380,WHERE value &gt;= -600.0 AND value &lt;= 600.0;
Lam300 Constraint00381,WHERE value &gt;= 0 AND value &lt;= 600.0;
Lam300 Constraint00382,WHERE value &gt;= 2 AND value &lt;= 10;
Lam300 Constraint00383,WHERE value &gt;= -1 AND value &lt;= 10;
Lam300 Constraint00384,WHERE value &gt;= -1 AND value &lt;= 1000;
Lam300 Constraint00385,WHERE value &gt;= 300 AND value &lt;= 300;
Lam300 Constraint00386,WHERE value &gt;= 20 AND value &lt;= 20;
Lam300 Constraint00387,WHERE value &gt;= 0 AND value &lt;= 30;
Lam300 Constraint00388,WHERE value &gt;= 0 AND value &lt;= 1200;
Lam300 Constraint00389,WHERE value &gt;= 0 AND value &lt;= 50000;
Lam300 Constraint00390,WHERE value &gt;= 0 AND value &lt;= 199;
Lam300 Constraint00391,WHERE value = #'55' OR value = #'65' OR value = #'75' OR value = #'85';
Lam300 Constraint00392,WHERE value = #Dep OR value = #Etch OR value = #Both OR value = #None;
Lam300 Constraint00393,WHERE value = #analog;
Lam300 Constraint00394,WHERE value = '' OR value = 'Side1' OR value = 'Side2';
Lam300 Constraint00395,WHERE value = #Idle OR value = #PrepareStart OR value = #Active OR value = #FailedStart OR value = #TransferError O
Lam300 Constraint00396,WHERE value &gt;= -5.36871e8 AND value &lt;= 5.36871e8;
Lam300 Constraint00397,WHERE value &gt;= 100.0 AND value &lt;= 5.36871e8;
Lam300 Constraint00398,WHERE value = #Continue OR value = #Abort;
Lam300 Constraint00399,WHERE value &gt;= 1.0e6 AND value &lt;= 3.0e7;
Lam300 Constraint00400,WHERE value &gt;= -100.0 AND value &lt;= 0.0;
Lam300 Constraint00401,WHERE value &gt;= 2.0 AND value &lt;= 2.0;
Lam300 Constraint00402,WHERE value &gt;= -20.0 AND value &lt;= 20.0;
Lam300 Constraint00403,WHERE value &gt;= -10 AND value &lt;= 536870911;
Lam300 Constraint00404,WHERE value &gt;= 0.0 AND value &lt;= 1.0e38;
Lam300 Constraint00405,WHERE value = #NULL OR value = #FIR OR value = #IIR OR value = #FIRNormalized OR value = #IIRNormalized OR value = #Normalize
Lam300 Constraint00406,WHERE value &gt;= -300 AND value &lt;= 800;
Lam300 Constraint00407,WHERE value &gt;= 0 AND value &lt;= 800;
Lam300 Constraint00408,WHERE value = #PerSetup OR value = #Rev_0 OR value = #Rev_1;
Lam300 Constraint00409,WHERE value = #mean OR value = #max;
Lam300 Constraint00410,WHERE value &gt;= 0 AND value &lt;= 5800;
Lam300 Constraint00411,WHERE value &gt;= 0.0 AND value &lt;= 5800;
Lam300 Constraint00412,WHERE value &gt;= 5296 AND value &lt;= 92282;
Lam300 Constraint00413,WHERE value &gt;= 0.1 AND value &lt;= 50.0;
Lam300 Constraint00414,WHERE value &gt;= 10 AND value &lt;= 30000;
Lam300 Constraint00415,WHERE value &gt;= 0 AND value &lt;= 0;
Lam300 Constraint00416,WHERE value &gt;= 12882 AND value &lt;= 14238;
Lam300 Constraint00417,WHERE value &gt;= 0 AND value &lt;= 14238;
Lam300 Constraint00418,WHERE value &gt;= 0.0 AND value &lt;= 3000.0;
Lam300 Constraint00419,WHERE value &gt;= 1.0 AND value &lt;= 2000.0;
Lam300 Constraint00420,WHERE value &gt;= 1 AND value &lt;= 1100;
Lam300 Constraint00421,WHERE value &gt;= 100 AND value &lt;= 65535;
Lam300 Constraint00422,WHERE value &gt;= 14238 AND value &lt;= 14238;
Lam300 Constraint00423,WHERE value &gt;= -1000 AND value &lt;= 60;
Lam300 Constraint00424,WHERE value &gt;= 12882 AND value &lt;= 12882;
Lam300 Constraint00425,WHERE value &gt;= -29.0 AND value &lt;= 29.0;
Lam300 Constraint00426,WHERE value &gt;= 49 AND value &lt;= 500;
Lam300 Constraint00427,WHERE value &gt;= 4500.0 AND value &lt;= 5500.0;
Lam300 Constraint00428,WHERE value &gt;= 0.0 AND value &lt;= 1450.0;
Lam300 Constraint00429,WHERE value &gt;= 0 AND value &lt;= 15;
Lam300 Constraint00430,WHERE value &gt;= -270.0 AND value &lt;= -90.0;
Lam300 Constraint00431,WHERE value &gt;= -80.0 AND value &lt;= 80.0;
Lam300 Constraint00432,WHERE value &gt;= 0 AND value &lt;= 12;
Lam300 Constraint00433,WHERE value &gt;= 60.0 AND value &lt;= 60.0;
Lam300 Constraint00434,WHERE value &gt;= -10000 AND value &lt;= 10000;
Lam300 Constraint00435,WHERE value &gt;= 1.0e-2 AND value &lt;= 1.0;
Lam300 Constraint00436,WHERE value &gt;= 0.1 AND value &lt;= 1.5;
Lam300 Constraint00437,WHERE value &gt;= 0.0 AND value &lt;= 4704.0;
Lam300 Constraint00438,WHERE value &gt;= -1000 AND value &lt;= 1000;
Lam300 Constraint00439,WHERE value &gt;= 0.0 AND value &lt;= 990;
Lam300 Constraint00440,WHERE value &gt;= 700 AND value &lt;= 1000;
Lam300 Constraint00441,WHERE value &gt;= 0.0 AND value &lt;= 1000;
Lam300 Constraint00442,WHERE value &gt;= -200 AND value &lt;= 200;
Lam300 Constraint00443,WHERE value &gt;= -3000.0 AND value &lt;= 3000.0;
Lam300 Constraint00444,WHERE value &gt;= -1 AND value &lt;= 50000;
Lam300 Constraint00445,WHERE value &gt;= -1 AND value &lt;= 30000;
Lam300 Constraint00446,WHERE value &gt;= 3000.0 AND value &lt;= 3000.0;
Lam300 Constraint00447,WHERE value &gt;= 3 AND value &lt;= 20;
Lam300 Constraint00448,WHERE value &gt;= -1 AND value &lt;= 500;
Lam300 Constraint00449,WHERE value = #Alarm OR value = #Warning;
Lam300 Constraint00450,WHERE value &gt;= 3.0 AND value &lt;= 5.0;
Lam300 Constraint00451,WHERE value &gt;= -40.0 AND value &lt;= 40.0;
Lam300 Constraint00452,WHERE value &gt;= 0.0 AND value &lt;= 75.0;
Lam300 Constraint00453,WHERE value &gt;= -10.0 AND value &lt;= 40.0;
Lam300 Constraint00454,WHERE value &gt;= 0.0 AND value &lt;= 200;
Lam300 Constraint00455,WHERE value &gt;= 0 AND value &lt;= 130;
Lam300 Constraint00456,WHERE value &gt;= 0.0 AND value &lt;= 160.0;
Lam300 Constraint00457,WHERE value &gt;= 10 AND value &lt;= 30;
Lam300 Constraint00458,WHERE value &gt;= 2 AND value &lt;= 30;
Lam300 Constraint00459,WHERE value &gt;= 70 AND value &lt;= 120;
Lam300 Constraint00460,WHERE value &gt;= 5 AND value &lt;= 10;
Lam300 Constraint00461,WHERE value &gt;= 45 AND value &lt;= 60;
Lam300 Constraint00462,WHERE value &gt;= 40 AND value &lt;= 55;
Lam300 Constraint00463,WHERE value = #None OR value = #Precondition;
Lam300 Constraint00464,WHERE value &gt;= -20 AND value &lt;= 20;
Lam300 Constraint00465,WHERE value &gt;= 0.0 AND value &lt;= 500;
Lam300 Constraint00466,WHERE value &gt;= 20 AND value &lt;= 80;
Lam300 Constraint00467,WHERE value &gt;= 0.0 AND value &lt;= 150.0;
Lam300 Constraint00468,WHERE value = #down OR value = #up;
Lam300 Constraint00469,WHERE value = #up OR value = #down;
Lam300 Constraint00470,WHERE value = #Gas1 OR value = #Gas2 OR value = #Gas3 OR value = #Gas4 OR value = #Gas5 OR value = #Gas6 OR value = #Gas7 O
Lam300 Constraint00471,WHERE value = #RF27MHzTotalRFOnInHours OR value = #RF2MHzTotalRFOnInHours OR value = #RF60MHzTotalRFOnInHours O
Lam300 Constraint00472,WHERE value = #Time OR value = #Stab OR value = #End OR value = #OverEtch OR value = #EndPT OR value = #Chuck OR value =
Lam300 Constraint00473,WHERE value &gt;= 0.0 AND value &lt;= 25.0;
Lam300 Constraint00474,WHERE value = #DCProbe OR value = #Fixed OR value = #FixedSetup;
Lam300 Constraint00475,WHERE value &gt;= 0.75 AND value &lt;= 1.25;
Lam300 Constraint00476,WHERE value &gt;= -1800.0 AND value &lt;= 1000.0;
Lam300 Constraint00477,WHERE value &gt;= 0.0 AND value &lt;= 12.0;
Lam300 Constraint00478,WHERE value &gt;= -2000.0 AND value &lt;= 500.0;
Lam300 Constraint00479,WHERE value &gt;= 20.0 AND value &lt;= 500.0;
Lam300 Constraint00480,WHERE value = #BKM OR value = #User;
Lam300 Constraint00481,WHERE value &gt;= 5.0 AND value &lt;= 100.0;
Lam300 Constraint00482,WHERE value &gt;= 0.0 AND value &lt;= 2000;
Lam300 Constraint00483,WHERE value &gt;= -1.0 AND value &lt;= 2000;
Lam300 Constraint00484,WHERE value &gt;= -1.0 AND value &lt;= 30.0;
Lam300 Constraint00485,WHERE value &gt;= 0.5 AND value &lt;= 20.0;
Lam300 Constraint00486,WHERE value = #Standard;
Lam300 Constraint00487,WHERE value &gt;= 0 AND value &lt;= 30.0;
Lam300 Constraint00488,WHERE value = #NotValid;
Lam300 Constraint00489,WHERE value = #OZ_HeFlow OR value = #MidLift;
Lam300 Constraint00490,WHERE value &gt;= 2.0 AND value &lt;= 20.0;
Lam300 Constraint00491,WHERE value &gt;= 2.0 AND value &lt;= 15.0;
Lam300 Constraint00492,WHERE value = #Disable OR value = #Enable OR value = #AlwaysEnable;
Lam300 Constraint00493,WHERE value = #Fixed OR value = #DCProbe;
Lam300 Constraint00494,WHERE value = #Positive OR value = #Negative OR value = #Pos_Neg OR value = #Neg_Pos OR value = #PosRampHammer O
Lam300 Constraint00495,WHERE value &gt;= 600.0 AND value &lt;= 7000.0;
Lam300 Constraint00496,WHERE value &gt;= 0.0 AND value &lt;= 7000.0;
Lam300 Constraint00497,WHERE value &gt;= 6500 AND value &lt;= 6500;
Lam300 Constraint00498,WHERE value &gt;= 150.0 AND value &lt;= 1000.0;
Lam300 Constraint00499,WHERE value &gt;= -5.0 AND value &lt;= -0.5;
Lam300 Constraint00500,WHERE value &gt;= -273 AND value &lt;= 536870911;
Lam300 Constraint00501,WHERE value &gt;= 1 AND value &lt;= 2000;
Lam300 Constraint00502,WHERE value &gt;= 60 AND value &lt;= 1200;
Lam300 Constraint00503,WHERE value &gt;= 2 AND value &lt;= 5;
Lam300 Constraint00504,WHERE value &gt;= 10 AND value &lt;= 200;
Lam300 Constraint00505,WHERE value &gt;= 425 AND value &lt;= 1000;
Lam300 Constraint00506,WHERE value &gt;= 1 AND value &lt;= 1800;
Lam300 Constraint00507,WHERE value = #Gas1 OR value = #Gas10 OR value = #Gas11 OR value = #Gas12 OR value = #Gas13 OR value = #Gas14 OR value =
Lam300 Constraint00508,WHERE value &gt;= 50 AND value &lt;= 2000;
Lam300 Constraint00509,WHERE value &gt;= 1 AND value &lt;= 500000;
Lam300 Constraint00510,WHERE value &gt;= 50 AND value &lt;= 10000;
Lam300 Constraint00511,WHERE value &gt;= 50000 AND value &lt;= 105000;
Lam300 Constraint00512,WHERE value &gt;= 10 AND value &lt;= 10000;
Lam300 Constraint00513,WHERE value &gt;= -200.0 AND value &lt;= 200.0;
Lam300 Constraint00514,WHERE value &gt;= 0.0 AND value &lt;= 36.0;
Lam300 Constraint00515,WHERE value &gt;= 1.0e-4 AND value &lt;= 2.0e-3;
Lam300 Constraint00516,WHERE value = #Center OR value = #Edge OR value = #None;
Lam300 Constraint00517,WHERE value &gt;= -5.0e-2 AND value &lt;= 5.0e-2;
Lam300 Constraint00518,WHERE value &gt;= 0.93 AND value &lt;= 1.07;
Lam300 Constraint00519,WHERE value &gt;= -15.0 AND value &lt;= 15.0;
Lam300 Constraint00520,WHERE value &gt;= -1.5 AND value &lt;= 1.5;
Lam300 Constraint00521,WHERE value &gt;= 0.8 AND value &lt;= 1.2;
Lam300 Constraint00522,WHERE value &gt;= 10 AND value &lt;= 120;
Lam300 Constraint00523,WHERE value &gt;= 25760 AND value &lt;= 28476;
Lam300 Constraint00524,WHERE value &gt;= 0 AND value &lt;= 30000;
Lam300 Constraint00525,WHERE value &gt;= 100 AND value &lt;= 10000;
Lam300 Constraint00526,WHERE value &gt;= 0 AND value &lt;= 28476;
Lam300 Constraint00527,WHERE value &gt;= 0.2 AND value &lt;= 0.5;
Lam300 Constraint00528,WHERE value &gt;= 0.0 AND value &lt;= 0.5;
Lam300 Constraint00529,WHERE value &gt;= 0 AND value &lt;= 2800;
Lam300 Constraint00530,WHERE value &gt;= 28476 AND value &lt;= 28476;
Lam300 Constraint00531,WHERE value &gt;= 3000 AND value &lt;= 3000;
Lam300 Constraint00532,WHERE value &gt;= 25760 AND value &lt;= 25760;
Lam300 Constraint00533,WHERE value &gt;= 0 AND value &lt;= 2940;
Lam300 Constraint00534,WHERE value &gt;= 4096 AND value &lt;= 11296;
Lam300 Constraint00535,WHERE value &gt;= 2 AND value &lt;= 24;
Lam300 Constraint00536,WHERE value &gt;= 1800 AND value &lt;= 2170;
Lam300 Constraint00537,WHERE value &gt;= 0 AND value &lt;= 2170;
Lam300 Constraint00538,WHERE value &gt;= 0 AND value &lt;= 4500;
Lam300 Constraint00539,WHERE value &gt;= 2170 AND value &lt;= 2170;
Lam300 Constraint00540,WHERE value &gt;= 5000 AND value &lt;= 5000;
Lam300 Constraint00541,WHERE value &gt;= 1800 AND value &lt;= 1800;
Lam300 Constraint00542,WHERE value &gt;= 0 AND value &lt;= 2500;
Lam300 Constraint00543,WHERE value &gt;= 57000 AND value &lt;= 63000;
Lam300 Constraint00544,WHERE value &gt;= 0 AND value &lt;= 63000;
Lam300 Constraint00545,WHERE value &gt;= 0 AND value &lt;= 1400;
Lam300 Constraint00546,WHERE value &gt;= 63000 AND value &lt;= 63000;
Lam300 Constraint00547,WHERE value &gt;= 2500 AND value &lt;= 2500;
Lam300 Constraint00548,WHERE value &gt;= 57000 AND value &lt;= 57000;
Lam300 Constraint00549,WHERE value &gt;= 50 AND value &lt;= 600;
Lam300 Constraint00550,WHERE value &gt;= -100 AND value &lt;= 60.0;
Lam300 Constraint00551,WHERE value &gt;= -20.0 AND value &lt;= 60.0;
Lam300 Constraint00552,WHERE value &gt;= -20.0 AND value &lt;= 100.0;
Lam300 Constraint00553,WHERE value &gt;= -40.0 AND value &lt;= 80.0;
Lam300 Constraint00554,WHERE value &gt;= 12.0 AND value &lt;= 40.0;
Lam300 Constraint00555,WHERE value &gt;= -100.0 AND value &lt;= 10.0;
Lam300 Constraint00556,WHERE value &gt;= 0.0 AND value &lt;= 50000.0;
Lam300 Constraint00557,WHERE value &gt;= 0 AND value &lt;= 190;
Lam300 Constraint00558,WHERE value = #middle OR value = #down OR value = #up;
Lam300 Constraint00559,WHERE value = #Gas1 OR value = #Gas2 OR value = #Gas3 OR value = #Gas4 OR value = #Gas5 OR value = #Gas6 OR value = #Gas7 O
Lam300 Constraint00560,WHERE value = #Time OR value = #Stab OR value = #End OR value = #OverEtch OR value = #EndPT OR value = #Chuck OR value = #DeChuc
Lam300 Constraint00561,WHERE value &gt;= 0.0 AND value &lt;= 1465;
Lam300 Constraint00562,WHERE value = #V8Gas OR value = #Gas1 OR value = #Gas2 OR value = #Gas3 OR value = #Gas4 OR value = #Gas5 OR value = #Gas6 O
Lam300 Constraint00563,WHERE value &gt;= 0 AND value &lt;= 1465;
Lam300 Constraint00564,WHERE value &gt;= -7.325 AND value &lt;= 7.325;
Lam300 Constraint00565,WHERE value &gt;= -4.0 AND value &lt;= 4.0;
Lam300 Constraint00566,WHERE value &gt;= 5 AND value &lt;= 200;
Lam300 Constraint00567,WHERE value &gt;= 1.5 AND value &lt;= 100.0;
Lam300 Constraint00568,WHERE value &gt;= 0 AND value &lt;= 800.0;
Lam300 Constraint00569,WHERE value = #Default OR value = #Disabled OR value = #Enabled;
Lam300 Constraint00570,WHERE value &gt;= 30.0 AND value &lt;= 80.0;
Lam300 Constraint00571,WHERE value = #Forward OR value = #Reverse OR value = #Alternating;
Lam300 Constraint00572,WHERE value &gt;= -1.0 AND value &lt;= 6000.0;
Lam300 Constraint00573,WHERE value &gt;= 1.0 AND value &lt;= 15.0;
Lam300 Constraint00574,WHERE value &gt;= 2.0 AND value &lt;= 10.0;
Lam300 Constraint00575,WHERE value &gt;= 7.0 AND value &lt;= 15.0;
Lam300 Constraint00576,WHERE value = #Gas1 OR value = #Gas10 OR value = #Gas11 OR value = #Gas12 OR value = #Gas13 OR value = #Gas14 OR value =
Lam300 Constraint00577,WHERE value &gt;= 2 AND value &lt;= 20;
Lam300 Constraint00578,WHERE value &gt;= 0 AND value &lt;= 1435;
Lam300 Constraint00579,WHERE value &gt;= 0.0 AND value &lt;= 1435;
Lam300 Constraint00580,WHERE value &gt;= 10 AND value &lt;= 50;
Lam300 Constraint00581,WHERE value &gt;= -7.175 AND value &lt;= 7.175;
Lam300 Constraint00582,WHERE value &gt;= -500 AND value &lt;= 500;
Lam300 Constraint00583,WHERE value = #Warning OR value = #Alarm OR value = #Abort;
Lam300 Constraint00584,WHERE value &gt;= 5.0 AND value &lt;= 6.0;
Lam300 Constraint00585,WHERE value &gt;= 2.5 AND value &lt;= 3.6;
Lam300 Constraint00586,WHERE value &gt;= -60.0 AND value &lt;= 0.0;
Lam300 Constraint00587,WHERE value = #Standard OR value = #Software OR value = #Firmware;
Lam300 Constraint00588,WHERE value &gt;= -32767 AND value &lt;= 32767;
Lam300 Constraint00589,WHERE value &gt;= 90.0 AND value &lt;= 90.0;
Lam300 Constraint00590,WHERE value &gt;= 150.0 AND value &lt;= 150.0;
Lam300 Constraint00591,WHERE value &gt;= 100.0 AND value &lt;= 100.0;
Lam300 Constraint00592,WHERE value &gt;= 0 AND value &lt;= 40;
Lam300 Constraint00593,WHERE value &gt;= -60.0 AND value &lt;= -60.0;
Lam300 Constraint00594,WHERE value &gt;= -30 AND value &lt;= 0;
Lam300 Constraint00595,WHERE value &gt;= -40 AND value &lt;= 0;
Lam300 Constraint00596,WHERE value = #SensorWafer OR value = #Waferless;
Lam300 Constraint00597,WHERE value &gt;= -60.0 AND value &lt;= 90.0;
Lam300 Constraint00598,WHERE value &gt;= -40.0 AND value &lt;= 90.0;
Lam300 Constraint00599,WHERE value &gt;= -999.99 AND value &lt;= 999.99;
Lam300 Constraint00600,WHERE value &gt;= -9999.0 AND value &lt;= 9999.0;
Lam300 Constraint00601,WHERE value &gt;= -2 AND value &lt;= 100;
Lam300 Constraint00602,WHERE value &gt;= 0 AND value &lt;= 6000;
Lam300 Constraint00603,WHERE value &gt;= 1.0 AND value &lt;= 1.0;
Lam300 Constraint00604,WHERE value &gt;= -60.0 AND value &lt;= 150.0;
Lam300 Constraint00605,WHERE value &gt;= -9999.99 AND value &lt;= 9999.99;
Lam300 Constraint00606,WHERE value = #Default OR value = #Enable OR value = #Disable OR value = #Attachment;
Lam300 Constraint00607,WHERE value &gt;= 60 AND value &lt;= 600;
Lam300 Constraint00608,WHERE value &gt;= 0.0 AND value &lt;= 2904;
Lam300 Constraint00609,WHERE value &gt;= 0.0 AND value &lt;= 1600.0;
Lam300 Constraint00610,WHERE value &gt;= 2.0 AND value &lt;= 8.0;
Lam300 Constraint00611,WHERE value &gt;= 1.0 AND value &lt;= 8.0;
Lam300 Constraint00612,WHERE value &gt;= 3 AND value &lt;= 90;
Lam300 Constraint00613,WHERE value &gt;= 0 AND value &lt;= 2904;
Lam300 Constraint00614,WHERE value &gt;= 13562 AND value &lt;= 13562;
Lam300 Constraint00615,WHERE value &gt;= 90 AND value &lt;= 90;
Lam300 Constraint00616,WHERE value &gt;= 1000 AND value &lt;= 1000;
Lam300 Constraint00617,WHERE value &gt;= 3 AND value &lt;= 3;
Lam300 Constraint00618,WHERE value &gt;= 100 AND value &lt;= 100;
Lam300 Constraint00619,WHERE value &gt;= -14.52 AND value &lt;= 14.52;
Lam300 Constraint00620,WHERE value &gt;= 0.0 AND value &lt;= 2904.0;
Lam300 Constraint00621,WHERE value &gt;= 3 AND value &lt;= 10;
Lam300 Constraint00622,WHERE value &gt;= 40.0 AND value &lt;= 60.0;
Lam300 Constraint00623,WHERE value &gt;= 10 AND value &lt;= 100;
Lam300 Constraint00624,WHERE value = #Mode1 OR value = #Mode2;
Lam300 Constraint00625,WHERE value = #PerSetup OR value = #Mode1 OR value = #Mode2;
Lam300 Constraint00626,WHERE value = #Gas1 OR value = #Gas10 OR value = #Gas11 OR value = #Gas12 OR value = #Gas13 OR value = #Gas14 OR value =
Lam300 Constraint00627,WHERE value &gt;= 100 AND value &lt;= 500;
Lam300 Constraint00628,WHERE value &gt;= 50000 AND value &lt;= 150000;
Lam300 Constraint00629,WHERE value = #Edge OR value = #None;
Lam300 Constraint00630,WHERE value &gt;= -0.35 AND value &lt;= 0.35;
Lam300 Constraint00631,WHERE value &gt;= 1.0e-4 AND value &lt;= 7.5;
Lam300 Constraint00632,WHERE value = #Balanced OR value = #Fixed OR value = #Setpoint;
Lam300 Constraint00633,WHERE value &gt;= 50.0 AND value &lt;= 5000.0;
Lam300 Constraint00634,WHERE value &gt;= 50.0 AND value &lt;= 300.0;
Lam300 Constraint00635,WHERE value &gt;= 0 AND value &lt;= 2877;
Lam300 Constraint00636,WHERE value &gt;= 0.0 AND value &lt;= 2877;
Lam300 Constraint00637,WHERE value &gt;= 13512 AND value &lt;= 13512;
Lam300 Constraint00638,WHERE value &gt;= 0.0 AND value &lt;= 2877.0;
Lam300 Constraint00639,WHERE value &gt;= -14.385 AND value &lt;= 14.385;
Lam300 Constraint00640,WHERE value &gt;= 3.35 AND value &lt;= 5.03;
Lam300 Constraint00641,WHERE value &gt;= 1.52 AND value &lt;= 2.28;
Lam300 Constraint00642,WHERE value &gt;= 0.71 AND value &lt;= 1.066;
Lam300 Constraint00643,WHERE value &gt;= 0.39 AND value &lt;= 0.584;
Lam300 Constraint00644,WHERE value &gt;= 6000.0 AND value &lt;= 6000.0;
Lam300 Constraint00645,WHERE value &gt;= 0.2 AND value &lt;= 3.5;
Lam300 Constraint00646,WHERE value &gt;= 400.0 AND value &lt;= 500.0;
Lam300 Constraint00647,WHERE value &gt;= 0 AND value &lt;= 550.0;
Lam300 Constraint00648,WHERE value &gt;= 0.0 AND value &lt;= 550.0;
Lam300 Constraint00649,WHERE value &gt;= 450.0 AND value &lt;= 550.0;
Lam300 Constraint00650,WHERE value = #Auto OR value = #TCU_Ch1 OR value = #TCU_Ch2;
Lam300 Constraint00651,WHERE value &gt;= -15.0 AND value &lt;= 40.0;
Lam300 Constraint00652,WHERE value &gt;= 40.0 AND value &lt;= 80.0;
Lam300 Constraint00653,WHERE value &gt;= 7.0 AND value &lt;= 17.0;
Lam300 Constraint00654,WHERE value &gt;= 60 AND value &lt;= 120;
Lam300 Constraint00655,WHERE value &gt;= 0.0 AND value &lt;= 180.0;
Lam300 Constraint00656,WHERE value &gt;= 60 AND value &lt;= 125;
Lam300 Constraint00657,WHERE value = #Idle OR value = #Testing OR value = #Saving OR value = #Aborting OR value = #Busy;
Lam300 Constraint00658,WHERE value &gt;= 30 AND value &lt;= 365;
Lam300 Constraint00659,WHERE value = 'Idle' OR value = 'SwError' OR value = 'HwError';
Lam300 Constraint00660,WHERE value = #Local OR value = #Remote OR value = #Dual;
Lam300 Constraint00661,WHERE value &gt;= -60.0 AND value &lt;= 120.0;
Lam300 Constraint00662,WHERE value &gt;= 5 AND value &lt;= 25;
Lam300 Constraint00663,WHERE value = 'Idle' OR value = 'Initialized' OR value = 'Completed';
Lam300 Constraint00664,WHERE value &gt;= -40.0 AND value &lt;= 75.0;
Lam300 Constraint00665,WHERE value &gt;= 0.3 AND value &lt;= 100.0;
Lam300 Constraint00666,WHERE value &gt;= 0.25 AND value &lt;= 100.0;
Lam300 Constraint00667,WHERE value = 'Idle' OR value = 'Processing' OR value = 'Sampling' OR value = 'Saving' OR value = 'Result' OR value = 'Aborting
Lam300 Constraint00668,WHERE value &gt;= 3.0 AND value &lt;= 100.0;
Lam300 Constraint00669,WHERE value &gt;= 2.5 AND value &lt;= 100.0;
Lam300 Constraint00670,WHERE value = 'Locked' OR value = 'Unlocked';
Lam300 Constraint00671,WHERE value &gt;= 0.15 AND value &lt;= 100.0;
Lam300 Constraint00672,WHERE value = 'Idle' OR value = 'Testing' OR value = 'Saving' OR value = 'Aborting' OR value = 'Result' OR value 
Lam300 Constraint00673,WHERE value &gt;= 0.1 AND value &lt;= 1.0;
Lam300 Constraint00674,WHERE value = 'Idle' OR value = 'Testing' OR value = 'Saving' OR value = 'Aborting' OR value = 'CreatingBaseline';
Lam300 Constraint00675,WHERE value = #Fixed OR value = #Fast;
Lam300 Constraint00676,WHERE value &gt;= 0 AND value &lt;= 4096;
Lam300 Constraint00677,WHERE value &gt;= 140.0 AND value &lt;= 140.0;
Lam300 Constraint00678,WHERE value &gt;= -1 AND value &lt;= 60;
Lam300 Constraint00679,WHERE value &gt;= -60.0 AND value &lt;= 100.0;
Lam300 Constraint00680,WHERE value &gt;= -40.0 AND value &lt;= 100.0;
Lam300 Constraint00681,WHERE value &gt;= -0.9 AND value &lt;= 0.9;
Lam300 Constraint00682,WHERE value &gt;= -0.4 AND value &lt;= 0.4;
Lam300 Constraint00683,WHERE value &gt;= -40.0 AND value &lt;= 150.0;
Lam300 Constraint00684,WHERE value = 'Not Initialized' OR value = 'MANUAL' OR value = 'AUTO';
Lam300 Constraint00685,WHERE value = #CloseOnly OR value = #CloseWithUndock OR value = #CloseWithUndockAndUnclamp;
Lam300 Constraint00686,WHERE value = #CloseDoorOnlyAfterProcess OR value = #CloseDoorUndockAfterProcess OR value = #CloseDoorUndockUnClampAfterProces
Lam300 Constraint00687,WHERE value = 'No State' OR value = 'CARRIER' OR value = 'CARRIER COMPLETE' OR value = 'CARRIER STOPPED' OR value = 'NO
Lam300 Constraint00688,WHERE value = 'No State' OR value = 'CARRIER' OR value = 'CARRIER COMPLETE' OR value = 'CARRIER STOPPED' OR value = 'ID NO
Lam300 Constraint00689,WHERE value = 'No State' OR value = 'WAITING FOR HOST' OR value = 'SLOT MAP NOT READ' OR value = 'SLOT MAP VERIFICATION OK' O
Lam300 Constraint00690,WHERE value = 'No State' OR value = 'ID NOT READ' OR value = 'WAITING FOR HOST' OR value = 'ID VERIFICATION OK' OR value 
Lam300 Constraint00691,WHERE value = 'ERGO200' OR value = 'SMIF' OR value = 'PDO' OR value = 'Unknown' OR value = 'Not_Installed';
Lam300 Constraint00692,WHERE value = #AtProcessEnd OR value = #AtPodRemoval OR value = #DoNothing;
Lam300 Constraint00693,WHERE value &gt;= 0 AND value &lt;= 36000;
Lam300 Constraint00694,WHERE value &gt;= 30000 AND value &lt;= 90000;
Lam300 Constraint00695,WHERE value = #DoNothing OR value = #Type1 OR value = #Type2;
Lam300 Constraint00696,WHERE value = #HostRelease OR value = #EquipmentRelease;
Lam300 Constraint00697,WHERE value = #CarrierCompleteOrStopped OR value = #AMHS;
Lam300 Constraint00698,WHERE value = 'No State' OR value = 'Not Associated' OR value = 'Associated';
Lam300 Constraint00699,WHERE value = 'No State' OR value = 'Not Reserved' OR value = 'Reserved';
Lam300 Constraint00700,WHERE value = #No OR value = #Yes OR value = #JustClearAlarmOnly OR value = #ContinueOrRemoveSEMI870709;
Lam300 Constraint00701,WHERE value = #Production OR value = #Engineering OR value = #Maintenance OR value = #offline;
Lam300 Constraint00702,WHERE value = #Return8 OR value = #Return16;
Lam300 Constraint00703,WHERE value = 'PRODUCT' OR value = 'TEST' OR value = 'FILTER' OR value = 'CLEANING' OR value = 'DUMMY';
Lam300 Constraint00704,WHERE value = 'Not Abort' OR value = 'Abort';
Lam300 Constraint00705,WHERE value = #DoNothing OR value = #PostWarning OR value = #PostAlarm;
Lam300 Constraint00706,WHERE value &gt;= -1 AND value &lt;= 120;
Lam300 Constraint00707,WHERE value &gt;= 1 AND value &lt;= 12;
Lam300 Constraint00708,WHERE value = #Disable OR value = #Enable OR value = #Auto_TP15_Manual234;
Lam300 Constraint00709,WHERE value = #Special1 OR value = #Special2 OR value = #None;
Lam300 Constraint00710,WHERE value = 'Not Initialized' OR value = 'Idle' OR value = 'Loading' OR value = 'Con_Loading' OR value = 'Multi_Loading' O
Lam300 Constraint00711,WHERE value = #Type1 OR value = #Type2 OR value = #Type3 OR value = #Type4 OR value = #Type5 OR value = #Type6 OR value =
Lam300 Constraint00712,WHERE value = 'Unknown' OR value = 'WaferCassette25' OR value = 'WaferCassette13' OR value = 'WaferBox25' OR value = 'WaferBox13
Lam300 Constraint00713,WHERE value = 'Not Initialized' OR value = 'InService' OR value = 'OutOfService' OR value = 'TransferReady' O
Lam300 Constraint00714,WHERE value = 'Unknown' OR value = 'Present' OR value = 'Absent';
Lam300 Constraint00715,WHERE value = 'Not Initialized' OR value = 'Idle' OR value = 'Open' OR value = 'Opening' OR value = 'Closed' OR value =
Lam300 Constraint00716,WHERE value = 'Unknown' OR value = 'Open' OR value = 'Closed';
Lam300 Constraint00717,WHERE value = #LoadMode1 OR value = #LoadMode2 OR value = #LoadMode3 OR value = #LoadMode4;
Lam300 Constraint00718,WHERE value &gt;= 0 AND value &lt;= 99999;
Lam300 Constraint00719,WHERE value = #'1:1' OR value = #'2:1' OR value = #'3:1';
Lam300 Constraint00720,WHERE value &gt;= 0.0 AND value &lt;= 999.0;
Lam300 Constraint00721,WHERE value = 'No State' OR value = 'Idle' OR value = 'IdleClamp' OR value = 'Blinking' OR value = 'IdleUnload' OR value =
Lam300 Constraint00722,WHERE value = 'No State' OR value = 'TimerInProgress' OR value = 'TimerExpires' OR value = 'TimerStop';
Lam300 Constraint00723,WHERE value = 'Not Initialized' OR value = 'Idle' OR value = 'Working' OR value = 'Error' OR value = 'Pause';
Lam300 Constraint00724,WHERE value &gt;= 500 AND value &lt;= 2000;
Lam300 Constraint00725,WHERE value = #DoNotPost OR value = #PostAlarm;
Lam300 Constraint00726,WHERE value = 'Unknown' OR value = 'Normal' OR value = 'Interlock1' OR value = 'Interlock2' OR value = 'Both';
Lam300 Constraint00727,WHERE value = 'NozzlePurge' OR value = 'PreprocessingPurge' OR value = 'PostprocessingPurge' OR value = 'WaitingPurge' O
Lam300 Constraint00728,WHERE value &gt;= 200.0 AND value &lt;= 1000.0;
Lam300 Constraint00729,WHERE value = #'2Port_1to1_Max35PerInlet' OR value = #'2or4Port_1to1_3to1_Max80PerInlet' OR value = 
Lam300 Constraint00730,WHERE value = #UnloadMode1 OR value = #UnloadMode2 OR value = #UnloadMode3;
Lam300 Constraint00731,WHERE value &gt;= 13 AND value &lt;= 26;
Lam300 Constraint00732,WHERE value &gt;= 0 AND value &lt;= 17;
Lam300 Constraint00733,WHERE value = 'Not Initialized' OR value = 'Initializing' OR value = 'Idle' OR value = 'Reading' OR value = 'Writing' O
Lam300 Constraint00734,WHERE value &gt;= 1 AND value &lt;= 17;
Lam300 Constraint00735,WHERE value &gt;= 0 AND value &lt;= 99;
Lam300 Constraint00736,WHERE value &gt;= 1 AND value &lt;= 99;
Lam300 Constraint00737,WHERE value = #Return16 OR value = #ReturnFirst8 OR value = #ReturnLast8;
Lam300 Constraint00738,WHERE value = #Enabled OR value = #Disabled OR value = #Adapted OR value = #DisabledByLongWAC;
Lam300 Constraint00739,WHERE value = #Enabled OR value = #Disabled;
Lam300 Constraint00740,WHERE value = #EachPJ OR value = #FirstPJ;
Lam300 Constraint00741,WHERE value.length &gt;= 4 AND value.length &lt;= 16;
Lam300 Constraint00742,WHERE value = #SimultaneousContiguous OR value = 'SimultaneousContiguous' OR value = #Optimal OR value = 'Optimal';
Lam300 Constraint00743,WHERE value = #Exclusive OR value = #Shared;
Lam300 Constraint00744,WHERE value = #Enabled OR value = #Disabled OR value = #PM OR value = #AirLock;
Lam300 Constraint00745,WHERE value = #PAUSED OR value = #RESUMED OR value = #NOTPAUSED;
Lam300 Constraint00746,WHERE value = #AllowSetupForWaitingForStartPJ OR value = #SetupForStartedPJOnly;
Lam300 Constraint00747,WHERE value = #Single OR value = #Dual;
Lam300 Constraint00748,WHERE value = #Never OR value = #ForMultipleJobsOnly OR value = #Always OR value = #For1stWaferOfJobOnly O
Lam300 Constraint00749,WHERE value = #Enabled OR value = #ByWafersInSystem;
Lam300 Constraint00750,WHERE value &gt;= 0 AND value &lt;= 9;
Lam300 Constraint00751,WHERE value.length &gt;= 0 AND value.length &lt;= 80;
Lam300 Constraint00752,WHERE value &gt;= 0;
Lam300 Constraint00753,WHERE value &gt;= 0 AND value &lt;= 6;
Lam300 Constraint00754,WHERE value = 0 OR value = 1 OR value = 2 OR value = 3 OR value = 4 OR value = 5 OR value = 6;
Lam300 Constraint00755,WHERE value = 0 OR value = 1 OR value = 2;
Lam300 Constraint00756,WHERE value = #TMAGV OR value = #Port1Port2AGV;
Lam300 Constraint00757,WHERE value = #ArmA OR value = #ArmB;
Lam300 Constraint00758,WHERE value &gt;= 10 AND value &lt;= 1000;
Lam300 Constraint00759,WHERE value &gt;= 500000.0 AND value &lt;= 990000.0;
Lam300 Constraint00760,WHERE value &gt;= 50 AND value &lt;= 4000;
Lam300 Constraint00761,WHERE value &gt;= 3 AND value &lt;= 300;
Lam300 Constraint00762,WHERE value &gt;= 1000 AND value &lt;= 4000;
Lam300 Constraint00763,WHERE value &gt;= 75 AND value &lt;= 300;
Lam300 Constraint00764,WHERE value = #'System DA Tolerance' OR value = #'Individual DA Tolerance';
Lam300 Constraint00765,WHERE value = #DoNotDisable OR value = #DisableArmA OR value = #DisableArmB OR value = #DisableArmAButPotentialDL O
Lam300 Constraint00766,WHERE value &gt;= 0.0d AND value &lt;= 50.0d;
Lam300 Constraint00767,WHERE value &gt;= 0.0d AND value &lt;= 10000.0d;
Lam300 Constraint00768,WHERE value = #EtchRate OR value = #Radius;
Lam300 Constraint00769,WHERE value = #None OR value = #NextStation OR value = #Next2 OR value = #Next3;
Lam300 Constraint00770,WHERE value &gt;= -1799 AND value &lt;= 1799;
Lam300 Constraint00771,WHERE value &gt;= 5 AND value &lt;= 150;
Lam300 Constraint00772,WHERE value &gt;= 5 AND value &lt;= 1000;
Lam300 Constraint00773,WHERE value = #Disabled OR value = #Enable OR value = #RqIOStn;
Lam300 Constraint00774,WHERE value = #Module OR value = #Slot;
Lam300 Constraint00775,WHERE value &gt;= -1 AND value &lt;= 1;
Lam300 Constraint00776,WHERE value = #None OR value = #Mixing OR value = #NotMixing;
Lam300 Constraint00777,WHERE value = #None OR value = #InBuffer OR value = #OutBuffer OR value = #OutCool;
Lam300 Constraint00778,WHERE value &gt;= 10 AND value &lt;= 900;
Lam300 Constraint00779,WHERE value = 'PRODUCT' OR value = 'TEST' OR value = 'FILTER' OR value = 'CLEANING' OR value = 'DUMMY' OR value = 'QUAL
Lam300 Constraint00780,WHERE value = #PostWarning OR value = #PostAlarm;
Lam300 Constraint00781,WHERE value = #Unknown OR value = #'4KalrezPads-EnhanceSpeed' OR value = #'6BrownVespelPads-NormalSpeed' O
Lam300 Constraint00782,WHERE value = #None OR value = #PickPlace OR value = #PickOnly;
Lam300 Constraint00783,WHERE value = 'On' OR value = 'Off' OR value = 'Blink';
Lam300 Constraint00784,WHERE value &gt;= 0.0 AND value &lt;= 600.0;
Lam300 Constraint00785,WHERE value &gt;= -1.0e6 AND value &lt;= 1.0e6;
Lam300 Constraint00786,WHERE value = #'2ndCheck' OR value = #'3rdCheck' OR value = #NeverPost;
Lam300 Constraint00787,WHERE value = '0' OR value = '1' OR value = '2' OR value = '3' OR value = '4' OR value = '5';
Lam300 Constraint00788,WHERE value = 0 OR value = 1;
