parameterName,description
HardwareErrorDetail,Provides a description of the hardware error found during initialization
ProcessingCurrState,State identifier of the current Processing State.  This value matches the ProcessState with the exception of NoState.
ProcessingPrevState,State identifier of the previous Processing State.  This value matches the PreviousProcessState with the exception of NoState
ControlCurrState,State Id of the current state of the Control state machine  The value will correspond with the ControlState (with strings instead off number) with the exception of NoState
ControlPrevState,State Id of the previous state of the Control state machine
ProcessState,Processing state of the equipment.  This parameter corresponds to the E30 ProcessState SV
PreviousProcessState,Previous process state of the equipment.  This parameter corresponds to the E30 PreviousProcessState SV
ControlState,Equipment GEM control state.  This parameter corresponds to the E30 ControlState SV
Clock,"Current value of time at the equipment.  This parameter is reported in the standard EDA time format, not the GEM selected format.  This parameter corresponds to the E30 Clock SV"
PPChangeName,PPID of the process program that was changed.  This parameter corresponds to the E30 PPChangeName DV
PPChangeStatus,Action taken on the process program.  This parameter corresponds to the E30 PPChangeStatus DV
PPExecName,PPID(s) of the currently selected process program(s).  This parameter corresponds to the E30 PPExecName SV
PPFormat,Indicates the type of process programs and recipes that are supported.  This parameter corresponds to the E30 PPFormat SV
PPError,Information about verification errors of a process program taht failed verification.  This parameter corresponds to the E30 PPError DV or SV
OperatorCommand,Command Operator issued while in remote control mode.  This parameter corresponds to the E30 OperatorCommand DV
EquipmentConstant,SECS Identifier (ECID) of the Equipment Constant that was changed while in remote control.
EDAEquipmentConstant,Reference to the EDA Control or Configuration Parameter that was changed while in remote control.
EstablishCommunicationsTimeout,Equipment Constant used to initialize the interval between attempts to resend a SECS Establish Communications Request.  This value specifies the number of seconds for the interval.
TimeFormat,"The setting of this ECV controls whether the equipment shall use the SECS variable item CLOCK and the SECS data items STIME, TIMESTAMP, and TIME in 12-byte, 16-byte, or Extended format"
PortStateInfoList,List of PortStateInfo for all load ports
PortTransferStateList,Current transfer state for all load ports
LoadPortReservationStateList,Current reservation state for all load ports
PortAssociationStateList,Current association state for all load ports
BypassReadID,Enables (true) or Disables (false) automatic ID acceptance when the carrier ID reader is unavailable
BakeTime,Bake time on hot plate in milliseconds
PinVoltage,Current voltage reading at the wafer pin actuator
HoodCurrState,The current state of the Hood
PinPositionCurrState,The current pin position state
TemperatureConditionCurrState,The current state of the temperature on the hot plate
ModuleProcessCurrState,State Id of the current state of the Module Process state machine
ModuleProcessPrevState,State Id of the previous state of the Module Process state machine
RCID,Recipe Component Identifier - The identifier of the recipe component specifying the instructions for the activity in the associated process module
RecID,Recipe Identifier - The identifier of the master recipe executing on the equipment
ModuleID,Module Identifier - The identifier of the equipment module in which the recipe execution is taking place
RecipeParameters,The recipe parameter settings applied to the module recipe to alter this instance of execution
SubstrateID,Substrate Identifer - This data parameter shall report the ID of the substrate processed by this recipe execution
ProcessJobID,The identifier of the SEMI E40 Process Job responsible for the recipe execution in the module
StepID,Identifier of the recipe step definition within the recipe
StepCount,A value that represents the number of recipe steps executed.  This counter shall have a value of 1 for the first step executed for the module process and is incremented for each successive step as it begins execution
WaferNumber,A value that represents the current wafer.  This counter shall have a value of 1 for the first step executed for the module process and is incremented for each successive wafer.
WaferTemperature,Wafer Temperature
BathTemperature,Bath Temperature
GasTemperature,Gas Temperature
VacuumPressure,Pressure reading from the vacuum pump
GasPressureLine1,Pressure reading from the first gas supply lines
GasPressureLine2,Pressure reading from the second gas supply line
GasSupplyFlowRate,Gas supply flow rate
CleanSupplyFlowRate,Clean supply flow rate
EtchingSupplyFlowRate,Etching supply flow rate
RecirculatingPumpFlowRate,Recirculating pump flow rate
ResistSupplyLevel,Volume of resist supply remaining
CleanSupplyLevel,Volume of clean supply remaining
BathLevel,Bath level
HeaterOutputWattage,Heater Output Wattage
PlasmaBeamIntensity,Plasma Beam Intensity
Door1Open,Indicates if Door 1 is open(true) or closed(false).
HeaterActive,Indicates if the heater is on (true) or off (false).
WaferPresentOnAligner,Indicates if a wafer is present (true) or absent (false) on the aligner.
IsModuleOnline,Indicates if the module is online (true) or not (false).
InCycleMode,Indicates if the hot plate is in cycle mode (true) or not (false).
WaferReflectance0001,Generated wafer reflectance sensor data
WaferReflectance0002,Generated wafer reflectance sensor data
WaferReflectance0003,Generated wafer reflectance sensor data
WaferReflectance0004,Generated wafer reflectance sensor data
WaferReflectance0005,Generated wafer reflectance sensor data
WaferReflectance0006,Generated wafer reflectance sensor data
WaferReflectance0007,Generated wafer reflectance sensor data
WaferReflectance0008,Generated wafer reflectance sensor data
WaferReflectance0009,Generated wafer reflectance sensor data
WaferReflectance0010,Generated wafer reflectance sensor data
WaferReflectance0011,Generated wafer reflectance sensor data
WaferReflectance0012,Generated wafer reflectance sensor data
WaferReflectance0013,Generated wafer reflectance sensor data
WaferReflectance0014,Generated wafer reflectance sensor data
WaferReflectance0015,Generated wafer reflectance sensor data
WaferReflectance0016,Generated wafer reflectance sensor data
WaferReflectance0017,Generated wafer reflectance sensor data
WaferReflectance0018,Generated wafer reflectance sensor data
WaferReflectance0019,Generated wafer reflectance sensor data
WaferReflectance0020,Generated wafer reflectance sensor data
WaferReflectance0021,Generated wafer reflectance sensor data
WaferReflectance0022,Generated wafer reflectance sensor data
WaferReflectance0023,Generated wafer reflectance sensor data
WaferReflectance0024,Generated wafer reflectance sensor data
WaferReflectance0025,Generated wafer reflectance sensor data
WaferReflectance0026,Generated wafer reflectance sensor data
WaferReflectance0027,Generated wafer reflectance sensor data
WaferReflectance0028,Generated wafer reflectance sensor data
WaferReflectance0029,Generated wafer reflectance sensor data
WaferReflectance0030,Generated wafer reflectance sensor data
WaferReflectance0031,Generated wafer reflectance sensor data
WaferReflectance0032,Generated wafer reflectance sensor data
WaferReflectance0033,Generated wafer reflectance sensor data
WaferReflectance0034,Generated wafer reflectance sensor data
WaferReflectance0035,Generated wafer reflectance sensor data
WaferReflectance0036,Generated wafer reflectance sensor data
WaferReflectance0037,Generated wafer reflectance sensor data
WaferReflectance0038,Generated wafer reflectance sensor data
WaferReflectance0039,Generated wafer reflectance sensor data
WaferReflectance0040,Generated wafer reflectance sensor data
WaferReflectance0041,Generated wafer reflectance sensor data
WaferReflectance0042,Generated wafer reflectance sensor data
WaferReflectance0043,Generated wafer reflectance sensor data
WaferReflectance0044,Generated wafer reflectance sensor data
WaferReflectance0045,Generated wafer reflectance sensor data
WaferReflectance0046,Generated wafer reflectance sensor data
WaferReflectance0047,Generated wafer reflectance sensor data
WaferReflectance0048,Generated wafer reflectance sensor data
WaferReflectance0049,Generated wafer reflectance sensor data
WaferReflectance0050,Generated wafer reflectance sensor data
WaferReflectance0051,Generated wafer reflectance sensor data
WaferReflectance0052,Generated wafer reflectance sensor data
WaferReflectance0053,Generated wafer reflectance sensor data
WaferReflectance0054,Generated wafer reflectance sensor data
WaferReflectance0055,Generated wafer reflectance sensor data
WaferReflectance0056,Generated wafer reflectance sensor data
WaferReflectance0057,Generated wafer reflectance sensor data
WaferReflectance0058,Generated wafer reflectance sensor data
WaferReflectance0059,Generated wafer reflectance sensor data
WaferReflectance0060,Generated wafer reflectance sensor data
WaferReflectance0061,Generated wafer reflectance sensor data
WaferReflectance0062,Generated wafer reflectance sensor data
WaferReflectance0063,Generated wafer reflectance sensor data
WaferReflectance0064,Generated wafer reflectance sensor data
WaferReflectance0065,Generated wafer reflectance sensor data
WaferReflectance0066,Generated wafer reflectance sensor data
WaferReflectance0067,Generated wafer reflectance sensor data
WaferReflectance0068,Generated wafer reflectance sensor data
WaferReflectance0069,Generated wafer reflectance sensor data
WaferReflectance0070,Generated wafer reflectance sensor data
WaferReflectance0071,Generated wafer reflectance sensor data
WaferReflectance0072,Generated wafer reflectance sensor data
WaferReflectance0073,Generated wafer reflectance sensor data
WaferReflectance0074,Generated wafer reflectance sensor data
WaferReflectance0075,Generated wafer reflectance sensor data
WaferReflectance0076,Generated wafer reflectance sensor data
WaferReflectance0077,Generated wafer reflectance sensor data
WaferReflectance0078,Generated wafer reflectance sensor data
WaferReflectance0079,Generated wafer reflectance sensor data
WaferReflectance0080,Generated wafer reflectance sensor data
WaferReflectance0081,Generated wafer reflectance sensor data
WaferReflectance0082,Generated wafer reflectance sensor data
WaferReflectance0083,Generated wafer reflectance sensor data
WaferReflectance0084,Generated wafer reflectance sensor data
WaferReflectance0085,Generated wafer reflectance sensor data
WaferReflectance0086,Generated wafer reflectance sensor data
WaferReflectance0087,Generated wafer reflectance sensor data
WaferReflectance0088,Generated wafer reflectance sensor data
WaferReflectance0089,Generated wafer reflectance sensor data
WaferReflectance0090,Generated wafer reflectance sensor data
WaferReflectance0091,Generated wafer reflectance sensor data
WaferReflectance0092,Generated wafer reflectance sensor data
WaferReflectance0093,Generated wafer reflectance sensor data
WaferReflectance0094,Generated wafer reflectance sensor data
WaferReflectance0095,Generated wafer reflectance sensor data
WaferReflectance0096,Generated wafer reflectance sensor data
WaferReflectance0097,Generated wafer reflectance sensor data
WaferReflectance0098,Generated wafer reflectance sensor data
WaferReflectance0099,Generated wafer reflectance sensor data
WaferReflectance0100,Generated wafer reflectance sensor data
WaferReflectance0101,Generated wafer reflectance sensor data
WaferReflectance0102,Generated wafer reflectance sensor data
WaferReflectance0103,Generated wafer reflectance sensor data
WaferReflectance0104,Generated wafer reflectance sensor data
WaferReflectance0105,Generated wafer reflectance sensor data
WaferReflectance0106,Generated wafer reflectance sensor data
WaferReflectance0107,Generated wafer reflectance sensor data
WaferReflectance0108,Generated wafer reflectance sensor data
WaferReflectance0109,Generated wafer reflectance sensor data
WaferReflectance0110,Generated wafer reflectance sensor data
WaferReflectance0111,Generated wafer reflectance sensor data
WaferReflectance0112,Generated wafer reflectance sensor data
WaferReflectance0113,Generated wafer reflectance sensor data
WaferReflectance0114,Generated wafer reflectance sensor data
WaferReflectance0115,Generated wafer reflectance sensor data
WaferReflectance0116,Generated wafer reflectance sensor data
WaferReflectance0117,Generated wafer reflectance sensor data
WaferReflectance0118,Generated wafer reflectance sensor data
WaferReflectance0119,Generated wafer reflectance sensor data
WaferReflectance0120,Generated wafer reflectance sensor data
WaferReflectance0121,Generated wafer reflectance sensor data
WaferReflectance0122,Generated wafer reflectance sensor data
WaferReflectance0123,Generated wafer reflectance sensor data
WaferReflectance0124,Generated wafer reflectance sensor data
WaferReflectance0125,Generated wafer reflectance sensor data
WaferReflectance0126,Generated wafer reflectance sensor data
WaferReflectance0127,Generated wafer reflectance sensor data
WaferReflectance0128,Generated wafer reflectance sensor data
WaferReflectance0129,Generated wafer reflectance sensor data
WaferReflectance0130,Generated wafer reflectance sensor data
WaferReflectance0131,Generated wafer reflectance sensor data
WaferReflectance0132,Generated wafer reflectance sensor data
WaferReflectance0133,Generated wafer reflectance sensor data
WaferReflectance0134,Generated wafer reflectance sensor data
WaferReflectance0135,Generated wafer reflectance sensor data
WaferReflectance0136,Generated wafer reflectance sensor data
WaferReflectance0137,Generated wafer reflectance sensor data
WaferReflectance0138,Generated wafer reflectance sensor data
WaferReflectance0139,Generated wafer reflectance sensor data
WaferReflectance0140,Generated wafer reflectance sensor data
WaferReflectance0141,Generated wafer reflectance sensor data
WaferReflectance0142,Generated wafer reflectance sensor data
WaferReflectance0143,Generated wafer reflectance sensor data
WaferReflectance0144,Generated wafer reflectance sensor data
WaferReflectance0145,Generated wafer reflectance sensor data
WaferReflectance0146,Generated wafer reflectance sensor data
WaferReflectance0147,Generated wafer reflectance sensor data
WaferReflectance0148,Generated wafer reflectance sensor data
WaferReflectance0149,Generated wafer reflectance sensor data
WaferReflectance0150,Generated wafer reflectance sensor data
WaferReflectance0151,Generated wafer reflectance sensor data
WaferReflectance0152,Generated wafer reflectance sensor data
WaferReflectance0153,Generated wafer reflectance sensor data
WaferReflectance0154,Generated wafer reflectance sensor data
WaferReflectance0155,Generated wafer reflectance sensor data
WaferReflectance0156,Generated wafer reflectance sensor data
WaferReflectance0157,Generated wafer reflectance sensor data
WaferReflectance0158,Generated wafer reflectance sensor data
WaferReflectance0159,Generated wafer reflectance sensor data
WaferReflectance0160,Generated wafer reflectance sensor data
WaferReflectance0161,Generated wafer reflectance sensor data
WaferReflectance0162,Generated wafer reflectance sensor data
WaferReflectance0163,Generated wafer reflectance sensor data
WaferReflectance0164,Generated wafer reflectance sensor data
WaferReflectance0165,Generated wafer reflectance sensor data
WaferReflectance0166,Generated wafer reflectance sensor data
WaferReflectance0167,Generated wafer reflectance sensor data
WaferReflectance0168,Generated wafer reflectance sensor data
WaferReflectance0169,Generated wafer reflectance sensor data
WaferReflectance0170,Generated wafer reflectance sensor data
WaferReflectance0171,Generated wafer reflectance sensor data
WaferReflectance0172,Generated wafer reflectance sensor data
WaferReflectance0173,Generated wafer reflectance sensor data
WaferReflectance0174,Generated wafer reflectance sensor data
WaferReflectance0175,Generated wafer reflectance sensor data
WaferReflectance0176,Generated wafer reflectance sensor data
WaferReflectance0177,Generated wafer reflectance sensor data
WaferReflectance0178,Generated wafer reflectance sensor data
WaferReflectance0179,Generated wafer reflectance sensor data
WaferReflectance0180,Generated wafer reflectance sensor data
WaferReflectance0181,Generated wafer reflectance sensor data
WaferReflectance0182,Generated wafer reflectance sensor data
WaferReflectance0183,Generated wafer reflectance sensor data
WaferReflectance0184,Generated wafer reflectance sensor data
WaferReflectance0185,Generated wafer reflectance sensor data
WaferReflectance0186,Generated wafer reflectance sensor data
WaferReflectance0187,Generated wafer reflectance sensor data
WaferReflectance0188,Generated wafer reflectance sensor data
WaferReflectance0189,Generated wafer reflectance sensor data
WaferReflectance0190,Generated wafer reflectance sensor data
WaferReflectance0191,Generated wafer reflectance sensor data
WaferReflectance0192,Generated wafer reflectance sensor data
WaferReflectance0193,Generated wafer reflectance sensor data
WaferReflectance0194,Generated wafer reflectance sensor data
WaferReflectance0195,Generated wafer reflectance sensor data
WaferReflectance0196,Generated wafer reflectance sensor data
WaferReflectance0197,Generated wafer reflectance sensor data
WaferReflectance0198,Generated wafer reflectance sensor data
WaferReflectance0199,Generated wafer reflectance sensor data
WaferReflectance0200,Generated wafer reflectance sensor data
SurfaceTemperature0001,Generated surface temperature sensor data
SurfaceTemperature0002,Generated surface temperature sensor data
SurfaceTemperature0003,Generated surface temperature sensor data
SurfaceTemperature0004,Generated surface temperature sensor data
SurfaceTemperature0005,Generated surface temperature sensor data
SurfaceTemperature0006,Generated surface temperature sensor data
SurfaceTemperature0007,Generated surface temperature sensor data
SurfaceTemperature0008,Generated surface temperature sensor data
SurfaceTemperature0009,Generated surface temperature sensor data
SurfaceTemperature0010,Generated surface temperature sensor data
SurfaceTemperature0011,Generated surface temperature sensor data
SurfaceTemperature0012,Generated surface temperature sensor data
SurfaceTemperature0013,Generated surface temperature sensor data
SurfaceTemperature0014,Generated surface temperature sensor data
SurfaceTemperature0015,Generated surface temperature sensor data
SurfaceTemperature0016,Generated surface temperature sensor data
SurfaceTemperature0017,Generated surface temperature sensor data
SurfaceTemperature0018,Generated surface temperature sensor data
SurfaceTemperature0019,Generated surface temperature sensor data
SurfaceTemperature0020,Generated surface temperature sensor data
SurfaceTemperature0021,Generated surface temperature sensor data
SurfaceTemperature0022,Generated surface temperature sensor data
SurfaceTemperature0023,Generated surface temperature sensor data
SurfaceTemperature0024,Generated surface temperature sensor data
SurfaceTemperature0025,Generated surface temperature sensor data
SurfaceTemperature0026,Generated surface temperature sensor data
SurfaceTemperature0027,Generated surface temperature sensor data
SurfaceTemperature0028,Generated surface temperature sensor data
SurfaceTemperature0029,Generated surface temperature sensor data
SurfaceTemperature0030,Generated surface temperature sensor data
SurfaceTemperature0031,Generated surface temperature sensor data
SurfaceTemperature0032,Generated surface temperature sensor data
SurfaceTemperature0033,Generated surface temperature sensor data
SurfaceTemperature0034,Generated surface temperature sensor data
SurfaceTemperature0035,Generated surface temperature sensor data
SurfaceTemperature0036,Generated surface temperature sensor data
SurfaceTemperature0037,Generated surface temperature sensor data
SurfaceTemperature0038,Generated surface temperature sensor data
SurfaceTemperature0039,Generated surface temperature sensor data
SurfaceTemperature0040,Generated surface temperature sensor data
SurfaceTemperature0041,Generated surface temperature sensor data
SurfaceTemperature0042,Generated surface temperature sensor data
SurfaceTemperature0043,Generated surface temperature sensor data
SurfaceTemperature0044,Generated surface temperature sensor data
SurfaceTemperature0045,Generated surface temperature sensor data
SurfaceTemperature0046,Generated surface temperature sensor data
SurfaceTemperature0047,Generated surface temperature sensor data
SurfaceTemperature0048,Generated surface temperature sensor data
SurfaceTemperature0049,Generated surface temperature sensor data
SurfaceTemperature0050,Generated surface temperature sensor data
SurfaceTemperature0051,Generated surface temperature sensor data
SurfaceTemperature0052,Generated surface temperature sensor data
SurfaceTemperature0053,Generated surface temperature sensor data
SurfaceTemperature0054,Generated surface temperature sensor data
SurfaceTemperature0055,Generated surface temperature sensor data
SurfaceTemperature0056,Generated surface temperature sensor data
SurfaceTemperature0057,Generated surface temperature sensor data
SurfaceTemperature0058,Generated surface temperature sensor data
SurfaceTemperature0059,Generated surface temperature sensor data
SurfaceTemperature0060,Generated surface temperature sensor data
SurfaceTemperature0061,Generated surface temperature sensor data
SurfaceTemperature0062,Generated surface temperature sensor data
SurfaceTemperature0063,Generated surface temperature sensor data
SurfaceTemperature0064,Generated surface temperature sensor data
SurfaceTemperature0065,Generated surface temperature sensor data
SurfaceTemperature0066,Generated surface temperature sensor data
SurfaceTemperature0067,Generated surface temperature sensor data
SurfaceTemperature0068,Generated surface temperature sensor data
SurfaceTemperature0069,Generated surface temperature sensor data
SurfaceTemperature0070,Generated surface temperature sensor data
SurfaceTemperature0071,Generated surface temperature sensor data
SurfaceTemperature0072,Generated surface temperature sensor data
SurfaceTemperature0073,Generated surface temperature sensor data
SurfaceTemperature0074,Generated surface temperature sensor data
SurfaceTemperature0075,Generated surface temperature sensor data
SurfaceTemperature0076,Generated surface temperature sensor data
SurfaceTemperature0077,Generated surface temperature sensor data
SurfaceTemperature0078,Generated surface temperature sensor data
SurfaceTemperature0079,Generated surface temperature sensor data
SurfaceTemperature0080,Generated surface temperature sensor data
SurfaceTemperature0081,Generated surface temperature sensor data
SurfaceTemperature0082,Generated surface temperature sensor data
SurfaceTemperature0083,Generated surface temperature sensor data
SurfaceTemperature0084,Generated surface temperature sensor data
SurfaceTemperature0085,Generated surface temperature sensor data
SurfaceTemperature0086,Generated surface temperature sensor data
SurfaceTemperature0087,Generated surface temperature sensor data
SurfaceTemperature0088,Generated surface temperature sensor data
SurfaceTemperature0089,Generated surface temperature sensor data
SurfaceTemperature0090,Generated surface temperature sensor data
SurfaceTemperature0091,Generated surface temperature sensor data
SurfaceTemperature0092,Generated surface temperature sensor data
SurfaceTemperature0093,Generated surface temperature sensor data
SurfaceTemperature0094,Generated surface temperature sensor data
SurfaceTemperature0095,Generated surface temperature sensor data
SurfaceTemperature0096,Generated surface temperature sensor data
SurfaceTemperature0097,Generated surface temperature sensor data
SurfaceTemperature0098,Generated surface temperature sensor data
SurfaceTemperature0099,Generated surface temperature sensor data
SurfaceTemperature0100,Generated surface temperature sensor data
SurfaceTemperature0101,Generated surface temperature sensor data
SurfaceTemperature0102,Generated surface temperature sensor data
SurfaceTemperature0103,Generated surface temperature sensor data
SurfaceTemperature0104,Generated surface temperature sensor data
SurfaceTemperature0105,Generated surface temperature sensor data
SurfaceTemperature0106,Generated surface temperature sensor data
SurfaceTemperature0107,Generated surface temperature sensor data
SurfaceTemperature0108,Generated surface temperature sensor data
SurfaceTemperature0109,Generated surface temperature sensor data
SurfaceTemperature0110,Generated surface temperature sensor data
SurfaceTemperature0111,Generated surface temperature sensor data
SurfaceTemperature0112,Generated surface temperature sensor data
SurfaceTemperature0113,Generated surface temperature sensor data
SurfaceTemperature0114,Generated surface temperature sensor data
SurfaceTemperature0115,Generated surface temperature sensor data
SurfaceTemperature0116,Generated surface temperature sensor data
SurfaceTemperature0117,Generated surface temperature sensor data
SurfaceTemperature0118,Generated surface temperature sensor data
SurfaceTemperature0119,Generated surface temperature sensor data
SurfaceTemperature0120,Generated surface temperature sensor data
SurfaceTemperature0121,Generated surface temperature sensor data
SurfaceTemperature0122,Generated surface temperature sensor data
SurfaceTemperature0123,Generated surface temperature sensor data
SurfaceTemperature0124,Generated surface temperature sensor data
SurfaceTemperature0125,Generated surface temperature sensor data
SurfaceTemperature0126,Generated surface temperature sensor data
SurfaceTemperature0127,Generated surface temperature sensor data
SurfaceTemperature0128,Generated surface temperature sensor data
SurfaceTemperature0129,Generated surface temperature sensor data
SurfaceTemperature0130,Generated surface temperature sensor data
SurfaceTemperature0131,Generated surface temperature sensor data
SurfaceTemperature0132,Generated surface temperature sensor data
SurfaceTemperature0133,Generated surface temperature sensor data
SurfaceTemperature0134,Generated surface temperature sensor data
SurfaceTemperature0135,Generated surface temperature sensor data
SurfaceTemperature0136,Generated surface temperature sensor data
SurfaceTemperature0137,Generated surface temperature sensor data
SurfaceTemperature0138,Generated surface temperature sensor data
SurfaceTemperature0139,Generated surface temperature sensor data
SurfaceTemperature0140,Generated surface temperature sensor data
SurfaceTemperature0141,Generated surface temperature sensor data
SurfaceTemperature0142,Generated surface temperature sensor data
SurfaceTemperature0143,Generated surface temperature sensor data
SurfaceTemperature0144,Generated surface temperature sensor data
SurfaceTemperature0145,Generated surface temperature sensor data
SurfaceTemperature0146,Generated surface temperature sensor data
SurfaceTemperature0147,Generated surface temperature sensor data
SurfaceTemperature0148,Generated surface temperature sensor data
SurfaceTemperature0149,Generated surface temperature sensor data
SurfaceTemperature0150,Generated surface temperature sensor data
SurfaceTemperature0151,Generated surface temperature sensor data
SurfaceTemperature0152,Generated surface temperature sensor data
SurfaceTemperature0153,Generated surface temperature sensor data
SurfaceTemperature0154,Generated surface temperature sensor data
SurfaceTemperature0155,Generated surface temperature sensor data
SurfaceTemperature0156,Generated surface temperature sensor data
SurfaceTemperature0157,Generated surface temperature sensor data
SurfaceTemperature0158,Generated surface temperature sensor data
SurfaceTemperature0159,Generated surface temperature sensor data
SurfaceTemperature0160,Generated surface temperature sensor data
SurfaceTemperature0161,Generated surface temperature sensor data
SurfaceTemperature0162,Generated surface temperature sensor data
SurfaceTemperature0163,Generated surface temperature sensor data
SurfaceTemperature0164,Generated surface temperature sensor data
SurfaceTemperature0165,Generated surface temperature sensor data
SurfaceTemperature0166,Generated surface temperature sensor data
SurfaceTemperature0167,Generated surface temperature sensor data
SurfaceTemperature0168,Generated surface temperature sensor data
SurfaceTemperature0169,Generated surface temperature sensor data
SurfaceTemperature0170,Generated surface temperature sensor data
SurfaceTemperature0171,Generated surface temperature sensor data
SurfaceTemperature0172,Generated surface temperature sensor data
SurfaceTemperature0173,Generated surface temperature sensor data
SurfaceTemperature0174,Generated surface temperature sensor data
SurfaceTemperature0175,Generated surface temperature sensor data
SurfaceTemperature0176,Generated surface temperature sensor data
SurfaceTemperature0177,Generated surface temperature sensor data
SurfaceTemperature0178,Generated surface temperature sensor data
SurfaceTemperature0179,Generated surface temperature sensor data
SurfaceTemperature0180,Generated surface temperature sensor data
SurfaceTemperature0181,Generated surface temperature sensor data
SurfaceTemperature0182,Generated surface temperature sensor data
SurfaceTemperature0183,Generated surface temperature sensor data
SurfaceTemperature0184,Generated surface temperature sensor data
SurfaceTemperature0185,Generated surface temperature sensor data
SurfaceTemperature0186,Generated surface temperature sensor data
SurfaceTemperature0187,Generated surface temperature sensor data
SurfaceTemperature0188,Generated surface temperature sensor data
SurfaceTemperature0189,Generated surface temperature sensor data
SurfaceTemperature0190,Generated surface temperature sensor data
SurfaceTemperature0191,Generated surface temperature sensor data
SurfaceTemperature0192,Generated surface temperature sensor data
SurfaceTemperature0193,Generated surface temperature sensor data
SurfaceTemperature0194,Generated surface temperature sensor data
SurfaceTemperature0195,Generated surface temperature sensor data
SurfaceTemperature0196,Generated surface temperature sensor data
SurfaceTemperature0197,Generated surface temperature sensor data
SurfaceTemperature0198,Generated surface temperature sensor data
SurfaceTemperature0199,Generated surface temperature sensor data
SurfaceTemperature0200,Generated surface temperature sensor data
SurfaceTemperature0201,Generated surface temperature sensor data
SurfaceTemperature0202,Generated surface temperature sensor data
SurfaceTemperature0203,Generated surface temperature sensor data
SurfaceTemperature0204,Generated surface temperature sensor data
SurfaceTemperature0205,Generated surface temperature sensor data
SurfaceTemperature0206,Generated surface temperature sensor data
SurfaceTemperature0207,Generated surface temperature sensor data
SurfaceTemperature0208,Generated surface temperature sensor data
SurfaceTemperature0209,Generated surface temperature sensor data
SurfaceTemperature0210,Generated surface temperature sensor data
SurfaceTemperature0211,Generated surface temperature sensor data
SurfaceTemperature0212,Generated surface temperature sensor data
SurfaceTemperature0213,Generated surface temperature sensor data
SurfaceTemperature0214,Generated surface temperature sensor data
SurfaceTemperature0215,Generated surface temperature sensor data
SurfaceTemperature0216,Generated surface temperature sensor data
SurfaceTemperature0217,Generated surface temperature sensor data
SurfaceTemperature0218,Generated surface temperature sensor data
SurfaceTemperature0219,Generated surface temperature sensor data
SurfaceTemperature0220,Generated surface temperature sensor data
SurfaceTemperature0221,Generated surface temperature sensor data
SurfaceTemperature0222,Generated surface temperature sensor data
SurfaceTemperature0223,Generated surface temperature sensor data
SurfaceTemperature0224,Generated surface temperature sensor data
SurfaceTemperature0225,Generated surface temperature sensor data
SurfaceTemperature0226,Generated surface temperature sensor data
SurfaceTemperature0227,Generated surface temperature sensor data
SurfaceTemperature0228,Generated surface temperature sensor data
SurfaceTemperature0229,Generated surface temperature sensor data
SurfaceTemperature0230,Generated surface temperature sensor data
SurfaceTemperature0231,Generated surface temperature sensor data
SurfaceTemperature0232,Generated surface temperature sensor data
SurfaceTemperature0233,Generated surface temperature sensor data
SurfaceTemperature0234,Generated surface temperature sensor data
SurfaceTemperature0235,Generated surface temperature sensor data
SurfaceTemperature0236,Generated surface temperature sensor data
SurfaceTemperature0237,Generated surface temperature sensor data
SurfaceTemperature0238,Generated surface temperature sensor data
SurfaceTemperature0239,Generated surface temperature sensor data
SurfaceTemperature0240,Generated surface temperature sensor data
SurfaceTemperature0241,Generated surface temperature sensor data
SurfaceTemperature0242,Generated surface temperature sensor data
SurfaceTemperature0243,Generated surface temperature sensor data
SurfaceTemperature0244,Generated surface temperature sensor data
SurfaceTemperature0245,Generated surface temperature sensor data
SurfaceTemperature0246,Generated surface temperature sensor data
SurfaceTemperature0247,Generated surface temperature sensor data
SurfaceTemperature0248,Generated surface temperature sensor data
SurfaceTemperature0249,Generated surface temperature sensor data
SurfaceTemperature0250,Generated surface temperature sensor data
SurfaceTemperature0251,Generated surface temperature sensor data
SurfaceTemperature0252,Generated surface temperature sensor data
SurfaceTemperature0253,Generated surface temperature sensor data
SurfaceTemperature0254,Generated surface temperature sensor data
SurfaceTemperature0255,Generated surface temperature sensor data
SurfaceTemperature0256,Generated surface temperature sensor data
SurfaceTemperature0257,Generated surface temperature sensor data
SurfaceTemperature0258,Generated surface temperature sensor data
SurfaceTemperature0259,Generated surface temperature sensor data
SurfaceTemperature0260,Generated surface temperature sensor data
SurfaceTemperature0261,Generated surface temperature sensor data
SurfaceTemperature0262,Generated surface temperature sensor data
SurfaceTemperature0263,Generated surface temperature sensor data
SurfaceTemperature0264,Generated surface temperature sensor data
SurfaceTemperature0265,Generated surface temperature sensor data
SurfaceTemperature0266,Generated surface temperature sensor data
SurfaceTemperature0267,Generated surface temperature sensor data
SurfaceTemperature0268,Generated surface temperature sensor data
SurfaceTemperature0269,Generated surface temperature sensor data
SurfaceTemperature0270,Generated surface temperature sensor data
SurfaceTemperature0271,Generated surface temperature sensor data
SurfaceTemperature0272,Generated surface temperature sensor data
SurfaceTemperature0273,Generated surface temperature sensor data
SurfaceTemperature0274,Generated surface temperature sensor data
SurfaceTemperature0275,Generated surface temperature sensor data
SurfaceTemperature0276,Generated surface temperature sensor data
SurfaceTemperature0277,Generated surface temperature sensor data
SurfaceTemperature0278,Generated surface temperature sensor data
SurfaceTemperature0279,Generated surface temperature sensor data
SurfaceTemperature0280,Generated surface temperature sensor data
SurfaceTemperature0281,Generated surface temperature sensor data
SurfaceTemperature0282,Generated surface temperature sensor data
SurfaceTemperature0283,Generated surface temperature sensor data
SurfaceTemperature0284,Generated surface temperature sensor data
SurfaceTemperature0285,Generated surface temperature sensor data
SurfaceTemperature0286,Generated surface temperature sensor data
SurfaceTemperature0287,Generated surface temperature sensor data
SurfaceTemperature0288,Generated surface temperature sensor data
SurfaceTemperature0289,Generated surface temperature sensor data
SurfaceTemperature0290,Generated surface temperature sensor data
SurfaceTemperature0291,Generated surface temperature sensor data
SurfaceTemperature0292,Generated surface temperature sensor data
SurfaceTemperature0293,Generated surface temperature sensor data
SurfaceTemperature0294,Generated surface temperature sensor data
SurfaceTemperature0295,Generated surface temperature sensor data
SurfaceTemperature0296,Generated surface temperature sensor data
SurfaceTemperature0297,Generated surface temperature sensor data
SurfaceTemperature0298,Generated surface temperature sensor data
SurfaceTemperature0299,Generated surface temperature sensor data
SurfaceTemperature0300,Generated surface temperature sensor data
SurfaceTemperature0301,Generated surface temperature sensor data
SurfaceTemperature0302,Generated surface temperature sensor data
SurfaceTemperature0303,Generated surface temperature sensor data
SurfaceTemperature0304,Generated surface temperature sensor data
SurfaceTemperature0305,Generated surface temperature sensor data
SurfaceTemperature0306,Generated surface temperature sensor data
SurfaceTemperature0307,Generated surface temperature sensor data
SurfaceTemperature0308,Generated surface temperature sensor data
SurfaceTemperature0309,Generated surface temperature sensor data
SurfaceTemperature0310,Generated surface temperature sensor data
SurfaceTemperature0311,Generated surface temperature sensor data
SurfaceTemperature0312,Generated surface temperature sensor data
SurfaceTemperature0313,Generated surface temperature sensor data
SurfaceTemperature0314,Generated surface temperature sensor data
SurfaceTemperature0315,Generated surface temperature sensor data
SurfaceTemperature0316,Generated surface temperature sensor data
SurfaceTemperature0317,Generated surface temperature sensor data
SurfaceTemperature0318,Generated surface temperature sensor data
SurfaceTemperature0319,Generated surface temperature sensor data
SurfaceTemperature0320,Generated surface temperature sensor data
SurfaceTemperature0321,Generated surface temperature sensor data
SurfaceTemperature0322,Generated surface temperature sensor data
SurfaceTemperature0323,Generated surface temperature sensor data
SurfaceTemperature0324,Generated surface temperature sensor data
SurfaceTemperature0325,Generated surface temperature sensor data
SurfaceTemperature0326,Generated surface temperature sensor data
SurfaceTemperature0327,Generated surface temperature sensor data
SurfaceTemperature0328,Generated surface temperature sensor data
SurfaceTemperature0329,Generated surface temperature sensor data
SurfaceTemperature0330,Generated surface temperature sensor data
SurfaceTemperature0331,Generated surface temperature sensor data
SurfaceTemperature0332,Generated surface temperature sensor data
SurfaceTemperature0333,Generated surface temperature sensor data
SurfaceTemperature0334,Generated surface temperature sensor data
SurfaceTemperature0335,Generated surface temperature sensor data
SurfaceTemperature0336,Generated surface temperature sensor data
SurfaceTemperature0337,Generated surface temperature sensor data
SurfaceTemperature0338,Generated surface temperature sensor data
SurfaceTemperature0339,Generated surface temperature sensor data
SurfaceTemperature0340,Generated surface temperature sensor data
SurfaceTemperature0341,Generated surface temperature sensor data
SurfaceTemperature0342,Generated surface temperature sensor data
SurfaceTemperature0343,Generated surface temperature sensor data
SurfaceTemperature0344,Generated surface temperature sensor data
SurfaceTemperature0345,Generated surface temperature sensor data
SurfaceTemperature0346,Generated surface temperature sensor data
SurfaceTemperature0347,Generated surface temperature sensor data
SurfaceTemperature0348,Generated surface temperature sensor data
SurfaceTemperature0349,Generated surface temperature sensor data
SurfaceTemperature0350,Generated surface temperature sensor data
SurfaceTemperature0351,Generated surface temperature sensor data
SurfaceTemperature0352,Generated surface temperature sensor data
SurfaceTemperature0353,Generated surface temperature sensor data
SurfaceTemperature0354,Generated surface temperature sensor data
SurfaceTemperature0355,Generated surface temperature sensor data
SurfaceTemperature0356,Generated surface temperature sensor data
SurfaceTemperature0357,Generated surface temperature sensor data
SurfaceTemperature0358,Generated surface temperature sensor data
SurfaceTemperature0359,Generated surface temperature sensor data
SurfaceTemperature0360,Generated surface temperature sensor data
SurfaceTemperature0361,Generated surface temperature sensor data
SurfaceTemperature0362,Generated surface temperature sensor data
SurfaceTemperature0363,Generated surface temperature sensor data
SurfaceTemperature0364,Generated surface temperature sensor data
SurfaceTemperature0365,Generated surface temperature sensor data
SurfaceTemperature0366,Generated surface temperature sensor data
SurfaceTemperature0367,Generated surface temperature sensor data
SurfaceTemperature0368,Generated surface temperature sensor data
SurfaceTemperature0369,Generated surface temperature sensor data
SurfaceTemperature0370,Generated surface temperature sensor data
SurfaceTemperature0371,Generated surface temperature sensor data
SurfaceTemperature0372,Generated surface temperature sensor data
SurfaceTemperature0373,Generated surface temperature sensor data
SurfaceTemperature0374,Generated surface temperature sensor data
SurfaceTemperature0375,Generated surface temperature sensor data
SurfaceTemperature0376,Generated surface temperature sensor data
SurfaceTemperature0377,Generated surface temperature sensor data
SurfaceTemperature0378,Generated surface temperature sensor data
SurfaceTemperature0379,Generated surface temperature sensor data
SurfaceTemperature0380,Generated surface temperature sensor data
SurfaceTemperature0381,Generated surface temperature sensor data
SurfaceTemperature0382,Generated surface temperature sensor data
SurfaceTemperature0383,Generated surface temperature sensor data
SurfaceTemperature0384,Generated surface temperature sensor data
SurfaceTemperature0385,Generated surface temperature sensor data
SurfaceTemperature0386,Generated surface temperature sensor data
SurfaceTemperature0387,Generated surface temperature sensor data
SurfaceTemperature0388,Generated surface temperature sensor data
SurfaceTemperature0389,Generated surface temperature sensor data
SurfaceTemperature0390,Generated surface temperature sensor data
SurfaceTemperature0391,Generated surface temperature sensor data
SurfaceTemperature0392,Generated surface temperature sensor data
SurfaceTemperature0393,Generated surface temperature sensor data
SurfaceTemperature0394,Generated surface temperature sensor data
SurfaceTemperature0395,Generated surface temperature sensor data
SurfaceTemperature0396,Generated surface temperature sensor data
SurfaceTemperature0397,Generated surface temperature sensor data
SurfaceTemperature0398,Generated surface temperature sensor data
SurfaceTemperature0399,Generated surface temperature sensor data
SurfaceTemperature0400,Generated surface temperature sensor data
SupplyLevel0001,Generated surface temperature sensor data
SupplyLevel0002,Generated surface temperature sensor data
SupplyLevel0003,Generated surface temperature sensor data
SupplyLevel0004,Generated surface temperature sensor data
SupplyLevel0005,Generated surface temperature sensor data
SupplyLevel0006,Generated surface temperature sensor data
SupplyLevel0007,Generated surface temperature sensor data
SupplyLevel0008,Generated surface temperature sensor data
SupplyLevel0009,Generated surface temperature sensor data
SupplyLevel0010,Generated surface temperature sensor data
SupplyLevel0011,Generated surface temperature sensor data
SupplyLevel0012,Generated surface temperature sensor data
SupplyLevel0013,Generated surface temperature sensor data
SupplyLevel0014,Generated surface temperature sensor data
SupplyLevel0015,Generated surface temperature sensor data
SupplyLevel0016,Generated surface temperature sensor data
SupplyLevel0017,Generated surface temperature sensor data
SupplyLevel0018,Generated surface temperature sensor data
SupplyLevel0019,Generated surface temperature sensor data
SupplyLevel0020,Generated surface temperature sensor data
SupplyLevel0021,Generated surface temperature sensor data
SupplyLevel0022,Generated surface temperature sensor data
SupplyLevel0023,Generated surface temperature sensor data
SupplyLevel0024,Generated surface temperature sensor data
SupplyLevel0025,Generated surface temperature sensor data
SupplyLevel0026,Generated surface temperature sensor data
SupplyLevel0027,Generated surface temperature sensor data
SupplyLevel0028,Generated surface temperature sensor data
SupplyLevel0029,Generated surface temperature sensor data
SupplyLevel0030,Generated surface temperature sensor data
SupplyLevel0031,Generated surface temperature sensor data
SupplyLevel0032,Generated surface temperature sensor data
SupplyLevel0033,Generated surface temperature sensor data
SupplyLevel0034,Generated surface temperature sensor data
SupplyLevel0035,Generated surface temperature sensor data
SupplyLevel0036,Generated surface temperature sensor data
SupplyLevel0037,Generated surface temperature sensor data
SupplyLevel0038,Generated surface temperature sensor data
SupplyLevel0039,Generated surface temperature sensor data
SupplyLevel0040,Generated surface temperature sensor data
SupplyLevel0041,Generated surface temperature sensor data
SupplyLevel0042,Generated surface temperature sensor data
SupplyLevel0043,Generated surface temperature sensor data
SupplyLevel0044,Generated surface temperature sensor data
SupplyLevel0045,Generated surface temperature sensor data
SupplyLevel0046,Generated surface temperature sensor data
SupplyLevel0047,Generated surface temperature sensor data
SupplyLevel0048,Generated surface temperature sensor data
SupplyLevel0049,Generated surface temperature sensor data
SupplyLevel0050,Generated surface temperature sensor data
SupplyLevel0051,Generated surface temperature sensor data
SupplyLevel0052,Generated surface temperature sensor data
SupplyLevel0053,Generated surface temperature sensor data
SupplyLevel0054,Generated surface temperature sensor data
SupplyLevel0055,Generated surface temperature sensor data
SupplyLevel0056,Generated surface temperature sensor data
SupplyLevel0057,Generated surface temperature sensor data
SupplyLevel0058,Generated surface temperature sensor data
SupplyLevel0059,Generated surface temperature sensor data
SupplyLevel0060,Generated surface temperature sensor data
SupplyLevel0061,Generated surface temperature sensor data
SupplyLevel0062,Generated surface temperature sensor data
SupplyLevel0063,Generated surface temperature sensor data
SupplyLevel0064,Generated surface temperature sensor data
SupplyLevel0065,Generated surface temperature sensor data
SupplyLevel0066,Generated surface temperature sensor data
SupplyLevel0067,Generated surface temperature sensor data
SupplyLevel0068,Generated surface temperature sensor data
SupplyLevel0069,Generated surface temperature sensor data
SupplyLevel0070,Generated surface temperature sensor data
SupplyLevel0071,Generated surface temperature sensor data
SupplyLevel0072,Generated surface temperature sensor data
SupplyLevel0073,Generated surface temperature sensor data
SupplyLevel0074,Generated surface temperature sensor data
SupplyLevel0075,Generated surface temperature sensor data
SupplyLevel0076,Generated surface temperature sensor data
SupplyLevel0077,Generated surface temperature sensor data
SupplyLevel0078,Generated surface temperature sensor data
SupplyLevel0079,Generated surface temperature sensor data
SupplyLevel0080,Generated surface temperature sensor data
SupplyLevel0081,Generated surface temperature sensor data
SupplyLevel0082,Generated surface temperature sensor data
SupplyLevel0083,Generated surface temperature sensor data
SupplyLevel0084,Generated surface temperature sensor data
SupplyLevel0085,Generated surface temperature sensor data
SupplyLevel0086,Generated surface temperature sensor data
SupplyLevel0087,Generated surface temperature sensor data
SupplyLevel0088,Generated surface temperature sensor data
SupplyLevel0089,Generated surface temperature sensor data
SupplyLevel0090,Generated surface temperature sensor data
SupplyLevel0091,Generated surface temperature sensor data
SupplyLevel0092,Generated surface temperature sensor data
SupplyLevel0093,Generated surface temperature sensor data
SupplyLevel0094,Generated surface temperature sensor data
SupplyLevel0095,Generated surface temperature sensor data
SupplyLevel0096,Generated surface temperature sensor data
SupplyLevel0097,Generated surface temperature sensor data
SupplyLevel0098,Generated surface temperature sensor data
SupplyLevel0099,Generated surface temperature sensor data
SupplyLevel0100,Generated surface temperature sensor data
SupplyLevel0101,Generated surface temperature sensor data
SupplyLevel0102,Generated surface temperature sensor data
SupplyLevel0103,Generated surface temperature sensor data
SupplyLevel0104,Generated surface temperature sensor data
SupplyLevel0105,Generated surface temperature sensor data
SupplyLevel0106,Generated surface temperature sensor data
SupplyLevel0107,Generated surface temperature sensor data
SupplyLevel0108,Generated surface temperature sensor data
SupplyLevel0109,Generated surface temperature sensor data
SupplyLevel0110,Generated surface temperature sensor data
SupplyLevel0111,Generated surface temperature sensor data
SupplyLevel0112,Generated surface temperature sensor data
SupplyLevel0113,Generated surface temperature sensor data
SupplyLevel0114,Generated surface temperature sensor data
SupplyLevel0115,Generated surface temperature sensor data
SupplyLevel0116,Generated surface temperature sensor data
SupplyLevel0117,Generated surface temperature sensor data
SupplyLevel0118,Generated surface temperature sensor data
SupplyLevel0119,Generated surface temperature sensor data
SupplyLevel0120,Generated surface temperature sensor data
SupplyLevel0121,Generated surface temperature sensor data
SupplyLevel0122,Generated surface temperature sensor data
SupplyLevel0123,Generated surface temperature sensor data
SupplyLevel0124,Generated surface temperature sensor data
SupplyLevel0125,Generated surface temperature sensor data
SupplyLevel0126,Generated surface temperature sensor data
SupplyLevel0127,Generated surface temperature sensor data
SupplyLevel0128,Generated surface temperature sensor data
SupplyLevel0129,Generated surface temperature sensor data
SupplyLevel0130,Generated surface temperature sensor data
SupplyLevel0131,Generated surface temperature sensor data
SupplyLevel0132,Generated surface temperature sensor data
SupplyLevel0133,Generated surface temperature sensor data
SupplyLevel0134,Generated surface temperature sensor data
SupplyLevel0135,Generated surface temperature sensor data
SupplyLevel0136,Generated surface temperature sensor data
SupplyLevel0137,Generated surface temperature sensor data
SupplyLevel0138,Generated surface temperature sensor data
SupplyLevel0139,Generated surface temperature sensor data
SupplyLevel0140,Generated surface temperature sensor data
SupplyLevel0141,Generated surface temperature sensor data
SupplyLevel0142,Generated surface temperature sensor data
SupplyLevel0143,Generated surface temperature sensor data
SupplyLevel0144,Generated surface temperature sensor data
SupplyLevel0145,Generated surface temperature sensor data
SupplyLevel0146,Generated surface temperature sensor data
SupplyLevel0147,Generated surface temperature sensor data
SupplyLevel0148,Generated surface temperature sensor data
SupplyLevel0149,Generated surface temperature sensor data
SupplyLevel0150,Generated surface temperature sensor data
SupplyLevel0151,Generated surface temperature sensor data
SupplyLevel0152,Generated surface temperature sensor data
SupplyLevel0153,Generated surface temperature sensor data
SupplyLevel0154,Generated surface temperature sensor data
SupplyLevel0155,Generated surface temperature sensor data
SupplyLevel0156,Generated surface temperature sensor data
SupplyLevel0157,Generated surface temperature sensor data
SupplyLevel0158,Generated surface temperature sensor data
SupplyLevel0159,Generated surface temperature sensor data
SupplyLevel0160,Generated surface temperature sensor data
SupplyLevel0161,Generated surface temperature sensor data
SupplyLevel0162,Generated surface temperature sensor data
SupplyLevel0163,Generated surface temperature sensor data
SupplyLevel0164,Generated surface temperature sensor data
SupplyLevel0165,Generated surface temperature sensor data
SupplyLevel0166,Generated surface temperature sensor data
SupplyLevel0167,Generated surface temperature sensor data
SupplyLevel0168,Generated surface temperature sensor data
SupplyLevel0169,Generated surface temperature sensor data
SupplyLevel0170,Generated surface temperature sensor data
SupplyLevel0171,Generated surface temperature sensor data
SupplyLevel0172,Generated surface temperature sensor data
SupplyLevel0173,Generated surface temperature sensor data
SupplyLevel0174,Generated surface temperature sensor data
SupplyLevel0175,Generated surface temperature sensor data
SupplyLevel0176,Generated surface temperature sensor data
SupplyLevel0177,Generated surface temperature sensor data
SupplyLevel0178,Generated surface temperature sensor data
SupplyLevel0179,Generated surface temperature sensor data
SupplyLevel0180,Generated surface temperature sensor data
SupplyLevel0181,Generated surface temperature sensor data
SupplyLevel0182,Generated surface temperature sensor data
SupplyLevel0183,Generated surface temperature sensor data
SupplyLevel0184,Generated surface temperature sensor data
SupplyLevel0185,Generated surface temperature sensor data
SupplyLevel0186,Generated surface temperature sensor data
SupplyLevel0187,Generated surface temperature sensor data
SupplyLevel0188,Generated surface temperature sensor data
SupplyLevel0189,Generated surface temperature sensor data
SupplyLevel0190,Generated surface temperature sensor data
SupplyLevel0191,Generated surface temperature sensor data
SupplyLevel0192,Generated surface temperature sensor data
SupplyLevel0193,Generated surface temperature sensor data
SupplyLevel0194,Generated surface temperature sensor data
SupplyLevel0195,Generated surface temperature sensor data
SupplyLevel0196,Generated surface temperature sensor data
SupplyLevel0197,Generated surface temperature sensor data
SupplyLevel0198,Generated surface temperature sensor data
SupplyLevel0199,Generated surface temperature sensor data
SupplyLevel0200,Generated surface temperature sensor data
SupplyLevel0201,Generated surface temperature sensor data
SupplyLevel0202,Generated surface temperature sensor data
SupplyLevel0203,Generated surface temperature sensor data
SupplyLevel0204,Generated surface temperature sensor data
SupplyLevel0205,Generated surface temperature sensor data
SupplyLevel0206,Generated surface temperature sensor data
SupplyLevel0207,Generated surface temperature sensor data
SupplyLevel0208,Generated surface temperature sensor data
SupplyLevel0209,Generated surface temperature sensor data
SupplyLevel0210,Generated surface temperature sensor data
SupplyLevel0211,Generated surface temperature sensor data
SupplyLevel0212,Generated surface temperature sensor data
SupplyLevel0213,Generated surface temperature sensor data
SupplyLevel0214,Generated surface temperature sensor data
SupplyLevel0215,Generated surface temperature sensor data
SupplyLevel0216,Generated surface temperature sensor data
SupplyLevel0217,Generated surface temperature sensor data
SupplyLevel0218,Generated surface temperature sensor data
SupplyLevel0219,Generated surface temperature sensor data
SupplyLevel0220,Generated surface temperature sensor data
SupplyLevel0221,Generated surface temperature sensor data
SupplyLevel0222,Generated surface temperature sensor data
SupplyLevel0223,Generated surface temperature sensor data
SupplyLevel0224,Generated surface temperature sensor data
SupplyLevel0225,Generated surface temperature sensor data
SupplyLevel0226,Generated surface temperature sensor data
SupplyLevel0227,Generated surface temperature sensor data
SupplyLevel0228,Generated surface temperature sensor data
SupplyLevel0229,Generated surface temperature sensor data
SupplyLevel0230,Generated surface temperature sensor data
SupplyLevel0231,Generated surface temperature sensor data
SupplyLevel0232,Generated surface temperature sensor data
SupplyLevel0233,Generated surface temperature sensor data
SupplyLevel0234,Generated surface temperature sensor data
SupplyLevel0235,Generated surface temperature sensor data
SupplyLevel0236,Generated surface temperature sensor data
SupplyLevel0237,Generated surface temperature sensor data
SupplyLevel0238,Generated surface temperature sensor data
SupplyLevel0239,Generated surface temperature sensor data
SupplyLevel0240,Generated surface temperature sensor data
SupplyLevel0241,Generated surface temperature sensor data
SupplyLevel0242,Generated surface temperature sensor data
SupplyLevel0243,Generated surface temperature sensor data
SupplyLevel0244,Generated surface temperature sensor data
SupplyLevel0245,Generated surface temperature sensor data
SupplyLevel0246,Generated surface temperature sensor data
SupplyLevel0247,Generated surface temperature sensor data
SupplyLevel0248,Generated surface temperature sensor data
SupplyLevel0249,Generated surface temperature sensor data
SupplyLevel0250,Generated surface temperature sensor data
SupplyLevel0251,Generated surface temperature sensor data
SupplyLevel0252,Generated surface temperature sensor data
SupplyLevel0253,Generated surface temperature sensor data
SupplyLevel0254,Generated surface temperature sensor data
SupplyLevel0255,Generated surface temperature sensor data
SupplyLevel0256,Generated surface temperature sensor data
SupplyLevel0257,Generated surface temperature sensor data
SupplyLevel0258,Generated surface temperature sensor data
SupplyLevel0259,Generated surface temperature sensor data
SupplyLevel0260,Generated surface temperature sensor data
SupplyLevel0261,Generated surface temperature sensor data
SupplyLevel0262,Generated surface temperature sensor data
SupplyLevel0263,Generated surface temperature sensor data
SupplyLevel0264,Generated surface temperature sensor data
SupplyLevel0265,Generated surface temperature sensor data
SupplyLevel0266,Generated surface temperature sensor data
SupplyLevel0267,Generated surface temperature sensor data
SupplyLevel0268,Generated surface temperature sensor data
SupplyLevel0269,Generated surface temperature sensor data
SupplyLevel0270,Generated surface temperature sensor data
SupplyLevel0271,Generated surface temperature sensor data
SupplyLevel0272,Generated surface temperature sensor data
SupplyLevel0273,Generated surface temperature sensor data
SupplyLevel0274,Generated surface temperature sensor data
SupplyLevel0275,Generated surface temperature sensor data
SupplyLevel0276,Generated surface temperature sensor data
SupplyLevel0277,Generated surface temperature sensor data
SupplyLevel0278,Generated surface temperature sensor data
SupplyLevel0279,Generated surface temperature sensor data
SupplyLevel0280,Generated surface temperature sensor data
SupplyLevel0281,Generated surface temperature sensor data
SupplyLevel0282,Generated surface temperature sensor data
SupplyLevel0283,Generated surface temperature sensor data
SupplyLevel0284,Generated surface temperature sensor data
SupplyLevel0285,Generated surface temperature sensor data
SupplyLevel0286,Generated surface temperature sensor data
SupplyLevel0287,Generated surface temperature sensor data
SupplyLevel0288,Generated surface temperature sensor data
SupplyLevel0289,Generated surface temperature sensor data
SupplyLevel0290,Generated surface temperature sensor data
SupplyLevel0291,Generated surface temperature sensor data
SupplyLevel0292,Generated surface temperature sensor data
SupplyLevel0293,Generated surface temperature sensor data
SupplyLevel0294,Generated surface temperature sensor data
SupplyLevel0295,Generated surface temperature sensor data
SupplyLevel0296,Generated surface temperature sensor data
SupplyLevel0297,Generated surface temperature sensor data
SupplyLevel0298,Generated surface temperature sensor data
SupplyLevel0299,Generated surface temperature sensor data
SupplyLevel0300,Generated surface temperature sensor data
SupplyLevel0301,Generated surface temperature sensor data
SupplyLevel0302,Generated surface temperature sensor data
SupplyLevel0303,Generated surface temperature sensor data
SupplyLevel0304,Generated surface temperature sensor data
SupplyLevel0305,Generated surface temperature sensor data
SupplyLevel0306,Generated surface temperature sensor data
SupplyLevel0307,Generated surface temperature sensor data
SupplyLevel0308,Generated surface temperature sensor data
SupplyLevel0309,Generated surface temperature sensor data
SupplyLevel0310,Generated surface temperature sensor data
SupplyLevel0311,Generated surface temperature sensor data
SupplyLevel0312,Generated surface temperature sensor data
SupplyLevel0313,Generated surface temperature sensor data
SupplyLevel0314,Generated surface temperature sensor data
SupplyLevel0315,Generated surface temperature sensor data
SupplyLevel0316,Generated surface temperature sensor data
SupplyLevel0317,Generated surface temperature sensor data
SupplyLevel0318,Generated surface temperature sensor data
SupplyLevel0319,Generated surface temperature sensor data
SupplyLevel0320,Generated surface temperature sensor data
SupplyLevel0321,Generated surface temperature sensor data
SupplyLevel0322,Generated surface temperature sensor data
SupplyLevel0323,Generated surface temperature sensor data
SupplyLevel0324,Generated surface temperature sensor data
SupplyLevel0325,Generated surface temperature sensor data
SupplyLevel0326,Generated surface temperature sensor data
SupplyLevel0327,Generated surface temperature sensor data
SupplyLevel0328,Generated surface temperature sensor data
SupplyLevel0329,Generated surface temperature sensor data
SupplyLevel0330,Generated surface temperature sensor data
SupplyLevel0331,Generated surface temperature sensor data
SupplyLevel0332,Generated surface temperature sensor data
SupplyLevel0333,Generated surface temperature sensor data
SupplyLevel0334,Generated surface temperature sensor data
SupplyLevel0335,Generated surface temperature sensor data
SupplyLevel0336,Generated surface temperature sensor data
SupplyLevel0337,Generated surface temperature sensor data
SupplyLevel0338,Generated surface temperature sensor data
SupplyLevel0339,Generated surface temperature sensor data
SupplyLevel0340,Generated surface temperature sensor data
SupplyLevel0341,Generated surface temperature sensor data
SupplyLevel0342,Generated surface temperature sensor data
SupplyLevel0343,Generated surface temperature sensor data
SupplyLevel0344,Generated surface temperature sensor data
SupplyLevel0345,Generated surface temperature sensor data
SupplyLevel0346,Generated surface temperature sensor data
SupplyLevel0347,Generated surface temperature sensor data
SupplyLevel0348,Generated surface temperature sensor data
SupplyLevel0349,Generated surface temperature sensor data
SupplyLevel0350,Generated surface temperature sensor data
SupplyLevel0351,Generated surface temperature sensor data
SupplyLevel0352,Generated surface temperature sensor data
SupplyLevel0353,Generated surface temperature sensor data
SupplyLevel0354,Generated surface temperature sensor data
SupplyLevel0355,Generated surface temperature sensor data
SupplyLevel0356,Generated surface temperature sensor data
SupplyLevel0357,Generated surface temperature sensor data
SupplyLevel0358,Generated surface temperature sensor data
SupplyLevel0359,Generated surface temperature sensor data
SupplyLevel0360,Generated surface temperature sensor data
SupplyLevel0361,Generated surface temperature sensor data
SupplyLevel0362,Generated surface temperature sensor data
SupplyLevel0363,Generated surface temperature sensor data
SupplyLevel0364,Generated surface temperature sensor data
SupplyLevel0365,Generated surface temperature sensor data
SupplyLevel0366,Generated surface temperature sensor data
SupplyLevel0367,Generated surface temperature sensor data
SupplyLevel0368,Generated surface temperature sensor data
SupplyLevel0369,Generated surface temperature sensor data
SupplyLevel0370,Generated surface temperature sensor data
SupplyLevel0371,Generated surface temperature sensor data
SupplyLevel0372,Generated surface temperature sensor data
SupplyLevel0373,Generated surface temperature sensor data
SupplyLevel0374,Generated surface temperature sensor data
SupplyLevel0375,Generated surface temperature sensor data
SupplyLevel0376,Generated surface temperature sensor data
SupplyLevel0377,Generated surface temperature sensor data
SupplyLevel0378,Generated surface temperature sensor data
SupplyLevel0379,Generated surface temperature sensor data
SupplyLevel0380,Generated surface temperature sensor data
SupplyLevel0381,Generated surface temperature sensor data
SupplyLevel0382,Generated surface temperature sensor data
SupplyLevel0383,Generated surface temperature sensor data
SupplyLevel0384,Generated surface temperature sensor data
SupplyLevel0385,Generated surface temperature sensor data
SupplyLevel0386,Generated surface temperature sensor data
SupplyLevel0387,Generated surface temperature sensor data
SupplyLevel0388,Generated surface temperature sensor data
SupplyLevel0389,Generated surface temperature sensor data
SupplyLevel0390,Generated surface temperature sensor data
SupplyLevel0391,Generated surface temperature sensor data
SupplyLevel0392,Generated surface temperature sensor data
SupplyLevel0393,Generated surface temperature sensor data
SupplyLevel0394,Generated surface temperature sensor data
SupplyLevel0395,Generated surface temperature sensor data
SupplyLevel0396,Generated surface temperature sensor data
SupplyLevel0397,Generated surface temperature sensor data
SupplyLevel0398,Generated surface temperature sensor data
SupplyLevel0399,Generated surface temperature sensor data
SupplyLevel0400,Generated surface temperature sensor data
BlockedReason0001,Generated blocked reason information
BlockedReason0002,Generated blocked reason information
BlockedReason0003,Generated blocked reason information
BlockedReason0004,Generated blocked reason information
BlockedReason0005,Generated blocked reason information
BlockedReason0006,Generated blocked reason information
BlockedReason0007,Generated blocked reason information
BlockedReason0008,Generated blocked reason information
BlockedReason0009,Generated blocked reason information
BlockedReason0010,Generated blocked reason information
BlockedReason0011,Generated blocked reason information
BlockedReason0012,Generated blocked reason information
BlockedReason0013,Generated blocked reason information
BlockedReason0014,Generated blocked reason information
BlockedReason0015,Generated blocked reason information
BlockedReason0016,Generated blocked reason information
BlockedReason0017,Generated blocked reason information
BlockedReason0018,Generated blocked reason information
BlockedReason0019,Generated blocked reason information
BlockedReason0020,Generated blocked reason information
BlockedReason0021,Generated blocked reason information
BlockedReason0022,Generated blocked reason information
BlockedReason0023,Generated blocked reason information
BlockedReason0024,Generated blocked reason information
BlockedReason0025,Generated blocked reason information
BlockedReason0026,Generated blocked reason information
BlockedReason0027,Generated blocked reason information
BlockedReason0028,Generated blocked reason information
BlockedReason0029,Generated blocked reason information
BlockedReason0030,Generated blocked reason information
BlockedReason0031,Generated blocked reason information
BlockedReason0032,Generated blocked reason information
BlockedReason0033,Generated blocked reason information
BlockedReason0034,Generated blocked reason information
BlockedReason0035,Generated blocked reason information
BlockedReason0036,Generated blocked reason information
BlockedReason0037,Generated blocked reason information
BlockedReason0038,Generated blocked reason information
BlockedReason0039,Generated blocked reason information
BlockedReason0040,Generated blocked reason information
BlockedReason0041,Generated blocked reason information
BlockedReason0042,Generated blocked reason information
BlockedReason0043,Generated blocked reason information
BlockedReason0044,Generated blocked reason information
BlockedReason0045,Generated blocked reason information
BlockedReason0046,Generated blocked reason information
BlockedReason0047,Generated blocked reason information
BlockedReason0048,Generated blocked reason information
BlockedReason0049,Generated blocked reason information
BlockedReason0050,Generated blocked reason information
BlockedReason0051,Generated blocked reason information
BlockedReason0052,Generated blocked reason information
BlockedReason0053,Generated blocked reason information
BlockedReason0054,Generated blocked reason information
BlockedReason0055,Generated blocked reason information
BlockedReason0056,Generated blocked reason information
BlockedReason0057,Generated blocked reason information
BlockedReason0058,Generated blocked reason information
BlockedReason0059,Generated blocked reason information
BlockedReason0060,Generated blocked reason information
BlockedReason0061,Generated blocked reason information
BlockedReason0062,Generated blocked reason information
BlockedReason0063,Generated blocked reason information
BlockedReason0064,Generated blocked reason information
BlockedReason0065,Generated blocked reason information
BlockedReason0066,Generated blocked reason information
BlockedReason0067,Generated blocked reason information
BlockedReason0068,Generated blocked reason information
BlockedReason0069,Generated blocked reason information
BlockedReason0070,Generated blocked reason information
BlockedReason0071,Generated blocked reason information
BlockedReason0072,Generated blocked reason information
BlockedReason0073,Generated blocked reason information
BlockedReason0074,Generated blocked reason information
BlockedReason0075,Generated blocked reason information
BlockedReason0076,Generated blocked reason information
BlockedReason0077,Generated blocked reason information
BlockedReason0078,Generated blocked reason information
BlockedReason0079,Generated blocked reason information
BlockedReason0080,Generated blocked reason information
BlockedReason0081,Generated blocked reason information
BlockedReason0082,Generated blocked reason information
BlockedReason0083,Generated blocked reason information
BlockedReason0084,Generated blocked reason information
BlockedReason0085,Generated blocked reason information
BlockedReason0086,Generated blocked reason information
BlockedReason0087,Generated blocked reason information
BlockedReason0088,Generated blocked reason information
BlockedReason0089,Generated blocked reason information
BlockedReason0090,Generated blocked reason information
BlockedReason0091,Generated blocked reason information
BlockedReason0092,Generated blocked reason information
BlockedReason0093,Generated blocked reason information
BlockedReason0094,Generated blocked reason information
BlockedReason0095,Generated blocked reason information
BlockedReason0096,Generated blocked reason information
BlockedReason0097,Generated blocked reason information
BlockedReason0098,Generated blocked reason information
BlockedReason0099,Generated blocked reason information
BlockedReason0100,Generated blocked reason information
MFCFlowRate,Mass flow controller flow rate
MFCCurrState,The current state of the MFC
RampRate,Temperature ramp rate on hot plate
Temperature,Current temperature on the hot plate
TempSetpoint,Target hot plate temperature
ValveVoltage,Current valve control voltage
ValveCurrState,The current state of the valve
ValveVoltage,Current valve control voltage
ValveCurrState,The current state of the valve
MaterialID,Identifier of the material in the location.  This is a generic parameter defined for all material locations and will provide the same value as SubstID
SubstrateLocationCurrState,128 characters maximum; State Id of the current state of the SubstrateLocation state machine.  This value matches the SubstLocState with the exception of NoState
DisableEvents,Indicates if the transitions for this substrate location either generate (false) or do not generate (true) events to the host.  This parameter corresponds to the E90 SubstrateLocation DisableEvents attribute
SubstID,"Substrate identifier relevant to the location.  This parameter merges the E90 SubstrateLocation SubstID attribute, the SubstrLocSubstrIDi SV, and the SubstLocSubstID DV (since EDA identifies instances with the event sourceID)"
SubstID_1,"Substrate identifier relevant to the location.  This parameter merges the E90 SubstrateLocation SubstID attribute, the SubstrLocSubstrIDi SV, and the SubstLocSubstID DV (since EDA identifies instances with the event sourceID)"
SubstLocState,"Substrate location state for the location.  This parameter merges the E90 SubstrateLocation SubstLocState attribute, SubstLocStatei SV, and the SubstLocState DV (since EDA identifies instances with the event sourceID)"
SubstLocState_1,"Substrate location state for the location.  This parameter merges the E90 SubstrateLocation SubstLocState attribute, SubstLocStatei SV, and the SubstLocState DV (since EDA identifies instances with the event sourceID)"
SubstLocID,Identifier of the substrate location.  This parameter merges the E90 SubstLocIDi SV and the SubstLocID DV (since EDA identifies instances with the event sourceID).  This value never changes and should match the name of the MaterialLocation
SubstLocID_1,Identifier of the substrate location.  This parameter merges the E90 SubstLocIDi SV and the SubstLocID DV (since EDA identifies instances with the event sourceID).  This value never changes and should match the name of the MaterialLocation
EPTModuleCurrState,State Id of the current state of the EPTModule state machine.  This value matches the EPTState with the exception of NoState
EPTModulePrevState,State Id of the previous state of the EPTModule state machine.  This value matches the PreviousEPTState with the exception of NoState
BlockedReason,A numeric code that identifies the most recent blocked condition of the related EPT module.  This parameter merges the E116 EPTTracker BlockedReason attribute and the BlockedReason DV (since EDA identifies instances with the event sourceID)
BlockedReasonText,A description of the most recent blocked condition of the Equipment or EPT module.  This parameter merges the E116 EPTTracker BlockedReason attribute and the BlockedReasonText DV (since EDA allows attributes in reports)
DisableEventOnTransition,A list of zero to nine EPT State Model transitions for which event reporting to the host are disabled.  This parameter corresponds to the E116 EPTTracker DisableEventOnTransition attribute
EPTElementType,A numeric code that indicates whether this EPTTracker object refers to the equipment or an EPT module.  This parameter corresponds to the E116 EPTTracker EPTElementType attribute
EPTState,The current EPT state of this equipment or EPT module.  This parameter merges the EPTTracker E116 EPTState attribute and the EPTState DV (since EDA identifies instances with the event sourceID)
EPTStateTime,"Time spent in the previous EPT State, prior to entering the current EPTState.  This parameter merges the E116 EPTTracker EPTStateTime attribute and the EPTStateTime DV (since EDA identifies instances with the event sourceID)"
EPTElementName,"A human-understandable name for this equipment or module, which must be unique amoung all objects of EPTTracker type.  This parameter corresponds to the E116 EPTTracker EPTElementName attribute"
PreviousEPTState,"The previous EPT state of this equipment or EPT module, prior to entering the current state.  This parameter merges the E116 EPTTracker PreviousEPTState attribute and the PreviousEPTState DV (since EDA identifies instances with the event sourceID)"
PreviousTaskName,"Name of the EPT Task previously running on the EPT module, prior to starting the current EPT Task.  This parameter merges the E116 EPTTracker PreviousTaskName attribute and the PreviousTaskName DV (since EDA identifies instances with the event sourceID)"
PreviousTaskType,"Type of the EPT Task previously running on this EPT module, prior to starting the current EPT Task.  This parameter merges the E116 EPTTracker PreviousTaskType attribute and the PreviousTaskType DV (since EDA identifies instances with the event sourceID)"
TaskName,Name of the EPT Task currently running on this EPT module.  This parameter merges the E116 EPTTracker TaskName attribute and the TaskName DV (since EDA identifies instances with the event sourceID)
TaskType,The type of EPT Task currently running on this EPT module.  This parameter merges the E116 EPTTracker TaskType attribute and the TaskType DV (since EDA identifies instances with the event sourceID)
TransitionTimestamp,"The timestamp when the most recent transition occurred and collection event was triggered that set the tracker to its current state.  This parameter corresponds to the E116 EPTTracker TransitionTimestamp attribute.  This parameter is reported in the standard EDA time format, not the GEM selected format"
Transition,The most recent transition that updated the tracker.  This parameter corresponds to the E116 EPTTracker Transition attribute
TrackerEventID,Identifier for the event that triggered for a change in the state model for this tracker.  This parameter corresponds to the E116 EPTTracker TrackerEventID attribute
TrackerEDAEventID,EDA event that was triggered for a change in the state model for this tracker.  This parameter corresponds to the TrackerEventID parameter except it provides the EDA names and sources for the event
RecID,Recipe Identifier - The identifier of the master recipe executing on the equipment
ArmPosition,The arm position in cartesian coordinates measured in centimeters
DispTime,Coat dispense time in milliseconds
DispVolume,Volume of fluid dispensed on the wafer
DispenseArmCurrState,The current state of the dispense arm
dispenseTemperature,The current temperature of the dispense fluid
temperatureSetpoint,Defines the temperature set point for the dispense fluid
ZAxisEncoder,Z Axis encoder count for current position
XAxisEncoder,X Axis encoder count for current position
PhotoresistPumpCurrState,The current state of the photoresist pump
ChuckPosition,The position of the chuck in cartesian coordinates measured in centimeters
SpinSpeed,Current speed of the spin chuck
SpinChuckSpinCurrState,The current state of the spin chuck spinner
SpinChuckSpinPrevState,The previous state of the spin chuck spinner
SpinChuckPositionCurrState,The current state of the spin chuck position
ZAxisEncoder,Z Axis encoder count for current position
ThetaEncoderSpeed,Encoder counts per second on Theta motor
MaterialID,Identifier of the material in the location.  This is a generic parameter defined for all material locations and will provide the same value as SubstID
DisableEvents,Indicates if the transitions for this substrate location either generate (false) or do not generate (true) events to the host.  This parameter corresponds to the E90 SubstrateLocation DisableEvents attribute
SubstID,"Substrate identifier relevant to the location.  This parameter merges the E90 SubstrateLocation SubstID attribute, the SubstrLocSubstrIDi SV, and the SubstLocSubstID DV (since EDA identifies instances with the event sourceID)"
SubstLocState,"Substrate location state for the location.  This parameter merges the E90 SubstrateLocation SubstLocState attribute, SubstLocStatei SV, and the SubstLocState DV (since EDA identifies instances with the event sourceID)"
SubstLocID,Identifier of the substrate location.  This parameter merges the E90 SubstLocIDi SV and the SubstLocID DV (since EDA identifies instances with the event sourceID).  This value never changes and should match the name of the MaterialLocation
ArmHome,The arm home position in cylindrical coordinates
ArmPosition,The arm position in cylindrical coordinates
RobotPosition,The robot position in cartesian coordinates
RobotHome,The robot home position in cartesian coordinates
TransferRobotCurrState,The current state of the transfer robot
TransferArmCurrState,The current state of the transfer arm
Axis1Encoder,Axis 1 encoder count for current position
Axis2Encoder,Axis 2 encoder count for current position
Axis3Encoder,Axis 3 encoder count for current position
Axis4Encoder,Axis 4 encoder count for current position
Axis5Encoder,Axis 5 encoder count for current position
MaterialID,Identifier of the material in the location.  This is a generic parameter defined for all material locations and will provide the same value as SubstID
DisableEvents,Indicates if the transitions for this substrate location either generate (false) or do not generate (true) events to the host.  This parameter corresponds to the E90 SubstrateLocation DisableEvents attribute
SubstID,"Substrate identifier relevant to the location.  This parameter merges the E90 SubstrateLocation SubstID attribute, the SubstrLocSubstrIDi SV, and the SubstLocSubstID DV (since EDA identifies instances with the event sourceID)"
SubstLocState,"Substrate location state for the location.  This parameter merges the E90 SubstrateLocation SubstLocState attribute, SubstLocStatei SV, and the SubstLocState DV (since EDA identifies instances with the event sourceID)"
SubstLocID,Identifier of the substrate location.  This parameter merges the E90 SubstLocIDi SV and the SubstLocID DV (since EDA identifies instances with the event sourceID).  This value never changes and should match the name of the MaterialLocation
ManifoldPressure,Pressure reading from the output manifold on the vacuum pump
VacuumPumpCurrState,The current state of the vacuum pump
PortStateInfoList,List of PortStateInfo for all load ports
PortTransferStateList,Current transfer state for all load ports
LoadPortReservationStateList,Current reservation state for all load ports
PortAssociationStateList,Current association state for all load ports
LoadPortTransferCurrState,State Id of the current state of the LoadPortTransfer state machine.  This value matches the PortTransferState with the exception of NoState
LoadPortTransferPrevState,State Id of the previous state of the LoadPortTransfer state machine
LoadPortReservationCurrState,State Id of the current state of the LoadPortReservation state machine.  This value matches the LoadPortReservationState with the exception of NoState
LoadPortCarrierAssociationCurrState,State Id of the current state of the LoadPortCarrierAssociation state machine.  This value matches the PortAssociationState with the exception of NoState
AccessModeCurrState,State Id of the current state of the AccessMode state machine.  This value matches the AccessMode with the exception of NoState
PortTransferState,Current transfer state of this load port.  This parameter merges the E87 PortTransferStatei SV and the PortTransferState DV (since EDA identifies instances with the event sourceID)
PortTransferState_1,Current transfer state of this load port.  This parameter merges the E87 PortTransferStatei SV and the PortTransferState DV (since EDA identifies instances with the event sourceID)
LoadPortReservationState,Reservation state of the Load Port.  This parameter merges the E87 LoadPortReservationStatei SV and the LoadPortReservationState DV (since EDA identifies instances with the event sourceID)
LoadPortReservationState_1,Reservation state of the Load Port.  This parameter merges the E87 LoadPortReservationStatei SV and the LoadPortReservationState DV (since EDA identifies instances with the event sourceID)
PortAssociationState,The association state of the load port .  This parameter merges the E87 PortAssociationStatei SV and the PortAssociationState DV (since EDA identifies instances with the event sourceID)
PortAssociationState_1,The association state of the load port .  This parameter merges the E87 PortAssociationStatei SV and the PortAssociationState DV (since EDA identifies instances with the event sourceID)
AccessMode,Access mode of the Load Port.  This parameter merges the E87 AccessModei SV and the AccessMode DV (since EDA identifies instances with the event sourceID)
AccessMode_1,Access mode of the Load Port.  This parameter merges the E87 AccessModei SV and the AccessMode DV (since EDA identifies instances with the event sourceID)
PortStateInfo,PortAssociationState combined with the PortTransferState of this Load Port.  This parameter merges the E87 PortStateInfoi SV and the PortStateInfo DV (since EDA identifies instances with the event sourceID)
PortStateInfo_1,PortAssociationState combined with the PortTransferState of this Load Port.  This parameter merges the E87 PortStateInfoi SV and the PortStateInfo DV (since EDA identifies instances with the event sourceID)
PortID,Load port identifier as defined in E87.  This number will uniquely correspond to this Load Port Subsystem instance.  This parameter corresponds to the E87 PortIDi SV and the PortID DV (since EDA identifies instances with the event sourceID)
PortID_1,Load port identifier as defined in E87.  This number will uniquely correspond to this Load Port Subsystem instance.  This parameter corresponds to the E87 PortIDi SV and the PortID DV (since EDA identifies instances with the event sourceID)
CarrierID,Carrier identifier of the carrier at the loadport (empty for none).  This parameter merges the E87 Load Port LocationID DV and LocationIDi DV.
LocationID,Identifier of the current carrier location.  This parameter merges the E87 Load Port CarrierID DV and CarrierIDi SV.
MaterialID,Identifier of the material in the location (empty for none).  This parameter corresponds to the E87 CarrierIDi SV
LocationID,Identifier of the carrier location.  This parameter corresponds to the E87 LocationIDi SV
MaterialID,Identifier of the material in the location (empty for none).  This parameter corresponds to the E87 CarrierIDi SV
LocationID,Identifier of the carrier location.  This parameter corresponds to the E87 LocationIDi SV
PortTransferState,Current transfer state of this load port.  This parameter merges the E87 PortTransferStatei SV and the PortTransferState DV (since EDA identifies instances with the event sourceID)
LoadPortReservationState,Reservation state of the Load Port.  This parameter merges the E87 LoadPortReservationStatei SV and the LoadPortReservationState DV (since EDA identifies instances with the event sourceID)
PortAssociationState,The association state of the load port .  This parameter merges the E87 PortAssociationStatei SV and the PortAssociationState DV (since EDA identifies instances with the event sourceID)
AccessMode,Access mode of the Load Port.  This parameter merges the E87 AccessModei SV and the AccessMode DV (since EDA identifies instances with the event sourceID)
PortStateInfo,PortAssociationState combined with the PortTransferState of this Load Port.  This parameter merges the E87 PortStateInfoi SV and the PortStateInfo DV (since EDA identifies instances with the event sourceID)
PortID,Load port identifier as defined in E87.  This number will uniquely correspond to this Load Port Subsystem instance.  This parameter corresponds to the E87 PortIDi SV and the PortID DV (since EDA identifies instances with the event sourceID)
MaterialID,Identifier of the material in the location (empty for none).  This parameter corresponds to the E87 CarrierIDi SV
LocationID,Identifier of the carrier location.  This parameter corresponds to the E87 LocationIDi SV
MaterialID,Identifier of the material in the location (empty for none).  This parameter corresponds to the E87 CarrierIDi SV
LocationID,Identifier of the carrier location.  This parameter corresponds to the E87 LocationIDi SV
MaterialID,80 characters maximum; Identifier of the material in the location.  This is a generic parameter defined for all material locations and will provide the same value as SubstID
DisableEvents,Indicates if the transitions for this substrate location either generate (false) or do not generate (true) events to the host.  This parameter corresponds to the E90 SubstrateLocation DisableEvents attribute
DisableEvents_1,Indicates if the transitions for this substrate location either generate (false) or do not generate (true) events to the host.  This parameter corresponds to the E90 SubstrateLocation DisableEvents attribute
SubstID,"Substrate identifier relevant to the location.  This parameter merges the E90 SubstrateLocation SubstID attribute, the SubstrLocSubstrIDi SV, and the SubstLocSubstID DV (since EDA identifies instances with the event sourceID)"
SubstLocState,"Substrate location state for the location.  This parameter merges the E90 SubstrateLocation SubstLocState attribute, SubstLocStatei SV, and the SubstLocState DV (since EDA identifies instances with the event sourceID)"
SubstLocID,Identifier of the substrate location.  This parameter merges the E90 SubstLocIDi SV and the SubstLocID DV (since EDA identifies instances with the event sourceID).  This value never changes and should match the name of the MaterialLocation
ArmHome,The arm home position in cylindrical coordinates
ArmPosition,The arm position in cylindrical coordinates
RobotPosition,The robot position in cartesian coordinates
RobotHome,The robot home position in cartesian coordinates
TransferRobotCurrState,The current state of the transfer robot
TransferArmCurrState,The current state of the transfer arm
HardwareErrorDetail,Provides a description of the hardware error found during initialization
Axis1Encoder,Axis 1 encoder count for current position
Axis2Encoder,Axis 2 encoder count for current position
Axis3Encoder,Axis 3 encoder count for current position
Axis4Encoder,Axis 4 encoder count for current position
Axis5Encoder,Axis 5 encoder count for current position
MaterialID,Identifier of the material in the location.  This is a generic parameter defined for all material locations and will provide the same value as SubstID
DisableEvents,Indicates if the transitions for this substrate location either generate (false) or do not generate (true) events to the host.  This parameter corresponds to the E90 SubstrateLocation DisableEvents attribute
SubstID,"Substrate identifier relevant to the location.  This parameter merges the E90 SubstrateLocation SubstID attribute, the SubstrLocSubstrIDi SV, and the SubstLocSubstID DV (since EDA identifies instances with the event sourceID)"
SubstLocState,"Substrate location state for the location.  This parameter merges the E90 SubstrateLocation SubstLocState attribute, SubstLocStatei SV, and the SubstLocState DV (since EDA identifies instances with the event sourceID)"
SubstLocID,Identifier of the substrate location.  This parameter merges the E90 SubstLocIDi SV and the SubstLocID DV (since EDA identifies instances with the event sourceID).  This value never changes and should match the name of the MaterialLocation
EPTEquipmentCurrState,State Id of the current state of the EPTEquipment state machine.  This value matches the EPTState with the exception of NoState
EPTEquipmentPrevState,State Id of the previous state of the EPTEquipment state machine.  This value matches the PreviousEPTState with the exception of NoState
EPTState,The current EPT state of this equipment or EPT module.  This parameter merges the EPTTracker E116 EPTState attribute and the EPTState DV (since EDA identifies instances with the event sourceID)
PreviousEPTState,"The previous EPT state of this equipment or EPT module, prior to entering the current state.  This parameter merges the E116 EPTTracker PreviousEPTState attribute and the PreviousEPTState DV (since EDA identifies instances with the event sourceID)"
CtrlJobID,The identifier of the control job containing the incorrect MtrlOutSpec
SubstID,The identifier of the substrate that could not be processed due to the MtrlOutSpec
QueuedCJobs,Ordered list of ControlJobs currently in the Queue
QueueAvailableSpace,Indicates the number of jobs which the queue can accept.  This parameter corresponds to the E94 QueueAvailableSpace SV
SetUpName,Host sets this to define the operational condition of the equipment.  This parameter corresponds to the E94 SetUpName EC
CarrierLocationMatrix,A list of all carriers at/in the equipment
DateTime,Current date and time of the clock.  This corresponds to the E148 TS-Clock DateTime attribute
UseTimeSync,Enables (true) or Disables (false) network time synchronization.  This corresponds to the E148 TS-Clock UseTimeSync attribute
Offset,Total offset to the time synchronization reference clock.  This corresponds to the E148 TS-Clock Offset attribute
TimeServers,Time server IP addresses.  This corresponds to the E148 TS-Clock TimeServers attribute
TimeSyncInterval,Synchronization interval with the time server.  This corresponds to the E148 TS-Clock TimeSyncInterval attribute
LastSyncTime,The time when the equipment clock was last synchronized.  This corresponds to the E148 TS-Clock LastSyncTime attribute
LastSyncTimeServer,IP address of the time server used to synchronize last.  This corresponds to the E148 TS-Clock LastSyncTimeServer attribute
Status,The NTP system status word that appears in the status filed of the response to a read variables command with a zero association identifier.  This corresponds to the E148 TS-Clock Status attribute
