date,title,writerP,zbody
20180222 16:03,공 0222(목) 정식 서버 패치 변경점 안내,니치크,안녕하세요마비노기입니다2018년 02월 22일(목)패치로 변경되는 내용은 다음과 같습니다 새 학기 초성퀴즈 이벤트가 진행됩니다 공지 바로가 수정 사항 모든 인형 가방에 아이템 수집 활성화비활성화 기능이 추가됩니다 파트너 캐릭터에게 로브 선물하기 기능이 추가됩니다 (일부 로브 아이템은 선물이 불가능합니다) 집사(시크함해맑음건방짐) 메이드(어리버리상냥함도도함) 교역 파트너 윌리엄 라그린네 동물캐릭터 소환해제 시 발생하던 지연 현상이 완화됩니다 캐릭터가 다수의 인형 가방을 소환하고 스킬을 사용할 때 발생하던 지연 현상이 완화됩니다 클라이언트 실행 시 로비 진입이 빨라집니다 큐피드 클레릭 더블 하트 헤일의 인벤토리 이미지가 비정상적이던 문제가 수정됩니다감사합니다
20170831 09:36,공 내용 추 0831(목) 정식 서버 패치 변경점 안내,블라니드,안녕하세요마비노기입니다2017년 08월 31일(목)패치로 변경되는 내용은 다음과 같습니다 봉인된 체인 박스 보너스 포인트 이벤트가 진행됩니다 공지 바로가 수정 사항 일부 정령 무기의 사회 레벨이 올라갈 경우 정령 검 실체 스킬을 습득하던 문제가 수정됩니다 캐릭터의 FOOD 수치가 줄어들지 않던 문제가 수정됩니다 생산 스킬 리스트와 재능 타이틀 리스트가 계속해서 갱신되던 문제가 수정됩니다 캐릭터 감정 표현의 지속 시간이 짧아진 문제가 수정됩니다 교역 중 재접속하면 교역 취소 버튼이 사라지던 문제가 수정됩니다 그랜드마스터의 퀘스트 대화 중 NPC 레자르에게 아이템 수 버튼이 있던 문제가 수정됩니다 G16 메인스트림 입 밖에 낼 수 없는 생 퀘스트 진행 중 밀 미션에 들어가면 파티장이 봉화대 아래에 있던 문제가 수정됩니다 그랜드마스터 4인 미션에서 몬스터 펜카스트가 워터 캐 스킬로 공격 당하면 비정상적인 위치로 이동하던 문제가 수정됩니다 도전 벨테인 미 엘리트 모드 벨테인 미 퀘스트를 잘못된 레벨에 받을 수 있던 문제가 수정됩니다 광신도 대을 일부 아이템과 함께 착용했을 때 그래픽이 비정상적으로 보이던 문제가 수정됩니다 버넘 플레이트 부와 일부 의상을 함께 착용했을 때 그래픽이 비정상적으로 보이던 문제가 수정됩니다 고져스 로즈 프릴 안대(남성용) 착용 시 그래픽이 비정상적으로 보이던 문제가 수정됩니다 기묘한 애프터눈 티 드레스(남성용) 착용 시 그래픽이 비정상적으로 보이던 문제가 수정됩니다 대용량 축복의 포 아이템의 설명에 오타가 있던 문제가 수정됩니다 스마트 콘텐츠의 오타가 수정됩니다 맨손으로 곰을 잡 타이틀의 설명 10살에 곰을 잡 타이틀의 설명 마나 터널 랍파 랍파 뗏목 종착(내용 추가) 20170831 14:07 이후 접속 시 활성화된 별자리 풍선 12종을 착용한 상태로 재접속할 경우 남은 활성화 시간이 비정상적으로 보이던 문제가 수정됩니다감사합니다
20170622 10:24,공 0622(목) 정식 서버 패치 변경점 안내,니치크,안녕하세요마비노기 입니다2017년 06월 22일(목)패치로 변경되는 내용은 다음과 같습니다 13주년 2차 이벤트가 시작됩니다 공지 바로가 수정 사항 캐릭터 이동 중 아래 상황에서 발생했던 위치 렉 현상이 완화됩니다 적에게 피격 시 일부 스킬 사용 및 해제 시 탑승 상태에서 타겟 변경 시 교역 운송 수단 승하차 시 페스티아 즉석 경품 이벤트의 3 4주차 4등 경품이 경험치 상승의 황금 열매(50)로 변경됩니다 서포트 퍼핏의 매직 실드와 캐릭터의 매직 실드가 동시에 적용되지 않던 문제가 수정됩니다 일부 서포트 퍼핏을 착용하고 재접속 시 기능이 비활성화된 상태임에도 미니맵이 밝혀지던 문제가 수정됩니다 벨리사 서포트 퍼 오드아이 벨리사 서포트 퍼 할로윈 유령 서포트 퍼 일부 던전에서 서포트 퍼핏이 문이 열리는 구슬을 알려주지 않던 문제가 수정됩니다 파트너에게 액세서리를 선물할 때 리스트에 플라잉 퍼핏과 서포트 퍼핏이 나오던 문제가 수정됩니다 교역 중 서포트 퍼핏 유와 임프 교역단에게 현재 교역 물품과 무관한 대사가 나오던 문제가 수정됩니다 교역 중 서포트 퍼핏 유의 교역 대사를 껐을 때 임프 교역단의 대사가 잘못 나오던 문제가 수정됩니다 간헐적으로 하루가 지나도 알파카 털의 채집 가능 횟수가 초기화되지 않던 문제가 수정됩니다 제분 시 생산 성공률 추가 효과가 적용되지 않던 문제가 수정됩니다 힐과 파티 힐 스킬 관련 세공 효과가 특정 구간에서 간헐적으로 적용되지 않던 문제가 수정됩니다 내 계정에 추천 대상과 다른 서버의 같은 캐릭터 명을 사용하는 캐릭터가 있을 때 추천인 등록이 불가능하던 문제가 수정됩니다 페스티아 상인 의상(남성용)과 스페셜 뉴비 슈즈 A타입(남성용)을 함께 착용하면 신발이 비정상적으로 보이던 문제가 수정됩니다 자이언트 여성 캐릭터가 귀여운 눈꽃 장 착용 시 인벤토리 내 이미지와 실제 색상이 다르게 나타나던 문제가 수정됩니다 페스티아 랜드마크의 장미 장식이 공중에 떠 있던 문제가 수정됩니다감사합니다
20170511 11:01,공 0511(목) 정식 서버 패치 변경점 안내,니치크,안녕하세요마비노기 입니다2017년 05월 11일(목)패치로 변경되는 내용은 다음과 같습니다 도전 포인트 미션 시즌2 이벤트가 시작됩니다 공지 바로가 프리미엄 플러스 팩 혜택이 강화됩니다 경매장 등록 시간과 슬롯이 추가 제공됩니다 바람이 그리는 노 시나리오를 완료한 캐릭터의 에코스톤 슬롯 이용 기간이 제공됩니다 (기존에 남아있던 이용 기간은 프리미엄 플러스 팩 혜택이 끝난 후 적용됩니다) 프리미엄 오늘의 미션을 이용할 수 있습니다 1일 1회 프리미엄 새도우 크리스탈이 제공됩니다 (해당 크리스탈은 지급받은 날의 자정까지만 사용이 가능합니다) 수표 출금 한도가 1천만 골드에서 3천만 골드로 확장됩니다 개선 사항 수표 출금 한도가 5백만 골드에서 1천만 골드로 확장됩니다 고액권 수표에 대한 색상이 추가됩니다 모든 타이틀을 시간에 제한 없이 자유롭게 변경할 수 있도록 개선됩니다 일부 유료로 제공되던 제스처를 자유롭게 쓸 수 있도록 개선됩니다 수정 사항 프리미엄 팩프리미엄 플러스 팩을 사용 중일 때 만료된 콤보 카드를 커스터마이즈 할 수 없던 문제가 수정됩니다 승단 시험 합격 컷신이 나오기 전에 미션에서 나오면 승단 배지를 받지 못하던 문제가 수정됩니다 승단 안내인과 전투 관련 보상 대화 시 엘프자이언트 종족이 응시할 수 없는 스킬이 포함되어 있던 문제가 수정됩니다 스킬 언트레인을 이용하여 1랭크 이상인 스킬에 스킬 수련 인장을 사용할 수 있던 문제가 수정됩니다 수리검 폭 또는 수리검 돌을 3단으로 승급한 후 재접속하면 자비 없는 총 저널을 획득하던 문제가 수정됩니다 위 방법으로 획득된 자비없는 총 저널과 저널 포인트는 점검 중에 삭제되었습니다 에코스톤에 일부 옵션이 정상 적용되지 않던 문제가 수정됩니다 페카 던전 컴플리 저널을 가진 캐릭터가 페카 하급중급상급 던전 클리 저널도 가지고 있던 문제가 수정됩니다 타이틀 목록을 열 때마다 선택한 타이틀이 변경되던 문제가 수정됩니다 마족 스크롤 퀘스트 게시판에 퀘스트 목록이 나타나지 않던 문제가 수정됩니다 교역 중에 스킬을 사용하고 단축키 R을 누르면 멀리 떨어진 운송수단에 바로 탑승할 수 있던 문제가 수정됩니다 설원 농장 지역에서 발걸음 사운드가 들리지 않던 문제가 수정됩니다 애완동물용 인명 구조 키 아이템이 사용되지 않던 문제가 수정됩니다 지정PC 이용 중 로그아웃 시 간헐적으로 오류 메시지가 나타나던 문제가 수정됩니다 자이언트로 라그린네의 큐래스 가먼 착용 시 스타킹 색상이 비정상적으로 보이던 문제가 수정됩니다 하얀 원목 자 아이템이 파기 가능해집니다 인술듀얼건 재능의 스킬 수련 인장 (10) 아이템 명칭에 재능이 잘못 표기되었던 문제가 수정됩니다 환경 설정의 소환한 캐릭터가 자동으로 피니쉬 항목의 오탈자가 수정됩니다 스킬 상세 정보창의 수련 방법 띄어쓰기 문제가 수정됩니다감사합니다
20170511 10:59, (내용수정)프리미엄 플러스 팩 개편 및 변경 사항 개편 기념 판매 이벤트 안내,코네일라," 마비노기 프리미엄 플러스 팩의 진화 프리미엄 플러스 팩에 새로운 플러스를 더하다안녕하세요마비노기 GM코네일라입니다새롭게 업그레이드된 마비노기 프리미엄 플러스 팩다양한 신규 혜택과 더욱 강화된 기존 혜택으로마비노기 프리미엄 플러스 팩이 개편되었습니다새롭게 진화된 마비노기 프리미엄 플러스 팩을 지금 바로 만나러 가보실까요 잠깐 출발 전 꼭 확인하세요하나 기존의 마비노기 프리미엄 팩은 0524(수) 23:59 이후 판매가 종료됩니다 둘 이미 구매한 마비노기 프리미엄 팩은 판매 종료 후에도 사용할 수 있으며 기존 서비스가 적용됩니다 셋 이미 구매한 마비노기 프리미엄 플러스 팩은 개편 이후 사용 시 업그레이드된 서비스가 적용됩니다넷 0518(목) 이후 마비노기 프리미엄 플러스 팩(30일)의 묶음 할인 판매가 종료됩니다 마비노기 프리미엄 플러스 팩 개편 안내하나 새롭게 추가된 혜택 에코스톤 사용에 필요한 슬롯의 이용 기간이 무제한으로 제공됩니다 아이템 구매 및 판매에 필요한 경매장 슬롯 5개가 추가로 제공됩니다 아이템 판매 마감 시간을 최대 48시간까지 등록할 수 있습니다 그림자 미션 게시판에서 프리미엄 오늘의 미션이 제공됩니다 그림자 미션의 경험치와 골드 보너스를 얻을 수 있는 프리미엄 새도우 크리스탈이 하루 한 번 제공됩니다둘 더욱 강화된 혜택 수표 출금 시 수수료가 지불되지 않으며 최대 3천만 골드까지 수표로 출금할 수 있습니다셋 기존 혜택 무료화 재능 타이틀을 제한 없이 교체할 수 있습니다 개성 있는 몸짓을 통해 캐릭터의 감정을 표현할 수 있는 다양한 제스처를 모두 사용할 수 있습니다참고사 ""바람이 그리는 노래"" 시나리오를 완료한 캐릭터에 한해 에코스톤 슬롯 무제한 이용 혜택이 적용됩니다 프리미엄 새도우 크리스탈은 획득 당일에만 사용할 수 있습니다 (예 : 0511(목) 오후 11시 30분 획득한 프리미엄 새도우 크리스탈은 0511(금) 오전 00시 00분 이후 사용할 수 없습니다) 프리미엄 서비스 미사용 고객도 재능 타이틀 1차 2차 타이틀을 시간 제한 없이 교체할 수 있습니다 기존 프리미엄 서비스에 기본으로 포함되어 있던 제스쳐를 이제 모든 고객이 이용할 수 있습니다 마비노기 프리미엄 플러스 팩 개편 기념 이벤트 하나 판매 기간 : 2017년 05월 11일(목) 점검 후 2017년 05월 24일(수)ㅁ 마비노기 프리미엄 플러스 팩(60일) 마비노기 프리미엄 플러스 팩(120일)""난 프리미엄 플러스 혜택을 쭈우욱 받을래""마비노기 프리미엄 플러스 팩(30일) 여러 개 구입은 이제 그만마비노기 프리미엄 플러스 팩 개편을 기념하여 2주간 특별한 가격으로마비노기 프리미엄 플러스 팩(60일)과 마비노기 프리미엄 플러스 팩(120일)을 판매합니다이제 한번 구입으로 오래오래 마비노기 프리미엄 플러스 팩 혜택을 누리세요참고사 마비노기 프리미엄 플러스 팩(60일)(120일)은 모두 거래가 1회 가능합니다 마비노기 프리미엄 플러스 팩(60일)(120일) 사용 후 재접속을 해야만 효과가 적용됩니다 마비노기 프리미엄 플러스 팩(60일) 사용 시 다이렉트 염색 앰플 상자 2개를 획득할 수 있습니다 마비노기 프리미엄 플러스 팩(120일) 사용 시 다이렉트 염색 앰플 상자 4개를 획득할 수 있습니다 (다이렉트 염색 앰플 상자에는 다이렉트 염색 앰플과 다이렉트 금속 염색 앰플이 각 1개씩 들어있습니다) 마비노기 프리미엄 플러스 팩 개편 기념 이벤트 둘 판매 기간 : 2017년 05월 11일(목) 점검 후 2017년 05월 24일(수)마비노기 프리미엄 플러스 팩 개편 소식을 듣고귀여운 파트너 캐릭터 친구들이 모두 에린에 놀러 왔어요새롭게 업그레이드된 프리미엄 플러스 팩의 놀라운 혜택을 파트너와 함께 누려볼까요참고사 기존에 판매되었던 파트너 캐릭터 카드 파트너 상품이 모두 판매됩니다 파트너 캐릭터 카드 : 윌리엄라그린네집사메이드교역 파트너 상품 : 파트너의 조각배파트너의 귀족 마차파트너의 마법 빗자루 실수로 타 서버에 파트너 캐릭터 카드를 생성할 경우 복구가 불가능하니 주의해 주세요 2017 마비노기 복구 서비스 안 기존 파트너 캐릭터의 상세 정보가 궁금하시다면 아래 링크를 이용해 주세요 윌리엄 파트너 캐릭터 카드 판매 안내 바로가 라그린네 파트너 캐릭터 카드 파트너의 조각배 판매 안내 바로가감사합니다 2017년 11월 23일(목) 프리미엄 플러스 팩 혜택이 변경되었습니다 하우징 입찰 제한 및 프리미엄 플러스 팩 혜택 변경 안내 바로가아이템 샵 바로가"
20170119 11:03,공 0119(목) 정식 서버 패치 변경점 안내,니치크,안녕하세요마비노기 입니다2017년 01월 19일(목)패치로 변경되는 내용은 다음과 같습니다더 가져 그랜드마스터 이벤트가 시작됩니다 공지 바로가 한 캐릭터가 다수의 그랜드마스터를 보유할 수 있도록 변경됩니다 각각 재능의 그랜드마스터 단계에서 받을 수 있는 능력치가 중첩 적용됩니다 그랜드마스터 전용 효과가 추가됩니다 그랜드마스터 달성 시 해당 재능의 전용 효과를 획득할 수 있으며 달성한 재능의 전용 효과가 자동으로 활성화됩니다 한 번에 하나의 전용 효과만 활성화할 수 있습니다 전용 효과는 재능 정보창에서 AP를 사용하여 변경할 수 있습니다 전용 효과 활성화 시 다음 효과를 받을 수 있습니다 (단 전투 재능의 경우 재능에 알맞은 무기를 착용해야 합니다)근접 전투근접 무기 최소 대미지 30 증가근접 무기 최대 대미지 30 증가마법마법 공격력 20 증가궁술활 석궁 최소 대미지 30 증가활 석궁 최대 대미지 30 증가전투 연금술바람 흙 속성 연금술 대미지 30 증가불 속성 연금술 대미지 20 증가물 속성 연금술 대미지 15 증가프로즌 블래스트 범위 10도 증가프로즌 블래스트 지속 시간 3초 증가격투술너클 최소 대미지 30증가너클 최대 대미지 30증가인형술핸들 최소 대미지 30 증가핸들 최대 대미지 30 증가마리오네트 방어 1 증가마리오네트 최대 생명력 65 증가랜스랜스 최소 대미지 30 증가랜스 최대 대미지 30 증가슈터듀얼 건 최소 대미지 15 증가듀얼 건 최대 대미지 12 증가닌자수리검 최소 대미지 30 증가수리검 최대 대미지 30 증가여행탐험 경험치 50 증가무역교역 무게 100 증가교역 인벤토리 1 증가음악음악 버프 스킬 효과 5 증가음악 버프 스킬 지속시간 30 증가축복펫 전투 경험치 50 증가파티 전투 경험치 50 증가연성 연금술스태미나 소비 감소 15 증가마나 소비 감소 11 증가결정제작 분해 합성 성공률 5 증가음식자신이 설치한 축제요리를 먹은 모든 캐릭터의효과 유지 시간 600초 증가대장 기술무기 장비 제작 시 제작 보너스 획득재단천옷만들기 방직 스킬 사용 성공 시확률에 따라 재료 아이템 일부 돌려받음약품 연구포션 조제 시 완성품 추가 획득목공 기술무기 제작 시 제작 보너스 획득 그랜드마스터 달성 과정이 개선됩니다 일부 재능에 그랜드마스터 신규 미션이 추가됩니다 (축복 음악 연성 연금술 무역 목공 기술 전투 연금술) 미션 3개 수령 후에도 골드를 소모하여 추가 미션을 받을 수 있도록 개선됩니다 (단 하루에 1개 재능 군의 그랜드마스터만 달성할 수 있습니다) 해당 재능 그랜드마스터 미션을 보유하고 있는 경우 추가 퀘스트를 받을 수 없습니다 그랜드마스터 저널이 추가됩니다 그랜드마스터를 1개 5개 10개 15개 달성 시 저널을 획득할 수 있습니다 재능 정보창이 개선됩니다 재능 정보창에서 다음 재능 단계의 효과를 미리 확인할 수 있게 됩니다 캐릭터 정보창에서 현재 수련 중인 재능 명을 클릭하면 해당 재능의 정보가 보입니다 수정 사항 흥정 인챈트가 교역품 구매 할인율 증가가 아닌 신용도 상승률 증가 효과를 주고 있던 문제가 수정됩니다 인간 엘프 남자 캐릭터가 서리꽃 날 4종 아이템을 착용했을 때 이펙트가 보이지 않던 문제가 수정됩니다 근접 전투 그랜드마스터 미션 중 오거 처치 퀘스트 진행 시 아본 연극 미션에 출현하는 스켈레톤 오거를 처치해도 퀘스트가 진행되지 않던 문제가 수정됩니다 그랜드마스터의 퀘스트를 받을 때 NPC 레자르 근처로 가는 푸른 여신의 날가 지급되도록 변경됩니다 기존 그랜드마스터 미션의 퀘스트 아이콘이 잘못 설정되어 있던 문제가 수정됩니다 근접 전투 재능 1인 미션 클리어 재단 재능 굵은 실뭉치 50개 방직 슈터 그랜드마스터 미션의 일부 오탈자가 수정됩니다 스마트 콘텐츠에 있는 그랜드마스터 관련 설명이 수정됩니다 시드 피나 던전에서 인형술 스킬 사용 중 침묵의 형 몬스터와 부딪히면 핸들 미착용 상태에서도 마리오네트를 조종할 수 있던 문제가 수정됩니다 현재 레벨이 70 이하인 경우에 시드 피나 재입장이 가능했던 문제가 수정됩니다 켈틱 리스트릭트 핸 착용 후 무기 스왑 시 발생하던 끊김 현상이 수정됩니다 게임 내 끊김 현상이 전반적으로 완화됩니다 인간 엘프 캐릭터가 이글루 낚시 의 아이템 사용 시 물개가 비정상적으로 보이던 문제가 수정됩니다 캐릭터가 착용한 아이템을 대상으로 지정하여 일부 스킬(힐링 스파크 등)을 사용할 수 없던 문제가 수정됩니다 헤어밴드 꼬리 헤일로 악세서리류 아이템 일부감사합니다
20170112 10:58,공 0112(목) 정식 서버 패치 변경점 안내,니치크,안녕하세요마비노기 입니다2017년 01월 12일(목)패치로 변경되는 내용은 다음과 같습니다 수정 사항겨울 낚시 이벤 별빙를 동물캐릭터의 인벤토리에서 꺼낼 수 없던 문제가 수정됩니다 별빙어 미끼통(이벤트)를 300개까지 모을 수 있도록 변경됩니다 바닥에 떨어진 오래된 통 별빙가 일정 시간이 지나도 사라지지 않던 문제가 수정됩니다기 G12 최종 그림자 미션에서 누아자에게 레이지 오브 윙 스킬이 사용되지 않던 문제가 수정됩니다 투안의 음악 수련 보너스 효과가 죽음의 무 스킬에도 적용되도록 변경됩니다 에코스톤 각성 시 최대 소모 AP가 1971로 감소합니다 에코스톤 각성 시 많은 AP가 소모되는 경우 소모되는 AP에 대한 알림 메시지가 추가됩니다 에코스톤의 각성 능력 중 풍년가 버프 준비시간 6레 효과가 정상적으로 적용되지 않던 문제가 수정됩니다 두려움의 시드 피나 던전에서 인내의 형에 빙의했을 때 채팅창에 시스템 메시지가 보이던 문제가 수정됩니다 염색 가능 목록에 나타나지만 염색이 되지 않던 문제가 수정됩니다 버넘 플레이트 헬멧 토끼 머리띠 밀수업자와 교역 시 교역품 가격표가 비정상적으로 보이던 문제가 수정됩니다 에메랄드 켈틱 패턴 수트(여성용) 착용 시 목 부분이 비정상적으로 보이던 문제가 수정됩니다 메멘토 프로모션 이벤트 응모이 삭제됩니다감사합니다
20170105 12:02,공 0105(목) 정식 서버 패치 변경점 안내,니치크,안녕하세요마비노기 입니다2017년 01월 05일(목)패치로 변경되는 내용은 다음과 같습니다 2017 겨울 낚시 이벤트가 시작됩니다 공지 바로가 수정 사항메멘 에코스톤의 각성 능력 중 마나 리커버리 쿨타임 감 효과가 정상적으로 적용되지 않던 문제가 수정됩니다 음악 재능 스킬 수련 인으로 죽음의 무 스킬을 수련할 수 없던 문제가 수정됩니다 죽음의 무 스킬에 음악 재능 경험치가 추가됩니다 죽음의 무 스킬이 음악 재능 관련 수련 효과를 받도록 수정됩니다 죽음의 무 스킬 재사용 대기 시간이 채널 이동 시 초기화되던 문제가 수정됩니다 시드 피나 던전에서 일부 소환물의 능력치가 비정상적으로 적용되던 문제가 수정됩니다 바람이 그리는 노 시나리오의 마지막 그림자 미션에서 비탄의 노래가 스킬을 사용하지 않던 문제가 수정됩니다 바람이 그리는 노 시나리오에서 엔의 풍경 소리가 자신에게만 들리도록 수정됩니다기 유효기간이 지난 축복의 정령 리큐의 사용이 가능하던 문제가 수정됩니다 프렌 스킬 사용 중에 스킬 랭크가 변경되면 프렌지 상태가 종료되던 문제가 수정됩니다 30일 이상 접속하지 않은 계정이 동물 캐릭터로 먼저 접속한 경우 돌아온 밀레시안 혜택을 받을 수 없던 문제가 수정됩니다 파트너윌리에게 연속으로 수리할 수 없던 문제가 수정됩니다 이동 중 이동 속도 증가 효과를 받을 때 캐릭터가 멈추지 않아도 바로 적용되도록 개선됩니다 이동 중 파트너윌리에게 이동 속도 증가 효과를 받을 때 교역 운송 수단을 타고 이동 중 이동 속도 증가 포션을 사용했을 때 로비 메뉴 중 새 캐릭터 새 애완동물 새 파트로 캐릭터 생성 시 서버가 선택되어있지 않도록 개선됩니다 카메라 시점에 따라 코코포 의가 보이지 않던 문제가 수정됩니다 엘프 캐릭터가 메릴 가발(남성용) 아이템 착용 시 앞머리가 비정상적으로 보이던 문제가 수정됩니다 드래곤 스케일 그리와 통이 넓은 의상을 함께 착용 시 그리브가 비정상적으로 보이던 문제가 수정됩니다 인간 엘프 캐릭터가 SAO 아스나 의 아이템을 착용했을 때 소매 부분이 비정상적으로 보이던 문제가 수정됩니다 오리엔탈 드래곤 아 착용 시 목 뒷부분이 비정상적으로 보이던 문제가 수정됩니다 에메랄드 켈틱 수와 켈틱 리스트릭트 핸을 함께 착용 시 의상이 비정상적으로 보이던 문제가 수정됩니다 사막의 모래바람 전투 착용 시 어깨와 등이 비정상적으로 보이던 문제가 수정됩니다 자이언트가 밀키웨이 작은 으로 연주할 때 채가 북을 뚫고 들어가던 문제가 수정됩니다 점성술사의 정 의상 모션 시 죽음의 무도 모티브 이펙트가 보이던 문제가 수정됩니다감사합니다
20161117 11:01,공 1117(목) 정식 서버 패치 변경점 안내,니치크,안녕하세요마비노기 입니다2016년 11월 17일(목)패치로 변경되는 내용은 다음과 같습니다 월간 포인트 미션 이벤트가 시작됩니다 공지 바로가 마비노기 프리미엄 PC방 혜택이 확대됩니다 공지 바로가 모든 NPC에게 무료로 아이템을 수리받을 수 있습니다 던바튼에 프리미엄 PC방 인챈트 도우미 NPC가 추가됩니다 승리의 원정 타이틀의 옵션이 변경됩니다 최대 대미지 12 마법 공격력 6 체력 10 지력 20 솜씨 20 의지 10 행운 10 증가 NPC 샤이의 PC방 전용 상점에 다음 아이템이 추가됩니다 프리미엄 PC방 전용 생명력스태미나마나 100 포션 300 포션 마비노기 프리미엄 PC방 혜택 강화 이벤트가 시작됩니다 공지 바로가 100 레벨 이후 레벨업에 필요한 경험치량이 기존보다 감소합니다 기존에 100 레벨 이상을 달성한 캐릭터의 경우 레벨은 그대로 보존됩니다 현재 나의 캐릭터 레벨이 상승함에 따라 다양한 효과가 추가됩니다 공지 바로가 초반부 튜토리얼 진행 이후 첫 재능을 선택하면 히든 재능인 이웨카와 라데카 스킬을 연습랭크 상태로 습득할 수 있게 됩니다 연습랭크에서는 스킬을 사용할 수 없습니다 해당 스킬들은 스 히든 재 탭에서 확인할 수 있습니다 (스 히든 재 탭에 스킬이 없는 경우 전 탭에서 확인할 수 있습니다) 해당 스킬들은 언트레인이 불가능하며 브류나크AP 수련 시스템스킬 수련 인장 아이템을 사용하여 수련할 수 없습니다 캐릭터 환생으로 레벨이 변동될 경우에는 변동 후의 레벨에 맞게 스킬 랭크가 자동 조정됩니다 인간 엘프 자이언트 종족 모두 샤인 오브 이웨 스킬을 습득하게 됩니다 인간 종족 캐릭터는 브레스 오브 라데 엘프 종족 캐릭터는 비전 오브 라데 자이언트 종족 캐릭터는 마이트 오브 라데 스킬을 습득하게 됩니다 각각의 종족은 던컨 카스타네아 크루크에게서 관련 안내 퀘스트 두 개의 달 이웨카와 라데 퀘스트를 진행하게 됩니다 신규 저널 이웨카의 달이 추가됩니다 기존에 해당 스킬 습득 및 활용을 할 수 있는 레벨을 달성한 캐릭터일 경우 바로 스킬 효과를 적용받게 됩니다샤인 오브 이웨 붉은 달 이웨카의 축복을 받아 생명력마나스태미나체력지력솜씨의지행운 능력치를 상승시킬 수 있는 인간엘프자이언트 종족 모두 습득 가능한 패시브 스킬입니다 캐릭터의 현재 레벨 50부터 F랭크로 활성화되며 이후 레벨을 10씩 올릴 때마다 스킬 랭크가 자동으로 한 단계씩 상승합니다 레벨 190이 되는 순간에 스킬 1랭크가 달성되며 더 이상 스킬 랭크를 높일 수 없게 됩니다 캐릭터의 종족에 따라 보조받는 능력치에는 차이가 있으며 누적 레벨이 높을수록 샤인 오브 이웨카 스킬로 상승하는 능력치의 증가값이 높아집니다 샤인 오브 이웨카로 증가하는 생명력마나스태미나 능력치는 연금술 추가 대미지에 반영됩니다 샤인 오브 이웨카로 증가하는 체력지력솜씨의지행운 능력치는 기존의 1500 수치 제한을 초과하여 적용됩니다 브레스 오브 라데 푸른 달 라데카의 축복을 받아 인간 캐릭터의 기본 이동 속도가 증가합니다 캐릭터의 현재 레벨 100부터 F랭크로 활성화되며 더 이상 스킬 랭크를 높일 수 없습니다 누적 레벨이 높을수록 스킬 효과 지속 시간이 더욱 길어집니다 에린 시간으로 하루 1번 사용할 수 있으며 채널 이동 및 로그 아웃 시에는 스킬 효과가 사라집니다 비전 오브 라데 푸른 달 라데카의 축복을 받아 엘프 캐릭터의 조준율 보정 및 조준 속도가 상승합니다 레인지 계열 스킬 사용 시 움직이는 몬스터 공중형 몬스터 등 모든 대상의 속성 및 움직임과 관계없이 최대 100 까지 조준을 할 수 있으며 100 까지의 조준 속도도 대폭 상승합니다 해당 효과는 어전트 샷의 조준 속도 상승 효과보다 우선시되며 중첩 적용은 되지 않습니다 캐릭터의 현재 레벨 100부터 F랭크로 활성화되며 더 이상 스킬 랭크를 높일 수 없습니다 누적 레벨이 높을수록 스킬 효과 지속 시간이 더욱 길어집니다 에린 시간으로 하루 1번 사용할 수 있으며 채널 이동 및 로그 아웃 시에는 스킬 효과가 사라집니다 마이트 오브 라데 푸른 달 라데카의 축복을 받아 자이언트 캐릭터가 더욱 빠르고 강력한 근접 공격을 할 수 있게 됩니다 근접전투 재능 무기 및 아틀라틀 계열 무기 착용 후 일반 공격이나 근접전투 스킬을 사용하면 추가 대미지가 부여되고 착용하고 있는 장비의 고유 공격 속도 단계도 한 단계 증가합니다 (매우 빠른 공격 속도 무기일 경우에는 더 이상 증가하지 않습니다) 캐릭터의 현재 레벨 100부터 F랭크로 활성화되며 더 이상 스킬 랭크를 높일 수 없습니다 누적 레벨이 높을수록 스킬 효과 지속 시간이 더욱 길어집니다 에린 시간으로 하루 1번 사용할 수 있으며 채널 이동 및 로그 아웃 시에는 스킬 효과가 사라집니다 AP 수 AP를 소비해 스킬을 수련할 수 있는 기능이 추가됩니다 스킬 창에서 각 스킬 별 AP 수 버튼을 클릭하면 AP 수련 창이 표시됩니다 AP 수련 창에서 수련할 항목을 선택하고 수 버튼을 클릭하면 AP를 소비하여 항목을 수련할 수 있습니다 수련에 필요한 AP의 양은 스킬의 종류와 등급 수련할 항목에 따라 달라집니다 AP 수련 기능은 F랭크 2랭크의 수련 경험치가 30 이상인 스킬에만 이용할 수 있습니다 단 최대로 수련할 수 있는 횟수가 11회 이상인 항목만 수련 가능합니다 신성 스킬 등 일부 스킬에는 AP 수련 기능을 이용할 수 없습니다스킬 수련 경험치 부스 캐릭터 현재 레벨이 100이 되면 15배의 스킬 수련 경험치 부스트가 적용되며 레벨이 상승할 수록 배율이 상승합니다 (최대 2배) 환생으로 현재 레벨이 초기화되면 부스트도 초기화됩니다 스킬 수련 경험치 부스트는 수련 재능의 스킬에만 적용됩니다 수련 재능이 영웅 재능일 경우 관련된 모든 재능 스킬에 적용됩니다 기존의 수련 재능 스킬 수련치 2배 효과도 함께 적용됩니다 튜토리얼을 진행 중인 캐릭터의 경우 첫 환생을 완료하여 재능을 선택한 후에 이용할 수 있습니다 스킬 수련 부스트 보너스는 다른 수련치 및 수련 경험치 보너스 효과와 중복으로 적용됩니다기 캐릭터 정 UI에 내 캐릭터의 현재 레벨 정보가 추가됩니다 나의 현재 레벨이 경험치 바 윗 부분에 보여지게 됩니다 레벨 정보 우측의 물음표 아이콘 위에 마우스 오버 시 현재 레벨과 관련된 상세 정보 및 레벨에 따른 보너스 효과를 확인할 수 있습니다 타이틀 버튼 크기 및 전반적인 문구 정렬이 수정됩니다 수정 사항 일부 아이템이 버리기 불가 파기 가능 속성으로 변경됩니다 장비 내구도 상승의 황금 망 장비 내구도 상승의 플래티넘 망 고급 세공 도구 (이벤트) 크레드네의 세공 도구 (이벤트) 장비 숙련도 상승의 녹슨 망치 (이벤트) 교역 세공 도구(이벤트) 스킬 수련 경험치가 최대치를 초과해도 스킬 게이지가 분홍색으로 표시되지 않던 문제가 수정됩니다 간헐적으로 파트너 캐릭터 일부 NPC와의 대화를 끝낼 수 없던 문제가 수정됩니다 이름 색상 변경 포션 사용 시 일부 색상에서 재능 타이틀의 테두리 색이 변경되던 문제가 수정됩니다 소지품함에 있는 아이템을 클릭했을 때 마우스 커서 모양이 비정상적이었던 문제가 수정됩니다 나도 무서운 유령이 되고 싶어 이벤트가 종료됨에 따라 아래 이벤트 아이템이 삭제됩니다 꼬마 유령 이야 알피 카일 콜튼 윌리엄의 이야기 조 8종감사합니다
20161110 10:16,공 1110(목) 정식 서버 패치 변경점 안내,니치크,안녕하세요마비노기 입니다2016년 11월 10일(목)패치로 변경되는 내용은 다음과 같습니다 수정 사항 특정 아이템으로만 처치 가능한 울라 던과 이리아 대륙 유적 던의 일부 몬스터를 도트 대미지 스킬로 처치할 수 있던 문제가 수정됩니다 간헐적으로 파트너에게 말을 걸어도 첫 대사만 나오고 호감도가 증가하지 않던 문제가 일부 수정됩니다 할로윈 호박 의이 드레스 룸에서 성별 구분 없이 보이던 문제가 수정됩니다 윌리엄의 프레피슈를 드레스 룸에 수집할 수 없던 문제가 수정됩니다 번들된 곤충 아이템을 보이트에게 유물을 주고 보상 받기로 교환한 경우 번들 수와 상관 없이 탐험 경험치를 잘못 획득하던 문제가 수정됩니다 인간엘프 남성 캐릭터가 단검류 무기 착용 후 죽은 척 모션 시 무기 위치가 비정상적이던 문제가 수정됩니다파트너 윌리 윌리엄에게 요리를 시킬 때 간헐적으로 요리도구가 나오지 않던 문제가 수정됩니다 윌리엄이 행동불능일 때에도 이동 속도 효과를 받을 수 있던 문제가 수정됩니다 의상 액 사용 중에 윌리엄의 안을 착용하면 비정상적으로 보이던 문제가 수정됩니다 윌리엄의 눈이 비정상적으로 보이던 문제가 수정됩니다이벤 나코와 현상범 사냥꾼 이벤트 중 교역으로 손해를 봤을 때도 붉은 약탈단 징를 획득할 수 있던 문제가 수정 됩니다 나코와 현상범 사냥꾼 이벤트 중 교역도우미 나의 일부 대사가 수정됩니다 나도 무서운 유령이 되고 싶어 이벤트 중 윌리엄 NPC가 콜튼을 카일이라 부르던 문제가 수정됩니다감사합니다
20161103 10:42,공 1103(목) 정식 서버 패치 테스트 서버 패치 변경점 안내,니치크,안녕하세요마비노기 입니다2016년 11월 03일(목)패치로 변경되는 내용은 다음과 같습니다 나코와 현상범 사냥꾼 이벤트가 시작됩니다 공지 바로가 수정 사항 던컨을 통해 유료 올 스킬 언트레인 기능을 이용할 때 언트레인 대상이 아닌 스킬들이 언트레인 되던 문제가 수정됩니다 이로 인해 사용 불가능해진 페르소나 스킬은 사용할 수 있도록 복구됩니다 프리미엄 팩을 이용하지 않는 계정 내 누적 레벨 1000 이상의 캐릭터가 실리엔 생태 보호 지구에서 스마트 컨텐츠로 이동을 할 수 없던 문제가 수정됩니다 레모티 플로라 동물 캐릭터 카드로 환생할 수 없던 문제가 수정됩니다 정령의 수리 목록에 나무 막대가 나오지 않던 문제가 수정됩니다 하이드라 연 스킬로 아크 리에게 대미지를 줄 수 있던 문제가 수정됩니다 전용 아이템을 파트너에게 선물할 때 캐릭터 자신이 전용 해제한 아이템만 선물 할 수 있도록 변경됩니다 교역 시작 시 마차와 코끼리에 교역 파트가 탑승하지 않던 문제가 수정됩니다 간헐적으로 교역 운송 수단에 탑승할 수 없던 문제가 일부 수정됩니다 파트너와 한 번도 대화하지 않은 상태에서 호감도 보너스가 적용되던 문제가 수정됩니다 파트너 두카트 벌어오기 퀘스트가 간헐적으로 완료되지 않던 문제가 수정됩니다 마족 스크롤 퀘스트 보드에서 퀘스트를 확인할 수 없던 문제가 수정됩니다 유령 로 착용 시 함께 착용한 신발이 보이던 문제가 수정됩니다 새 애완동물 생성 화면에서 꼬마 유령 알가 표시되던 문제가 수정됩니다나도 무서운 유령이 되고 싶어 이벤트 전날의 퀘스트가 임무 완수 상태로 남아 있는 경우 일일 퀘스트가 지급되지 않도록 수정됩니다 전날의 퀘스트를 모두 완료한 후 다시 로그인 또는 채널이동 시 일일 퀘스트가 지급됩니다 테스트 서버 캐릭터 삭제가 불가능하던 문제가 수정됩니다감사합니다
20160107 10:54,공 내용추 0107(목) 정식 서버 패치 작업 변경점 안내,니치크,안녕하세요마비노기 입니다2016년 01월 07일(목)패치로 변경되는 내용은 다음과 같습니다 안드라스의 시퀘스트가 비정상적으로 완료되어 방호벽 스킬을 얻지 못하던 문제가 임시 수정됩니다 (0108(금) 오전 10:55) 비정상 완료된 캐릭터는 재접속 시 방호벽 스킬과 경험치15000 을 얻게 됩니다 퀘스트 진행 관련 문제는 다음 패치에 수정될 예정입니다리본을 모아라 이벤 이벤트 쿠폰 보상인 특제 고속 채집 포션(이벤트) 특제 전투력 약화 포션 S(이벤트) 아이템을 사용해도 효과를 받을 수 없던 문제가 수정됩니다 이미 사용하여 사라진 아이템은 다시 지급할 예정입니다 (01월 07일 오후 1시 35분에 재지급 완료되었습니다 우편함을 확인해주세요) RP캐릭터가 레벨업을 해도 리본을 획득할 수 있던 문제가 수정됩니다 종합 스킬 수련 포션이 사용되지 않던 문제가 수정됩니다 종합 스킬 수련 포션(1일)상자의 임시 사용 제한이 해제됩니다 문제 발생(20151217) 이후 유효기간이 만료된 아이템들의 유효기간이 연장됩니다 일부 초보자 캐릭터에게 초보자용 포션이 지급되지 않던 문제가 수정됩니다 알반 기사단 훈련소 입장 시 사용한 훈련석이 간헐적으로 사라지지 않던 문제가 수정됩니다 파트너 캐릭터 교역 운송수단 우클릭 시 나타나는 메뉴에 단축키 정보가 보이도록 수정됩니다 튜토리얼을 스킵 또는 완료하여 마을로 이동하던 중에 비정상 종료될 경우 튜토리얼 존을 벗어날 수 없던 문제가 수정됩니다 튜토리얼 존의 NPC에게 말을 걸면 마을로 이동할 수 있습니다 한글과 영문이 불필요하게 혼용되어있는 일부 UI의 영문표기가 삭제됩니다 러블리 보스턴테리어 동물캐릭터의 목줄을 펫 염색 앰플로 염색 시 뒷다리 일부가 함께 염색되던 문제가 수정됩니다감사합니다
20151223 11:40,공 1223(수) 정식 서버 패치 작업 변경점 안내,리쥬벤,안녕하세요마비노기 입니다2015년 12월 23일(수)패치로 변경되는 내용은 다음과 같습니다 1217(목) 패치 후 일부 일일 퀘스트 완료 보상으로 모험가의 인이 지급되지 않던 문제가 수정됩니다 지급되지 않은 인장은 이번 주 중에 복구될 예정입니다 AP 조이 월드에서 사라지지 않던 문제가 수정됩니다 요청자가 퀘스트 등록 도우미모 버튼 클릭 시HELP 알림 메시지가 보이도록 수정됩니다 미니맵 닫기가 유지되지 않던 문제가 수정됩니다 교역 상태로 공연이 진행되는 이멘 마하 공연장 주변에 위치하면 교역 운송 수단이 소환 해제되던 문제가 수정됩니다 붐박스 미니게임 진행 시에 붐박스 애니메이션과 이펙트가 나오지 않던 문제가 수정됩니다 NPC 이상한 고양이와 대화 시 일부 대사가 나오지 않던 문제가 수정됩니다 데브캣 가으로 설치한 개인상점의 이름이 잘못 나오던 문제가 수정됩니다튜토리 초보자 튜토리얼 퀘스트 진행 중인 캐릭터가 생산 스킬을 사용할 수 없던 문제가 수정됩니다 초보자 튜토리얼 퀘스트에서 의장 슬롯 설명 이미지가 잘못된 문제가 수정됩니다 튜토리얼 존에 있는 NPC 틴의 일부 대사에서 포트레이트와 배경음악이 나오지 않던 문제가 수정됩니다감사합니다
20151126 12:20,공 1126(목) 정식 서버 패치 작업 변경점 안내,니치크,"안녕하세요마비노기 입니다2015년 11월 26일(목)패치로 변경되는 내용은 다음과 같습니다별자리 이벤트가 진행됩니다 이벤트 페이 1119(목) 패치 이후 비정상적으로 획득한 AP에 대한 회수가 진행됩니다 보유한 AP 내에서 회수할 수 있는 캐릭터는 1126(목) 점검 중 문제 AP가 회수되었습니다 이미 문제 AP를 사용해서 모두 회수할 수 없는 캐릭터는 AP가 모두 회수될 때까지 로그인 시 AP가 회수됩니다 하우징 지역에서 환생 시 환생 지역을 티르 코네일 또는이리아로 설정 할 경우 접속이 불가능하던 문제가 수정 됩니다버그 버스터 바로가개선 서포트 퍼핏의 기능 중 ""던전에서 문이 열리는 구슬을 알려주는 기능""이 그림자 미션에도 적용되도록 변경됩니다 개인 상점 허가을 가방에 넣을 수 있도록 변경됩니다 NPC 카스타네아 수장집 입장 시 문과 NPC의 위치가 겹쳐서 대화가 어려웠던 문제가 개선됩니다 더 드라마이리 오프닝 영상 재생 도중 게임이 비정상 종료된 경우 오프닝 영상이 반복 재생되지 않도록 변경됩니다 이미 개인 상점 가을 소지하고 있는 상태로 웰컴백 선물상 사용 시 초보자용 데브캣 가방(7X7)을 선택할 수 없도록 변경됩니다 랑그히리스 세와 바펠세파르 세의 생산 재료 명칭이 개선됩니다 의장 슬롯에 아이템을 착용 중이더라도 아이템 미리보기가 가능하도록 변경됩니다 이름 숨김 모드(CtrlN)에서 약초나 베틀등의 일반 사물 이름도 숨겨지도록 개선됩니다 악보 스크롤의 내용을 클립보드로 복버튼을 통해 복사 할 수 있도록 개선됩니다 작곡을 해야지만 버튼이 보입니다 이멘 마하 공연장에서 다른 캐릭터의 방해를 받지 않고 합주 연극을 할 수 있게 됩니다 어드밴스드 아이템으로 지급되는 거대한 외침의 뿔피 아이템을 모을 수 있도록 변경됩니다 하나로 모을 수 있는 최대 수량은 10개입니다 아이템 모으기 기능으로는 모을 수 없습니다 남은 유효시간이 다른 아이템들끼리는 평균 시간으로 변경된 후 모아집니다 업데이트 이전에 보유 중인 거대한 외침의 뿔피리는 모으기가 불가능합니다버그 수정 개편된 G1G3 메인스트림 진행 시 과거의 완료 기록이 남아 정상적으로 진행할 수 없던 문제가 수정됩니다 (이전에 문제가 발생했던 캐릭터는 빠른 시일 내에 해결할 수 있도록 노력하겠습니다) 디바인 바스타드 소 보석 수리 개조식 설명이 잘못되있던 문제가 수정됩니다 축복의 포대용량 축복의 포아이템의 아이템 설명과 엔델리온 사제가 설명하는 축복의 포책자에 일부 내용이 잘못 기재되어 있던 문제가 수정됩니다 장비에 장착한 풍선류 아이템으로 즉시 부활 될때 보이는 사념파가 잘못된 문제가 수정됩니다 길드전 진행중 안내 메시지에 오타가 출력되던 문제가 수정됩니다 영웅 재능을 선택해 기본으로 얻은 스킬의 습득 퀘스트를 받던 문제가 수정됩니다 전투모드에서 일정 시간이 지나도 일상모드로 바뀌지 않던 문제가 수정됩니다 사라진 주민 찾 퀘스트와 말콤의 반 퀘스트를 동시에 진행을 할 수 없던 문제가 수정됩니다 레이지 임팩트 이야퀘스트의 미션에서 캐릭터의 이름이 비정상적으로 보이던 문제가 수정됩니다 디펜와 카운터 어 스킬의 습득법이 비정상적으로 표시되던 문제가 수정됩니다 스카하 해변 흑사장 주변의 자수정 골렘이 캐릭터가 접근할 수 없는 위치에서 등장하던 문제가 수정됩니다 친절한 비덱 퀘스트 진행 중 코일 던전에서 몬스터가 나오지 않던 문제가 수정됩니다 동물 캐릭터 크리스마스 물 정보창에 종족 정보가 잘못 표시되던 문제가 수정됩니다 교역 약탈단 전투가 끝났을 때 약탈단이 사라지는 문제가 수정됩니다 일부 의상과 모자 아이템을 함께 착용하면 목 부분이 비정상적으로 보이던 문제가 수정됩니다 자이언종족 여자가 쇼트 레이어드 헤어 적용 시 그래픽이 비정상적으로 보이던 문제가 수정됩니다 일부 뷰티 쿠폰으로 외형 변경 후 시크릿 로의 후드를 쓰면 머리가 삐져나오던 문제가 수정됩니다 엘리네드 카발리에 수 착용 시 일상 모드에서 어깨가 떨어져 보이던 문제가 수정됩니다 와이어 바인스킬로 공격 받은 캐릭터가 실 엉킴 상태일 때 포션을 사용할 수 없던 문제가 수정됩니다 자이언종족 여자가 병아리 무늬 네글리 착용 시 그래픽이 깨지던 문제가 수정됩니다 왕정 연금술사가 빛과 어미션 지원 시 미션 완료 후 퀘스트가 남아 있던 문제가 수정됩니다 엘프 캐릭터가 튜바로 현혹의 연 스킬을 사용할 때 모션이 비정상적이던 문제가 수정됩니다 활 조준 중 다른 몬스터 클릭 시 타게팅 대상은 변하지 않고 조준 대상만 이동하던 문제가 수정됩니다 투명 장 투명 신 투명 모아이템을 의류 가방에 넣을수 없던 문제가 수정됩니다 시크릿 로브의 세트효과로 인한 그림자 미션 클리어 보상 경험치 증가 수치가 그림자 미션 완료 정보창에 반영되지 않던 문제가 수정됩니다 신성한 독수리 가면 착용 후 윈드 브레이커를 사용할 수 없던 문제가 수정됩니다 악기 하 사용 시 어울리지 않는 사념파가 나오던 문제가 수정됩니다 악기 하의 사용할 때의 이미지와 드랍 이미지가 달랐던 문제가 수정됩니다 디나시 메탈 부와 양말이 있는 의상 착용 시 양말이 나오지 않던 문제가 수정됩니다 루비 세플 연금술사 스트랩(여성용)의 B파트가 염색 가능하게 변경됩니다 라그린네의 미니멀 헌팅 가먼착용 시 겨드랑이 부분이 비정상적으로 보이던 문제가 수정되었습니다 파트너 추가 정보창의 잘못된 호감도 정보가 수정됩니다 스카하 해변 교역소에서 교역을 시작하면 교역을 중단 할 수 없던 문제가 수정됩니다 생활 재능 환생 후에도 밀수업자 시세가 보이지 않던 문제가 수정됩니다 사라진 주민 찾기 퀘스트 진행 중 알비 던전을 클리어 하고 나왔을 때 추가로 통행증이 지급되던 문제가 수정됩니다 NPC 한스 대사의 오탈자가 수정됩니다 이멘 마하 NPC크레이그의 호감도별 대사가 수정됩니다나의 기사 NPC 아이르리스 대화 중 문맥에 맞지 않게 물음표가 나오던 문제가 수정됩니다삼하인 이벤 이벤트 퀘스트와 퀘스트 진행 아이템이 삭제됩니다 이질감이 느껴지는 케안 항구로 이동할 수 없게 됩니다 NPC 셰넌의 손을 잡는다 기능이 삭제됩니다감사합니다"
20151119 14:23,공 1119(목) 정식 서버 패치 작업 변경점 안내,리쥬벤,안녕하세요마비노기 입니다2015년 11월 19일(목)패치로 변경되는 내용은 다음과 같습니다삼하인 이벤2악장 퀘스트 배의 조미션에서상자 더미를 클릭해도 열쇠를 찾을 수 없었던 문제가 일부 수정됩니다 2악장 재 선상의 다카 퀘스트의 오크통 피하 미니게임에서5분 이내에 미션을 완료하지 못하면 미션이 종료되도록 수정됩니다알반 기사훈련을 완료하여 다음 층으로 이동할 때파트너의 탑승물이 소환 해제되도록 변경됩니다파트너애완동 라그린네와 대화를 한메뉴를 통해 대화 시파트너 라그린네의 특별 선물 상가파트너 라그린네의 선물 상보다 조금 나오도록 변경됩니다 동물캐릭터 코끼가 적에게 물 뿌리 스킬 사용 시 마우스 우클릭 캐릭터 메뉴를 통해 공격할 수 있도록 변경됩니다 동물캐릭터 알파를 이용해 교역 진행 시다른 교역소의 교역품을 구매할 수 없던 문제가 수정됩니다마비노제목과 대사에 부적절한 영어 단어 사용이 가능했던 문제가 수정됩니다드레스 드레스룸 외형 변경 창을 연 상태로 로그오프 시게임이 비정상종료되던 문제가 수정됩니다 간헐적으로 드레스룸이 열리지 않던 문제가 수정됩니다기 아이템 구입 아이템 판매 아이템 업그레이드 창의 크기가 커집니다 로그오프 시 간헐적으로 프랍이 사라지지 않던 문제가 수정됩니다 뗏목에서 수리검 돌 스킬 차지 중 땅을 클릭하면 스킬이 취소되던 문제가 수정됩니다 인챈트 보호 포 수리 보호 포의 유효시간이 지나도 아이템 선택 창이 나왔던 문제가 수정됩니다 의장 탭 만료 시에도 만료된 의상이 보이던 문제가 수정됩니다 필드 레이드 미션에서 파티 부활의 깃을 이용하면파티원이 없어도 의무대의 역 공헌도를 획득할 수 있던 문제가 수정됩니다 인형 가방 미니돌의 소환시간 초기화 시 간헐적으로 남은 소환시간이비정상적으로 보이던 문제가 수정됩니다감사합니다
20151112 11:00,공 1112(목) 정식 서버 테스트 서버 패치 작업 변경점 안내,리쥬벤,안녕하세요마비노기 입니다2015년 11월 12일(목)패치로 변경되는 내용은 다음과 같습니다정식 서 알반 기사단의 훈련소에서 다음 층으로 이동할 때파트너나 파티원의 탑승물에 탑승한 캐릭터들은 이동되지 않던 문제가 수정됩니다테스트 서 인챈트 보호 포 수리 보호 포의 유효시간이 지나도 아이템 선택 창이 나왔던 문제가 수정됩니다 동물캐릭터 코끼가 적에게 물 뿌리 스킬 사용 시 마우스 우클릭 캐릭터 메뉴를 통해 공격할 수 있도록 변경됩니다 동물캐릭터 알파를 이용해 교역 진행 시 다른 교역소의 교역품을 구매할 수 없던 문제가 수정됩니다 뗏목에서 수리검 돌 스킬 차지 중 땅을 클릭하면 스킬이 취소되던 문제가 수정됩니다 마비노벨 작성시 제목과 대사에 영어로 욕설이 가능하던 문제가 수정됩니다 드레스룸 외형 변경 창을 연 상태로 로그오프 시 게임이 비정상종료되던 문제가 수정됩니다 간헐적으로 드레스룸이 열리지 않던 문제가 수정됩니다 아이템 구입 아이템 판매 아이템 업그레이드 창의 크기가 커집니다 의장 탭 만료 시에도 만료된 의상이 보이던 문제가 수정됩니다 필드 레이드 미션에서 파티 부활의 깃을 이용하면파티원이 없어도 의무대의 역 공헌도를 획득할 수 있던 문제가 수정됩니다 인형 가방 미니돌의 소환시간 초기화 시 간헐적으로남은 소환시간이 비정상적으로 보이던 문제가 수정됩니다감사합니다
20151105 12:00,공 1105(목) 정식 서버 패치 작업 변경점 안내,리쥬벤,안녕하세요마비노기 입니다2015년 11월 05일(목)패치로 변경되는 내용은 다음과 같습니다파트너 개 마우스 우클릭 상태보기 추가정보를 통해 파트너의 호감도스트레스선물 받은 횟수를 확인할 수 있도록 개선됩니다 교역 파트너 생성 후 마우스 우클릭을 통해 외형 변경이 가능하도록 변경됩니다 파트너의 선물 상 아이템이 번들 가능하도록 변경됩니다 선물하 가능 횟수가 하루 1회에서 5회로 증가됩니다 파트너에게 선물할 수 없던 일부 의상류를 선물할 수 있도록 변경됩니다 배고플 때 호감도 감소 스트레스 증가 수치가 고정값 1로 변경됩니다(기존 13) 스트레스가 일정 수치를 넘으면 마이너스 값으로 표시되던 문제가 수정됩니다 프리미엄 플러스팩 인벤토리에 있는 의상을 파트너에게 선물 할 수 없던 문제가 수정됩니다 파트너의 수리하기 기능을 연속으로 이용할 수 없던 문제가 수정됩니다 의자에 앉아있는 상태로 교역 파트너 캐릭터를 업을 수 있던 문제가 수정됩니다 캐릭터 간소화 상태에서 파트너 이동 수단이 비정상적으로 보이던 문제가 수정됩니다 파트너 재소환 시 무기셋이 1번으로 초기화 되던 문제가 수정됩니다 파트너가 휴 스킬 중 파트너의 귀족 마와 파트너의 마법 빗자에 탑승해도 스킬이 취소되지 않던 문제가 수정됩니다삼하인 이벤 재회 퀘스트 진행 중에 선상의 다카포 퀘스트가 지급되던 문제가 수정됩니다 삼하인 2악장 일부 컷신에서 라그린네의 안대 색상이 붉게 나오던 문제가 수정됩니다 삼하인 2악장의 퀘스트 진행 시 이동되는 배에 안개가 나오지 않도록 수정됩니다드라마 이리아2 5화 디안 케트에서 결퀘스트의 퍼즐 미션을 완료할 수 없던 문제가 수정됩니다기 일부 지역에서 로그오프 시 비정상적으로 시간이 오래 걸리던 문제가 수정됩니다 셀레스티얼 스파이 스킬 또는 동물캐릭터 디나의 소환 스킬로 적을 죽였을 때 경험치가 오르지 않던 문제가 수정됩니다 일부 마리오네트 미니어처가 스마트 콘텐츠에서 검색되지 않던 문제가 수정됩니다 목각 신사 콜로서스 미니어처(거래 가능) 목각 숙녀 피에로 미니어처(거래 가능) 철인 콜로서스 미니어처(거래 가능) 학생 피에로 미니어처(거래 가능) 고상한 한복 의 A파트의 염색 색상이 비정상적으로 적용되던 문제가 수정됩니다 캐릭터 정면 시점에서 피닉스 기사의 의의 망토가 보이지 않던 문제가 수정됩니다 코코의 미니드레의 목 뒤 리본이 비정상적으로 보이던 문제가 수정됩니다감사합니다
20151029 13:33,공 1029(목) 정식 서버 패치 작업 변경점 안내,니치크,안녕하세요마비노기 입니다2015년 10월 29일(목)패치로 변경되는 내용은 다음과 같습니다 삼하인 2악장 : 그들의 영역 이벤트가 진행됩니다 이벤트 페이 S코인 아이템이 은행 저장 및 공유를 할 수 있도록 수정됩니다 디나시 박스에서 획득하는 붉은 뿔 머리띠의 인벤토리 색상이 고정 색으로 수정됩니다 이미 획득한 붉은 뿔 머리띠의 인벤토리 색상도 원래의 고정 색으로 수정됩니다 삼하인 이벤트 NPC 캐러반 조의 기본 대사가 짧게 수정됩니다버그 버스터 바로 가 지역 이동 시 로딩 시간이 줄어들도록 개선됩니다 지역 이동 시 간헐적으로 캐릭터가 움직일 수 없던 문제가 수정됩니다 개인상점이 간헐적으로 사라지던 문제가 수정됩니다 교역 운송수단이 행동불능 상태가 되면 더는 교역을 진행할 수 없던 문제가 수정됩니다 그림자 미션에서 비정상종료 시 간헐적으로 채널 접속이 불가능했던 문제가 수정됩니다 도트 대미지로 공격 시 피니시를 빼앗을 수 있던 문제가 수정됩니다 NPC와 대화하던 중 간헐적으로 캐릭터가 굳던 문제가 수정됩니다 등대 아르바이트 시 현재 랭크에서 제작할 수 없는 물품을 의뢰하던 문제가 수정됩니다 도서 수집 가방에 파이어볼의 책 애로우 리볼버의 책 전기와 전압의 증폭에 대한 연구가 들어가지 않던 문제가 수정됩니다 수리검 폭쇄 스킬의 대미지가 간헐적으로 적용되지 않던 문제가 수정됩니다 드라마S1 3화 중 발레스 퀘스트에서 힐웬 광산 탈환을 목표로 미션을 정상적으로 완료하지 못한 경우 크루크와 대화하여 다시 미션을 시작할 수 있도록 수정됩니다 G19 우연과 필연 퀘스트를 진행하는 도중에는 NPC 이보나에게서 음악적 지식 랭크업 퀘스트를 받을 수 없던 문제가 수정됩니다 G16 입 밖에 낼 수 없는 생각 퀘스트를 클리어하지 않으면 안드라스로부터 다른 퀘스트를 진행할 수 없던 문제가 수정됩니다 레이지 임팩트 배우 퀘스트로 아란웬과 대화 도중 클라이언트가 강제 종료될 경우 이후 진행이 되지 않던 문제가 수정됩니다 알반 나이트 골렘이 궁수 페이즈일 때 듀얼건으로 공격하면 비정상적이던 문제가 수정됩니다 사도 기르가쉬의 신성한 전 스킬의 감염 대미지에 캐릭터가 행동불능이 되지 않던 문제가 수정됩니다 신성 경험치 획득 포션 사용 시 경험치가 정상적으로 획득되지 않던 문제가 수정됩니다 견습 기사 훈련 포인트 포션이 파기할 수 있도록 수정됩니다 동물 캐릭터 디나시를 소환한 곳에서 나타난 몬스터를 처치할 경우 주위의 몬스터가 대미지를 입던 문제가 수정 됩니다 개미지옥에서 나갈 수 있는 길이 미니맵에 표시되지 않던 문제가 수정됩니다 타워실린더를 설치 후 비정상적으로 보이던 문제가 수정됩니다 포신이 2개로 보이던 문제 다른 캐릭터에게 보이지 않던 문제 자이언트 캐릭터가 설치 시 손의 위치가 맞지 않던 문제 스페이스 드로즈와 프랑키스카를 함께 착용했을 때 비정상적으로 보이던 문제가 수정됩니다 아벨린 가발 착용 시 비정상적으로 보이던 문제가 수정됩니다 특정 위치에서 캐릭터의 몸이 땅 속으로 묻히던 문제가 수정됩니다 자이언트 캐릭터로 스노우 보드 의상(여성용)을 착용하고 후드를 썼을 때 일부 헤어가 비정상적으로 보이던 문제가 수정됩니다 : 헤어넛 트윈 픽테일 벼 머리 언밸런스 업 스타일 언밸런스 숏미디엄롱 포니테일 스트레이트미디엄 뱅 헤어 내추럴 옆 땋기 헤어 빅 샤기 컷 요정 플로라의 손이 비정상적으로 보이던 문제가 수정됩니다 일부 아이템 착용 시 왼손 손가락이 보이지 않던 문제가 수정됩니다 : 사랑스러운 눈꽃 코트 스페셜(여성용) 사랑스러운 눈꽃 코트(여성용) 귀여운 눈꽃 코트 스페셜(여성용) 귀여운 눈꽃 코트(여성용) 인간엘프 캐릭터가 루비 켈릭스 연금술사 정장(남성용)착용시 목에 회색 음영이 생기던 문제가 수정됩니다 경계하는 외형의 이빨이 피부색에 따라 함께 변하던 문제가 수정됩니다 환경 설정의 외곽선 그리기 옵션을 비활성화 할 경우 토끼 코스튬 웨어(여성용)가 비정상적으로 보이던 문제가 수정됩니다 단발 웨이브 펌 헤어에 모자를 착용할 경우 비정상적으로 보이던 문제가 수정됩니다 봄의 축제 코르사주(여성용)의 리본 위치가 손등 가운데에 오도록 수정됩니다 수리검과 일부 의상을 함께 착용할 경우 어깨가 비정상적으로 보이던 문제가 수정됩니다 : 천룡지의 산드라 스나이퍼 수트(여성용) 코레스 닌자수트 코레스 씨프수트 인간 캐릭터가 색상이 다른 한손검을 양손에 착용할 경우 색상이 동일하게 보이던 문제가 수정됩니다 : 로열 크리스탈 윙 소드 순례자의 검 왕실학교 의상을 입고 석궁을 착용하면 석궁이 투명해지던 문제가 수정됩니다 루비 세플 연금술사 베레모(여성용)의 보석 주변 레이스 색상이 하얀색으로 고정되도록 수정됩니다 인간 엘프 여성 캐릭터가 디나시 메탈 배틀 수 착용시 전투모드에서 등과 다리가 비정상적으로 보이던 문제가 수정됩니다 탈틴 친위대 군의관의 대화 설명의 오탈자가 수정됩니다 벨바스트 우편함 앞 지형이 비정상적이던 문제가 수정됩니다감사합니다
20150924 12:01,공 0924(목) 정식 서버 패치 작업 변경점 안내,리쥬벤,안녕하세요마비노기 입니다2015년 09월 24일(목)패치로 변경되는 내용은 다음과 같습니다 풍등 축제 이벤트가 진행됩니다 이벤트 페이마비노 노벨 작성 및 등록 후 재 등록할 때까지의 대기시간이 7일에서 3일로 단축됩니다(단축된 재등록 대기시간은 업데이트 이후 새로 작성되는 마비노벨부터 적용됩니다)알반 기사단의 훈련 숨겨진 층 보석 낙원 진행 시 처음 입장한 방과 다른 방으로 퇴장되던 문제가 수정됩니다 간헐적으로 구슬과 몬스터가 겹쳐 있어 몬스터를 공격할 수 없던 문제가 수정됩니다 캠프 파이어가 설치된 자리에 보급 상자가 나타나 보급 상자를 열 수 없던 문제가 수정됩니다 클로져 스킬 사용 중 훈련이 완료되면 간헐적으로 캐릭터 제어가 불가능하던 문제가 수정됩니다나의 기사 임무 게시판을 띄운 상태에서 임무를 지시하거나 완료할 경우 간헐적으로 렉이 발생하던 문제가 수정됩니다 수행 중인 임무가 있는 상태에서 임무 관 선택 시 임무 확인 탭이 먼저 보이도록 수정됩니다 아발론 게이트 지역 다리 부근에서 비정상적인 위치로 이동이 가능하던 문제가 수정됩니다 필드에 있는 의자에 앉은 채 아발론 게이트로 이동할 경우 캐릭터의 일부분이 땅 속으로 묻히던 문제가 수정됩니다 견습 기사가 일부 훈련 중 비정상적으로 보이던 문제가 수정됩니다버그 버스터 유효기간이 만료된 아이템들을 일괄적으로 삭제할 수 있는 기능 추가됩니다 인챈트와 같이 되살릴 수 있는 아이템은 삭제되지 않습니다 소지품 창의 모래시계 아이콘을 통해 이용하실 수 있습니다 드라마 시즌 2의 퀘스트 골드 보상이 변경됩니다(각 화의 총 획득 골드량은 기존과 같습니다) 하우징 광고 시 광고지의 개수를 지정하여 구매하지 않고 광고를 시작할 때 일정 금액만 차감되도록 변경됩니다 인간과 엘프 남녀의 기본자세가 수정됩니다 일부 던전이나 실내에서 간헐적으로 키보드 이동이 되지 않던 문제가 수정됩니다 동물 캐릭터와 교역 운송 수단에서 내린 후 간헐적으로 재탑승이 되지 않았던 문제가 수정됩니다 인형 가방의 인형 소환 해제 시 간헐적으로 게임이 비정상 종료되던 문제가 수정됩니다 합 스킬로 제작된 아이스 마 아이템에 품질 설정되지 않던 문제가 수정됩니다 (기존에 제작된 아이템은 적용되지 않습니다) 실내에서 다른 캐릭터가 위기탈출 스킬을 사용했을 경우 카메라 시점이 비정상적으로 보이던 문제가 수정됩니다 필리아의 엘프 가드의 이동 경로가 비정상적으로 설정되어있던 문제가 수정됩니다 교역 중 변신 스킬 사용 시 나오던 사념파가 잘못된 문제가 수정됩니다 스마트 콘텐츠를 이용하여 라비 던전마스 던전 문게이트를 이용할 수 없던 문제가 수정됩니다 자이언트 캐릭터가 일부 아이템 착용 시 비정상적으로 보이던 문제가 수정됩니다 왕실학교 리본 단화(여성용) 왕실학교 리본 구두(여성용) 인간 남성 캐릭터가 스튜어디스 가 아이템 착용 후 휴 스킬 사용 시 동작이 비정상적으로 보이던 문제가 수정됩니다 퍼핏 인형 착용 후 휴식 모션을 취할 경우 캐릭터가 비정상적으로 보이던 문제가 수정됩니다 그림자가 드리운 도 퀘스트의 퀘스트 마커가 표시되지 않던 문제가 수정됩니다 변신 익히 퀘스트 설명의 오타가 존재하던 문제가 수정됩니다 요리 컬렉션 아이템에 오타가 존재하던 문제가 수정됩니다 티오즈 그리 아이템에 오타가 존재하던 문제가 수정됩니다기 전용 인챈트가 발린 아이템을 전용 해제 포션없이 판매가 가능했던 문제가 수정됩니다 피니시 상태의 몬스터를 도트 대미지로 공격 시 경험치 및 스킬 수련치를 받을 수 없는 문제가 수정됩니다 자이언트 캐릭터가 동물캐릭터에 탑승하여 랜스차지 스킬 사용 시 몬스터의 피격 모션이 나오지 않던 문제가 수정됩니다 자이언트 캐릭터가 스라스 라인 로아이템 착용 시 한쪽 소매가 비정상적으로 보이던 문제가 수정됩니다 G20 메인스트림에 등장하는 몬스터를 공격하여 G19 기사단 스킬을 수련할 수 있던 문제가 수정됩니다 산드라 바니걸 스타일 이지웨 아이템과 일부 부츠 아이템을 함께 착용할 경우 부츠가 비정상적으로 보이던 문제가 수정됩니다 로열 나이트 건틀아이템과 일부 갑옷 아이템을 함께 착용할 경우 팔 부분이 비정상적으로 보이던 문제가 수정됩니다 일부 스킬의 개조 효과가 적용되지 않던 문제가 수정됩니다라이트닝 로 쇼크웨이 마나 소비량 감소레이지 임팩 스태미나 소비량 감소 디바인 링 스킬 사용 중 마리오네트로 몬스터 처치하면 서브 스킬 신성 발의 수련치가 증가하던 문제가 수정됩니다 디바인 링 서브 스킬 해금 조건 트리거 및 수련 트리거가 애완동물 대전에서 적용되던 문제가 수정됩니다 개인상점을 지키는 동물 캐릭터에게 디바인 링 스킬을 사용할 수 있던 문제가 수정됩니다 스프라이 동물캐릭터에게 디바인 링 스킬을 사용하고 일체화한 상태에서 원거리 공격에 피격당할 경우 다운되지 않던 문제와 일부 수련 항목의 수련치가 증가하던 문제가 수정됩니다감사합니다
20150729 18:17,공 0730(목) 정식 서버 패치 작업 변경점 안내,리쥬벤,안녕하세요마비노기 입니다2015년 07월 30일(목)패치로 변경되는 내용은 다음과 같습니다Fatestay night UBW 외형을 변경한 정령 무기가 본래의 모습으로 복원됩니다 토오사카 린의 영 에미야 시로의 영 아이템을 인챈트 위탁할 수 없던 문제가 수정됩니다 토오사카 린의 단 아이템 설명에 염색불가 내용이 추가됩니다 자이언트 캐릭터가 꿰뚫어 찌르는 죽음의 가시 아이템 착용 시 인간 캐릭터 착용 크기로 보이던 문제가 수정됩니다 아처의 아이템이 고정색으로 지급되지 않던 문제가 수정됩니다 이리야스필의 코 아이템의 단추가 고정색으로 지급되지 않던 문제가 수정됩니다 이리야스필의 가 이리야스필의 가발과 모 두 아이템의 머리색이 다르던 문제가 수정됩니다 (색상 관련 변경 사항은 이미 획득한 아이템에도 적용됩니다)마비노기 X 페이트 1기 특별한 조사 아처의 무한의 검제 스킬이 보다 쉽게 사용할 수 있도록 수정됩니다 그림자 미션 진행이 원활하지 않던 문제가 일부 수정됩니다알반 기사 문장 합성을 통해 성장시킬 경우 적용될 스탯 외에 다른 스탯에 추가로 적용되던 문제가 수정됩니다 훈련소 던전 안에서 간헐적으로 방으로 입장할 수 없던 문제가 일부 수정됩니다 훈련소에서 훈련 시작 버튼을 빠르게 여러번 누를 때 입장에 실패하던 문제가 수정됩니다스마트 콘텐 회피란 설명의 오타가 수정됩니다 레인 캐스팅이란 설명의 오타가 수정됩니다 사탕 지팡이 (NPC용) 아이템을 검색할 수 있던 문제가 수정됩니다기 데모닉 나이트메어 드림캐 아이템이 세공 가능하도록 변경됩니다 축복 디바 재능일 때 라이트닝로드 스킬에 수련치 보너스가 적용되던 문제가 수정됩니다 자신의 캐릭터로 진행되는 RP미션에서 서포트 퍼핏의 일상대화교역대화 켜기 메뉴가 노출되던 문제와 함께 기능 활성화 버튼 클릭시 잘못된 사념파가 나오던 문제가 수정됩니다 인간 캐릭터의 달리기 모션이 어색하던 문제가 수정됩니다 마나 포밍 스킬의 설명에 기능과 다른 내용이 서술되어 있던 문제가 수정됩니다 하프 서버 일부 채널이 축소 됩니다 222324채널감사합니다
20150326 12:05,공 0326(목) 정식 서버 패치 작업 변경점 안내,리쥬벤,안녕하세요마비노기 입니다2015년 03월 26일(목)패치로 변경되는 내용은 다음과 같습니다 1:1 대전 시 일부 스킬에서 대미지 비율에 따른 대미지가 적용되지 않던 문제가 수정됩니다스매시출혈 대미지 미라지 미사일전염 대미 교역 시 일부 스킬에서 전투 대미지 패널티가 적용되지 않던 문제가 수정됩니다스매시출혈 대미지 미라지 미사일전염 대미 도트 대미지로 몬스터 처치 시 스킬 수련 퀘스트 완료 및 경험치가 획득이 되지 않던 문제가 수정됩니다메테오 스트라이크 셀레스티얼 스파이크 미라지 미사일 레이지 오브 윙스 스매 어전트 샷 스킬의 트리거가 1:1 대전 상황에서 작동하던 문제가 수정됩니다 파이어볼 스킬 사용 중 무기를 교체하면 바뀐 무기의 마법 공격력이 적용되던 문제가 수정됩니다 타라 건물 벽의 일부분이 겹쳐 보이던 문제가 수정됩니다감사합니다
20141204 13:04,공 1204(목) 정식 서버 패치 작업 변경점 안내,니치크,안녕하세요마비노기 입니다2014년 12월 04일(목)패치로 변경되는 내용은 다음과 같습니다 교역 포기 후 로그오프 했을 때 두카트가 사라지던 문제가 수정됩니다 다른 사람의 동물 캐릭터에 탑승 후 자신의 동물 캐릭터를 소환할 경우 사념파가 비정상적으로 보이던 문제가 수정됩니다 드라마 시즌2 4화 피 메투스의 퀘스트에서 멀린과 트레저헌터의 대사가 비정상적으로 보이던 문제가 수정됩니다 드라마 시즌2 5화에서 디안 케에서 디안 케트의 포트레이트가 보이지 않던 문제가 수정됩니다 드라마 시즌 2 4화 미 퀘스트 중 트레저헌터의 대사가 비정상적으로 보이던 문제가 수정됩니다 트레저 던전 심연의 코일 던전 심연의 페카 던전 클리어시 사념파가 비정상적으로 보이던 문제가 수정됩니다 붐박스 사용 시 커플댄스가 되지 않던 문제가 수정됩니다감사합니다
20141127 12:33,공 1127(목) 정식 서버 패치 작업 변경점 안내,리쥬벤,안녕하세요마비노기 입니다2014년 11월 27일(목)패치로 변경되는 내용은 다음과 같습니다11월20일 패치 이후로 발생된 문제에 대한 변경 드라마 시즌 12 콘텐츠를 정상적으로 이용할 수 없던 문제가 수정됩니다 반짝이 물감 병을 사용하면 얻을 수 있는 염색 앰플을 합성할 수 없던 문제가 수정됩니다지정 색상 염색 앰플 선택 세트 도우미 관련 대사가 비정상적으로 보이던 문제가 수정됩니다초보자 전투 강좌 게시에 대화를 걸었을 때 대사가 비정상적으로 보이던 문제가 수정됩니다NPC투파이와 대화 시 비정상적인 대사가 보이던 문제가 수정됩니다동물 캐릭터 셰프의 포장마차의 상점탭을 이용할 수 없던 문제가 수정됩니다아르바이트 퀘스트는 퀘스트뷰어에서 완료할 수 없도록 변경됩니다월드 맵 오픈 시 X버튼으로 맵을 닫을 수 없었던 문제가 수정됩니다환경 설정 메뉴에서 소울메이트 자동 거부 옵션이 제거됩니다비활성화된 토템을 동물 캐릭터 소지품창에 넣었을 때 잘못된 메시지가 나오던 문제가 수정됩니다그린노기 시즌4 패치로 수정되는 사드라마 시즌 12화 아쿨의 편 퀘스트 진행 시 그림자 미션을 갖고 있는 상태로 NPC 밀리아와 대화하면 대화창이 닫히지 않던 문제가 수정됩니다2화 다시 악령이 되 퀘스트의 미션을 성공해도 퀘스트가 완료되지 않던 문제가 수정됩니다2화 유적 안으 퀘스트를 진행하거나 완료할 경우 이전에 기억해 놓은 장소의 던전 로비로 이동되던 문제가 수정됩니다2화 유적 안으 퀘스트 진행 중 유적 던전에서 사망할 경우 부활 버튼이 정상적으로 동작하지 않던 문제가 수정됩니다3화 발레스 퀘스트 진행 중 NPC 크루크가 같은 대사를 반복하던 문제가 수정됩니다4화 밀리아와 샤말 퀘스트의 미션에서 밀리아가 적을 공격할 때 아군도 대미지를 입던 문제가 수정됩니다4화 샤먼의 마을 퀘스트 컷신 재생 중 비정상 종료될 경우 더 이상 진행이 불가능하던 문제가 수정됩니다10화 보상 상자에서 얻을 수 있는 특별한 나오의 영혼석을 파기 가능하도록 수정됩니다드라마 시즌 2프롤로그 오프닝 재생 중 비정상 종료될 경우 퀘스트 진행이 불가능하던 문제가 수정됩니다프롤로그 전설의 요리사를 찾아 퀘스트 진행 중 멧돼지에게 공격받는 동시에 사다리에 올라가면 내려올 수 없던 문제가 수정됩니다프롤로그 해도를 아십니 퀘스트 진행 시 일부 컷신이 나오지 않던 문제가 수정됩니다프롤로그 일부 미션 진행 중 의장 탭의 장비가 보이지 않던 문제가 수정됩니다3화 예언과 단 퀘스트에서 NPC 트레저 헌터와 NPC 아쿨의 대사가 비정상적으로 나오던 문제가 수정됩니다4화 스키 추 퀘스트 실패 시 캐릭터가 간혹 굳던 문제가 수정됩니다5화 네메톤으 퀘스트 진행 시 나오는 컷신에서 캐릭터가 퀘사르 로브를 착용하지 않고 나오던 문제가 수정됩니다5화 네메톤으 퀘스트의 미션에서 멀린과 트레저 헌터가 적을 공격할 때 아군도 대미지를 입던 문제가 수정됩니다6화 의 퀘스트의 미션에서 트레저 헌터가 프렌지 스킬 사용 시 프렌지 스킬 재사용 시간이 줄어들지 않던 문제가 수정됩니다6화 퀘스트 완료 시 다른 지역에 있어도 무유 사막으로 이동되던 문제가 수정됩니다네메톤 밀랍 날개를 이용해 거래 중에 네메톤 지역으로 이동할 수 있던 문제가 수정됩니다스동물 캐릭터 크리스탈 루돌프의 하이드 스킬이 간혹 동작하지 않던 문제가 수정됩니다소환된 파트너의 마차 빗자루에 탑승 한 채로 레인 캐스팅 사용 시 연금술 구름의 번개에 공격을 받던 문제가 수정됩니다포션 조제 스킬 사용 시 개인 상점에 등록된 아이템은 자동 재료 올리기의 재료로 인식되지 않도록 수정됩니다환경 설정 메뉴의 엘프와 자이언트 PVP 허 설정하여 PVP 중 셀레스티얼 스파이크 스킬 사용 후 PVP 허 옵션을 해제해도 도트 대미지가 적용되던 문제가 수정됩니다환경 설정 메뉴의 팔라딘과 다크나이트 PVP 허 설정하여 PVP 중 셀레스티얼 스파이크 스킬 사용 후 PVP 허 옵션을 해제해도 도트 대미지가 적용되던 문제가 수정됩니다사도 기르가쉬 및 기르가쉬의 소환물에 저지먼트 블레이드 스킬 대미지가 정상적으로 적용되지 않던 문제가 수정됩니다사도 기르가쉬가 영혼 흡수 스킬 사용 중 영혼을 전부 흡수해도 스킬이 완료되지 않던 문제가 수정됩니다열기구 및 뗏목에서는 저지먼트 블레이드 스킬을 사용할 수 없도록 변경됩니다PVP 중 셀레스티얼 스파이크 스킬로 승리한 경우 대전이 끝나지 않던 문제가 수정됩니다저지먼트 블레이드 스킬 시전 중 타겟팅 된 적이 사정거리에 들어오면 스킬이 자동으로 발동되던 문제가 수정됩니다셀레스티얼 스파이크 스킬 사용 중 공격을 당해 스킬 취소 시 도트 대미지 및 이펙트가 사라지도록 수정됩니다발레스 외곽 지역에서 일부 유물 조사가 불가능했던 문제가 수정됩니다새도우 오브 스피리트 스킬로 일부 몬스터에게 대미지를 입힐 수 없던 문제가 수정됩니다프리카드로 트레저 헌터 재능 선택 시 변신 마스터리 F랭크 승급 퀘스트를 받을 수 없던 문제가 수정됩니다낭만 비행 사용 중에는 골렘을 조종할 수 없도록 수정됩니다G19 메인스트G19 메인스트림 상실 퀘스트 진행 중 NPC 던컨과 대화 시 자신의 캐릭터명이 보이도록 수정됩니다G19 메인스트림 깨달 퀘스트 진행 중 컷신의 기르가쉬 모습이 비정상적으로 보이던 문제가 수정됩니다G19 메인스트림 호기심이 고양이를 죽인 빛과 마주치 퀘스트의 NPC 알터 대사가 수정됩니다G19 메인스트림 우연과 필 퀘스트의 미션을 완료하기 전까지는 NPC 이보나와 대화해야 하는 퀘스트를 진행할 수 없던 문제가 수정됩니다G19 메인스트림 우연과 필 퀘스트에서 골렘을 조종하여 몬스터 처치 시 펜아르가 계속 나와 미션을 완료할 수 없었던 문제가 수정됩니다G19와 G12 메인스트림을 동시에 진행 시 왕성 경비병과 대화를 통해 G12 퀘스트를 먼저 진행하지 못하던 문제가 수정됩니다일마을 주변의 의자에서 휴식 스킬을 이용해 앉을 수 있도록 변경됩니다그랜드마스터 미션 진행 중 이프리트가 공격 불가한 지역으로 이동하던 문제가 수정됩니다정령에게 아이템을 줄 때 봉인된 아이템 또는 전용화된 아이템이 사라지던 문제가 수정됩니다힐웬 광산에 있던 캐릭터가 재접속 후 광산을 나가면 캐릭터가 움직일 수 없고 화면이 비정상적으로 보이던 문제가 수정됩니다동물 캐릭터 알파카를 소환하지 않아도 알파카 마차로 교역할 수 있던 문제가 수정됩니다이혼으로 인해 가계도에 가장이 없어진 캐릭터가 다른 캐릭터와 재혼하여도 가계도에 가장의 위치가 비어있던 문제가 수정됩니다알반 헤루인(수요일)에 길드 골드를 수표로 인출할 때 수수료가 감소한 것 처럼 보이던 문제가 수정됩니다샤말라 스토리:악몽 불타는 복수 퀘스트 진행 시 NPC 밀리아가 사라져 더이상 퀘스트 진행을 할 수 없던 문제가 수정됩니다샤말라 스토리:악몽 퀘스트에서 캐릭터 이름이 잘못 표기되던 부분이 수정됩니다타우네스의 부 퀘스트에서 획득하는 부서진 기억의 거울 아이템은 NPC 보이트를 통해서만 복원할 수 있도록 수정됩니다그림자 미션을 진행 중일 때 음악적 지식 랭크업 퀘스트를 받지 못하던 문제가 수정됩니다그림자가 드리운 도 그림자 미션 진행 중 도플갱어의 생명력이 비정상적으로 보이던 문제가 수정됩니다환생이 불가능한 동물 캐릭터가 환생이 진행되던 문제가 수정됩니다일부 전용화 아이템에 전용 해제 포션을 사용할 수 없던 문제가 수정됩니다연금술 합성 시 삼발이 인챈트의 연금술 생산 성공률 옵션이 적용되지 않던 문제가 수정됩니다소지품 공간이 부족할 경우 초보자용 지원 물품이 임시 소지품창으로 지급되도록 수정됩니다그래나오탄을 착용한 상태에서 제스쳐를 사용할 때 외형이 비정상적으로 보이던 문제가 수정됩니다스튜어디스 가방과 일부 의상을 함께 착용하면 비정상적으로 보이던 문제가 수정됩니다자이언트 종족이 흰색 수호천사 날개를 착용 할 경우 크기가 작아지던 문제가 수정됩니다자이언트 종족이 악기와 악보 스크롤을 함께 착용할 경우 악기가 커지던 문제가 수정됩니다NPC 애쉴링의 얼굴이 비정상적으로 나오던 문제가 수정됩니다동물 캐릭터 순간이동 마법사 임프를 통해 메투스 지역으로 이동할 경우 미니맵이 비정상적으로 보이던 문제가 수정됩니다미니맵이 없는 일부 지역에서 미니맵을 키면 비정상적으로 미니맵이 보이던 문제가 수정됩니다사도 기르가쉬가 스킬 사용 중에 사망할 경우 모션이 나타나지 않던 문제가 수정됩니다그린노기 운동가 이벤트가 진행됩니다 이벤트 공지 바로가기캐러반 조를 찾아라 이벤트가 진행됩니다 이벤트 공지 바로가기감사합니다
20140807 11:00,공 0807(목) 정식 서버 테스트 서버 패치 작업 변경점 안내,데르와,안녕하세요마비노기 입니다2014년 08월 07일(목)패치로 변경되는 내용은 다음과 같습니다정식서계정 보안 레벨 캠페 진행마비노기 그린노기 캠페인 시즌3 적용 보다 다양한 해상도를 선택할 수 있습니다 전용화 되는 아이템을 장착할 경우 사전 경고 메시지 창이 뜨지 않던 문제가 수정됩니다 장비 비교 시 나타나는 서브 툴팁이 가끔씩 사라지지 않던 문제가 수정됩니다 환경설정에 장비 비교 툴팁 표시하기 빠른 장비 장착 사용하기 옵션이 추가됩니다 타이틀 창에 타이틀 및 옵션을 검색할 수 있는 기능이 추가됩니다 켈라 항구 마나 터널의 표기가 켈라 베이스 캠프 마나 터널로 변경됩니다 로딩 팁 중 마나 터널 및 문게이트에 대한 설명이 수정됩니다 메디테이션 스킬 아이콘을 추가 하였습니다 드라마 시즌2 리듬게임이 제거됩니다 이제 동물 캐릭터와 같이 파트너도 단축키 슬롯에 아이콘을 등록하여 사용할 수 있습니다 대쉬 펀치로 공격 시도 중 다른 사람이 대상을 먼저 공격하면 캐릭터가 굳는 문제가수정됩니다 복구된 페이지 17 아이템 설명 오류가 수정됩니다 프리미엄 플러스 팩 기간 만료 후에도 Plus 인벤토리에서 아이템 집기버리기가가능하도록 수정됩니다 낭만 농장 미니어처와 작은 사탕 나무의 낭만 농장 설치 가능 레벨이 2레벨로수정됩니다 제휴 의상이 드레스 룸에 수집되도록 수정됩니다테스트서 사도레이드 미션의 보스 밸런스가 조정됩니다 단계별로 보스의 생명력과 스탯이 상향됩니다 보스의 영혼흡수 스킬의 밸런스가 조정됩니다 신성한 전염의 대미지가 상향 적용됩니다 파나티시즘 스킬이 발동 되었을 때 타격 필요 횟수가 상향 조정됩니다 파나티시즘 스킬이 발동 되었을 때 펫 탑승 상태에서 타격을 입게되면 펫에서 내리도록수정됩니다 신성한 감금 스킬이 발동 되었을 때 펫 탑승 상태에서 타격을 입게되면 펫에서 내리도록수정됩니다 신성한 감금 스킬의 발동 범위가 조정됩니다 보스의 문제 사항이 수정됩니다 파나티시즘 스킬이 캐릭터의 모션에 취소되지 않도록 수정됩니다 보스가 사라지면 이펙트도 함께 사라지도록 수정됩니다 펫 스킬 수면 효과에 의해 보스가 영향받지 않도록 수정됩니다 기사단 신성스킬 밸런스가 조정됩니다 실드 오브 트러스트의 발동시작 시간이 단축됩니다 기사단 스킬 랭크 업 시 캐릭터의 스탯 상승효과가 추가됩니다 기사단 스킬 각 수치들이 전반적으로 상향 적용됩니다 기사단 신성스킬 문제가 수정됩니다 서브스킬 마법 부정 해금조건이 타 캐릭터가 사용하는 스킬에도 영향받던 문제가수정됩니다 결사단 파티 시스템의 문제가 수정됩니다 전투 준비 확인 시 즉시 피드백 받도록 수정됩니다 미션 진입 시 전투 모집 공고가 자동 종료 되도록 수정됩니다 교역 상태에서 결사단 이동 하기기능을 사용할 수 없도록 수정됩니다 지령 시스템의 문제가 수정됩니다 주간 지령 퀘스트:매주 토요일 오전7시에 정상적으로 초기화됩니다 주간 지령 퀘스트:방심은 금물이다 이것이 기사단의 힘이다로 퀘스트 내용이 변경됩니다 일일 지령 퀘스트: 퀘스트가 랜덤하게 지급 되도록 수정됩니다 일일 지령 퀘스트:죽음에 초연하라 이것이 기사단의 힘이다로 퀘스트 내용이 변경됩니다감사합니다
20140710 11:32,공 0710(목) 정식 서버 패치 작업 변경점 안내,니치크,안녕하세요마비노기 입니다2014년 07월 10일(목)패치로 변경되는 내용은 다음과 같습니다 10주년 기념 두 번째 이벤트가 진행됩니다 이벤트 페이지 바로가 동물 캐릭터 요정 펫이 개인상점을 지키는 중에도 이동속도 채집속도 상승 컨디션이 유지되던 문제가 수정됩니다 희대의 마법가루로 인챈트 위탁이 되지 않던 문제가 수정됩니다 거래 확장 수수료를 환불받지 못할 경우 우편으로 수표가 지급되는 기능이 추가됩니다 거래창 확장 시 1억 이상의 금액을 올려도 금화 항목에 1억까지만 표기되던 문제가 수정됩니다 프리미엄 플러스 팩을 사용 중이지만 재접속 시 교역 패널티가 적용되던 문제가 수정됩니다 마비랜드에서 늑대가 나타나는 위치가 수정됩니다 10주년을 기념하여 악기 5종(류트 만돌린 우쿨렐레 플루트 휘슬) 음원이 리뉴얼 되었습니다 많은 관심 부탁 드립니다감사합니다
20140508 12:17,공 0508(목) 정식 서버 패치 작업 변경점 안내,니치크,안녕하세요마비노기 입니다2014년 5월 8일(목)패치로 변경되는 내용은 다음과 같습니다더 좋은 에린 생활을 위한 UI 개 드레스룸에 수집 가능한 아이템 보 기능이 추가됩니다 인벤토리 오른쪽 위에 모으 기능이 추가되어 같은 종류의 아이템을 자동으로 모을 수 있도록 변경됩니다 인벤토리에 있는 아이템과 현재 착용하고 있는 아이템을 비교할 수 있는 기능이 추가 됩니다 쌍검과 같이 양손 장착 가능 아이템의 경우 양쪽 슬롯에 아이템을 장착한 상태에서 왼쪽 쉬프트키를 이용하면 두 아이템의 툴팁을 비교 할 수 있습니다 장비류 아이템을 인벤토리에서 컨트롤 클하면 자동 장착해제 되도록 변경됩니다 새롭게 획득한 아이템 강조하 기능이 추가 됩니다 (환경설정 게임 기타에서 기능을 설정해제 할 수 있습니다)버그 수 하이드라 연성 스킬로 교역 약탈탄을 처치하면 빼앗긴 교역품을 돌려받지 못하던 문제가 수정됩니다 교역시 약탈자 등장 후 파티생성탈퇴를 재빨리하면 최하급 약탈단만 나오던 문제가 수정됩니다 뗏목 나오존에서 키보드로 이동가능 하도록 변경됩니다 초코와플 드레스를 착용한 상태로 죽은 척 액션을 사용하면 눈을 뜨고 있던 문제가 수정됩니다 제로 영웅인 트레저 헌터 캐릭터 생성 시 회피가 연습랭크로 주어져 승급할 수 없었던 문제가 수정됩니다 제로 재능을 선택하여 관련 스킬을 이미 획득한 캐릭터에게 스킬 습득 퀘스트가 지급되던 문제가 수정됩니다 장비 판매 통일 패치 이후 무기점에서 가디언 보우 시미터 브리건딘 노르만 워리어 아머 구매할 수 없던 문제가 수정됩니다 디바 2차 타이틀 효과 중 음악 버프 스킬 효과가 로 표기되었던 문제가 수정됩니다 푸른 개조석(이벤트)의 아이템 설명이 잘못된 문제가 수정됩니다 메이즈 평원 상급 던전의 보상이 메이즈 평원 유물 상자 고급으로 나오도록 수정됩니다 휴식 스킬 중에는 동물 캐릭터 알파카를 들 수 없도록 수정됩니다 낭만 비행 사용 중에는 마리오네트를 소환할 수 없도록 변경됩니다 비정상적인 뗏목 구간에서 위기탈출 스킬의 수련치를 획득할 수 있었던 문제가 수정됩니다 합성에 실패할 경우 재료가 소모되지 않던 문제가 수정됩니다 일부 NPC의 우클릭 메뉴에 타기 메뉴가 있어 비행 액션을 할 수 있던 문제가 수정됩니다 G9 마지막을 향한 전투 그림자 미션 중 3명 NPC가 죽지 않았으나 미션 실패처리 되던 문제가 수정됩니다 코일 페카 상급 던전 세 번째 방의 마지막 몬스터를 크로스 버스터 스킬로 처치할 경우 보스방에 입장할 수 없는 문제 수정됩니다 긴급 탈출 폭탄으로 매직 웨폰 마스터리 수련치를 올릴 수 있던 문제가 수정됩니다 비행 중 동물 캐릭터가 소환 해제되어 착지한 후에도 비행용 미니맵이 유지되던 문제가 수정됩니다 컨디션 표시가 생명력 표시 바를 가려 생명력 확인이 어려웠던 문제가 수정됩니다 NPC와 대화 중일 경우 음식을 섭취할 수 없도록 변경됩니다 드림캐처 변신 상태인 캐릭터를 낭만농장에서 추방할 수 없었던 문제가 수정됩니다 격투술 스킬 사용 시 방호벽을 사이로 두고 스킬 사용 시 몬스터 공격이 가능했던 문제 수정됩니다 자신에게 스파크 스킬을 사용한 다음 광란의 질주 스킬 사용 시 시전이 취소되던 문제가 수정됩니다 타워실린더를 설치 후 연금술 사용 시 숙련도 상승 및 내구도 감소가 적용되지 않던 문제 수정됩니다 자이언트 캐릭터의 던지기 스킬에서 세공 대미지 증가 효과가 적용되지 않던 문제가 수정됩니다 마력탄을 동물 캐릭터 인벤토리에 넣은 상태로 리로드하면 스킬 트리거가 동작했던 문제가 수정됩니다 핸디 크래프트 스킬로 가벼운 종이 제작 시 가벼운 종이가 재료로 인식되었던 문제가 수정됩니다 매직 크래프트 스킬로 랑그히리스 체이서 제작 시 재료가 잘못 인식되던 문제가 수정됩니다 자장가 스킬로 잠든 상태에서 레인 캐스팅 스킬의 번개에 대미지를 입으면 잠든 상태가 해제되도록 수정됩니다 몬스터에게 라이프 드레인 스킬로 공격 당할 시 대륙 이동이 가능했던 문제가 수정됩니다 비극의 음유시 퀘스트가 도착하지 않아 G13 메인스트림을 진행할 수 없었던 문제가 수정됩니다 중갑옷과 천옷을 연속으로 바꿔가며 착용하면 비정상적으로 오토디펜스가 발동하던 문제가 수정됩니다 낭만 농장에서 캠프파이어를 통해 요리 스킬 사용 시 사념파가 잘못 출력되었던 문제가 수정됩니다 두 캐릭터가 현혹의 연주 스킬을 중 한 캐릭터가 취소할 경우 현혹된 몬스터가 스킬을 취소한 캐릭터에게 공격하던 문제가 수정됩니다 와이어 풀링 및 와이어 바인딩 스킬의 쿨타임이 진행 중인 상태에서 스킬을 사용할 수 있었던 문제가 수정됩니다 헤일스톰 지속시간이 10초 이하로 남았을 때 스킬을 재사용해도 스킬이 취소되지 않도록 수정됩니다 샌드 버스트 스킬의 수련치가 수련 조건에 맞지 않아도 상승되었던 문제가 수정됩니다 행동불능 창에서 이 자리에서 부활한 선택하여 부활한 뒤 또 다시 행동불능이 되었을때 이대로 구조를 기다린 누르면 부활 쿨타임이 초기화 되던 문제가 수정됩니다감사합니다
20140418 20:52,공 0418(금) 테스트 서버 패치 작업 변경점 안내,리쥬벤,안녕하세요마비노기 입니다2014년 4월 18일(금)패치로 변경되는 내용은 다음과 같습니다 게임을 더 편리하게 이용 할 수 있는 기능이 추가됩니다 드레스룸에 수집 가능한 아이템 보 기능이 추가됩니다 인벤토리 오른쪽 위에 모으 기능이 추가되어 같은 종류의 아이템을 자동으로 모을 수 있도록 변경됩니다 인벤토리에 있는 아이템과 현재 착용하고 있는 아이템을 비교할 수 있는 기능이 추가 됩니다(shift 키를 누르면 오른쪽에 착용한 악세사리나 무기와 아이템을 비교할 수 있습니다) 장비류 아이템을 인벤토리에서 컨트롤 클하면 자동 장착해제 되도록 변경됩니다 새롭게 획득한 아이템 강조하 기능이 추가 됩니다(환경설정 게임 기타에서 기능을 설정해제 할 수 있습니다) 하이드라 연성 스킬로 교역 약탈탄을 처치하면 빼앗긴 교역품을 돌려받지 못하던 문제가 수정됩니다 뗏목 나오존에서 키보드로 이동가능 하도록 변경됩니다 테스트를 위한 내용으로 정식 서버 투입 시일부 내용이 변경 또는 투입이 되지 않을 수 있습니다감사합니다
20140327 11:12,공 0327(목) 정식 서버 패치 작업 변경점 안내,리쥬벤,안녕하세요마비노기 입니다2014년 3월 27일(목)패치로 변경되는 내용은 다음과 같습니다 비정상적인 방법으로 재료로 사용할 수 없는 아이템을 페스티벌 푸드로 만들 수 있던 문제가 수정됩니다 동물 캐릭터 비행 시 지도의 웨이포인트 도착 지점에서 회전하던 문제가 수정됩니다 파트너와 대화 중 소환 시간 만료되 강제 소환 해제 당할 경우 캐릭터 조작이 불가능했던 문제가 수정됩니다 보조장비에 너클 착용 후 드림캐쳐로 변신 후 변신해제할 경우 너클과 드림캐쳐를 동시에 착용한 것으로 보이던 문제가 수정됩니다 카브 항구 및 벨바스트에서 교역을 시작하면 여신의 날개에 저장된 목적지가 사라지던 문제가 수정됩니다 날개를 의장탭에 착용한 상태로 로브입은 NPC로 변신변신해제 시 캐릭터가 비정상으로 보이던 문제가 수정됩니다 컨트롤 오브 다크니스 스킬로 몬스터 조련 시 비정상적으로 소환 해제되던 문제가 수정됩니다 드라마 컨텐츠의 일부 미니게임에서 화면 캡쳐가 불가능하던 문제가 수정됩니다 NPC 투파이의 상점을 이용할 수 없던 문제가 수정됩니다 비행낭만 비행 액션 모션이 다른 캐릭터의 화면에서 비정상적으로 보이던 문제가 수정됩니다감사합니다
20130808 15:26,공 내용 추 0808(목) 정식 서버 패치 작업 변경점 안내,리블링즈,안녕하세요마비노기 입니다2013년 08월 08일(목)패치로 변경되는 내용은 다음과 같습니다 이리아 탐험 던전의 보상이 변경됩니다 던전 등급에 따라 유물 상자를 습득 할 수 있으며 사용 시 탐험 경험치를 올릴 수 있는 유물이 나옵니다 NPC에게 탐험 유물을 판매할 수 있도록 변경됩니다 거래하기를 통해 탐험 유물을 판매하는 경우 유물에 해당하는 보상을 받을 수 있습니다 탐험 퀘스트 보드가 리뉴얼됩니다 탐험 레벨 제한이 50레벨로 변경됩니다 카테고리 분류별로 탐험 퀘스트를 받을 수 있습니다 탐험 퀘스트의 보상이 대폭 상향됩니다 신규 탐험 퀘스트가 추가 됩니다 탐험 레벨업에 필요한 경험치 밸런스가 조정됩니다 20레벨 까지는 레벨업에 필요한 경험치가 이전 보다 소폭 상승하였습니다 20레벨 이후부터는 레벨업에 필요한 경험치가 이전 보다 대폭 하향되어 레벨업이 수월해 졌습니다 탐험 레벨 제한이 최대 50레벨로 변경됩니다 코일 상급 던전 내 일부 조형물이 어색하게 보이던 문제가 수정됩니다 환생 시 나오가 새로 선택한 재능에 대한 대사를 말하지 않던 문제가 수정됩니다 발레스 필리아 수장집 추가 이후 미니맵과 건물 입구에 퀘스트 마커가 보이지 않던 문제가 수정됩니다 세피로트의 석궁에 장착한 세피로트의 화살이 보이지 않던 문제가 수정됩니다 인간 엘프만 착용 가능하던 토크 요리사옷 아이템이 자이언트도 착용할 수 있도록 변경됩니다 미니맵에 던바튼 교역소의 위치가 표시되지 않던 문제가 수정됩니다 나이가 19세에서 20세가 되었을 때 무료 환생 메시지가 나오던 문제가 수정됩니다 드레스룸에서 일부 캐릭터의 눈 외형 변경이 되지 않던 문제가 수정됩니다 잘못된 위치에 있던 콘누스 해변 야금지 마나터널이 사라지고 샌드웜 문양 마나터널이 추가됩니다 슈터 재능 그랜드마스터 미션 중 돌연변이 토끼 처치 퀘스트에서 해당 몬스터를 처치해도 처치 수가 올라가지 않던 문제가 수정됩니다 NPC 카스타네아 수장집에서 울라 대륙으로 대륙이동이 되지 않던 문제가 수정됩니다 슈팅 러쉬 스킬에 재사용 대기 시간이 잘못 표기 되어있던 문제가 수정됩니다 위기에 처한 샤말라 퀘스트 마지막 항목 완료 시 컷신이 재생되지 않던 문제가 수정됩니다 금속 장비에 카모플라쥬 인챈트 스크롤로 인챈트가 가능했던 문제가 수정됩니다 앵콜 스킬을 사용해도 현혹의 연주 재사용 대기시간이 초기화 되지 않던 문제가 수정됩니다 드라마 1화 돌이기도 하고 돌이 아니기도 한 그것 그림자 미션 진행 중 아이템을 필드 위에 버리면 다시 집을 수 없었던 문제가 수정됩니다 궁술 재능 그랜드 마스터 미션 중 새도우 아처 100마리 처치 퀘스트에서 브론즈 본 파이터를 처치해도 해당 항목의 처치 수가 올라가던 문제가 수정됩니다 볼트 마법 조합 스킬을 적에게 사용해도 볼트 마스터리 스킬의 볼트 마법 사용 항목이 오르지 않던 문제가 수정됩니다 타운트 스킬 재사용 대기시간이 비정상적이었던 문제가 수정됩니다 활 석궁에 인챈트 가능한 스크롤에 장거리 무기에 인챈트 가능으로 보이던 문구가 활 석궁에 인챈트 가능이라는 문구로 변경됩니다 강철의 연금술사 세트를 착용한 상태에서 스파크 스킬을 사용했다가 취소하면 오른손에 해당 스킬의 이펙트가 남던 문제가 수정됩니다 아브네아 호수 주변 공격할 수 없는 위치에 몬스터가 간헐적으로 등장하던 문제가 수정됩니다 변신 마스터리 스킬을 사용하여 NPC 포셔로 변신 후 이동할 때 엘프 캐릭터의 이동속도로 적용되지 않던 문제가 수정됩니다 파트너 캐릭터에게 개조할 수 없는 박쥐 드레스 아이템을 선물할 수 없던 문제가 수정됩니다 전용 인챈트된 아이템 착용 시 경고 문구 없이 전용화 되던 문제가 수정됩니다 일부 마스터 타이틀이 착용하지 않아도 타이틀 옵션 효과가 적용되던 문제가 수정됩니다 윈드밀 스킬을 사용하려고 할 때 공격을 받고 취소되면 재사용 대기시간이 적용되던 문제가 수정됩니다 친구 추천 경험치 항목을 달성했지만 간헐적으로 경험치를 받지 못하던 문제가 수정됩니다 첼로를 개조할 수 없던 문제가 수정됩니다 G2를 완료하였으나 간헐적으로 파워 오브 오더 아이 오브 오더 소드 오브 오더 팔라딘 내츄럴 실드 팔라딘 헤비 스탠더 팔라딘 마나 리프렉터 스킬이 지급되지 않던 문제가 수정됩니다 이리아의 탐험가 퀘스트 진행 중 탐험 레벨 3 달성 항목이 조건을 만족해도 완료되지 않던 문제가 수정됩니다 이리아 대륙 개편 이후 콘누스 일부 지역에서 개미지옥에 입장할 수 없던 문제가 수정됩니다 간헐적으로 이미 진행중인 그림자 미션이 있습니다 미션의 수행을 완료하고 다시 시도해주시기 바랍니다라는 문구와 함께 새로 받은 그림자 미션에 입장할 수 없던 문제가 수정됩니다 다우라의 의상을 착용하면 캐릭터의 오른손이 비정상적으로 보이던 문제가 수정됩니다 고상한 한복 의상(남성용)과 다우라SE 아이템을 둘 다 착용하면 일부 동작에서 의상과 무기가 비정상적으로 보이던 문제가 수정됩니다 윈리 록벨 수트와 방울 여우 장갑을 둘 다 착용하면 의상과 장갑이 비정상적으로 보이던 문제가 수정됩니다 나쿠루 드래곤 문양 마법사 로브와 브레이스 너클을 둘 다 착용하면 손목 부분이 비정상적으로 보이던 문제가 수정됩니다 헤보나 슈즈와 목수용 작업복을 둘 다 착용하면 신발이 비정상적으로 보이던 문제가 수정됩니다 소울 오브 카오스 스킬이 1랭크일 때 다크나이트로 변신한 후 스탠드 마이크를 착용하면 캐릭터의 다리 부분이 비정상적으로 보이던 문제가 수정됩니다 인형극단 장갑과 다우라SE 아이템을 둘 다 착용한 상태에서 다우라SE를 보조 장비로 바꿨을 때 캐릭터의 팔 부분이 비정상적으로 보이던 문제가 수정됩니다 2013 프리미엄 윈터 뉴비 부츠와 레이모어 의상을 둘 다 착용하면 신발이 보이지 않던 문제가 수정됩니다 타라 마창 대회장 주변 일부 지면이 비정상적으로 보이던 문제가 수정됩니다 카브항구 등대 위의 문 앞에서 간헐적으로 굳은 상태로 움직일 수 없던 문제가 수정됩니다 G3 항마의 로브 만들기 퀘스트 진행 중 잠입용 통행증을 사용해 생성한 던전 내에서 일부 마법 스킬이 사용되던 문제가 수정됩니다 보스 필드 퀘스트 진행 중 골렘 연성 스킬로 소환한 골렘으로 공격하면 공헌도가 올라가지 않던 문제가 수정됩니다 세공할 수 없는 파비앙 그리브 부츠 아이템에 세공 가능 문구가 보이던 문제가 수정됩니다 하이드라 연성 환상의 코러스 메테오 스트라이크 무빙 캐스팅 스킬을 보유한 상태에서 스킬 배우기 퀘스트를 지급받던 문제가 수정됩니다 잠입 던전에서 항마의 로브를 착용하여도 몬스터가 공격하던 문제가 수정됩니다 스피어 오브 라이트 및 레이지 오브 윙스 스킬을 사용하면 비정상적인 대미지로 공격이 가능하던 문제가 수정됩니다 가드 실린더만 착용하거나 실린더가 아닌 한손 무기와 가드 실린더를 착용한 상태에서 히트 버스터 스킬을 사용할 수 없던 문제가 수정됩니다 던전 로비에서 간헐적으로 줌인아웃 기능이 작동하지 않던 문제가 수정됩니다 비밀 실험의 단서 조사 II 그림자 미션에서 연금술 실험 잔해 보상을 기존보다 쉽게 획득할 수 있도록 조정됩니다감사합니다
20130711 15:24,공 0711(목) 정식 서버 패치 작업 변경점 안내,리블링즈,안녕하세요마비노기 운영팀입니다2012년 7월 11일(목)패치로 변경되는 내용은 다음과 같습니다 행동불능 후 부활 패널티가 조정 됩니다 제자리 부활 시 추가 부상 패널티를 받지 않도록 변경됩니다 제자리 부활은 180초에 한번씩만 할 수 있도록 변경됩니다 일부 부활 방법으로 부활 시 레벨에 따른 경험치 패널티가 감소됩니다 행동 불능 시 아이템을 드랍하지 않도록 변경됩니다 던바튼 마을이 새로워집니다 마을 내 개인상점을 개설 할 수 있는 공간이 넓어집니다 던바튼 종탑과 개조의 모루가 동상 옆쪽으로 이동됩니다 NPC 던바튼 전령의 위치가 식료품점 옆으로 이동됩니다 에린시간 오전 5시 30분에 던바튼 종탑에서 종이 울리도록 변경됩니다 드레스룸 검색 기능이 추가됩니다 벌새 날개 하와이안 수영복 의상 세트가 드레스룸 수집 리스트가 추가됩니다 월드맵과 울라 대륙 도시 미니맵이 새로워집니다 다중 비디오 카드(그래픽 카드)를 사용하는 PC환경에서비디오 카드를 선택 할 수 있는 기능이 추가됩니다이 옵션을 통해 사용자가 게임 최대 화면을 표시할 모니터를 선택할 수 있고좀 더 적합한 비디오 카드를 선택 할 수 있게 됩니다환경설 화 에서 선택 할 수 있으며이 옵션은 게임을 재시작한 후에 효과가 적용됩니다 데모닉 어비스 실린더의 S강 특수 개조에동결 시간 옵션이 부여 되던 문제가 수정됩니다 정령 무기에게 세공 아이템을 먹이로 줄 경우 경고 메시지가 노출 되도록변경됩니다 블레이즈 스킬의 3랭크 항목 중마나를 최대로 모은 상태에서 보스급의 적에게 스킬을 사용해본다 항목이보스급이 아닌 적에게도 적용되던 문제가 수정됩니다 3회 일반 개조가 가능한 멀린 서클 의상의 개조 항목에 4회 항목이 보이던 문제가수정됩니다 피아노 사용 중에는 던전이나 그림자 미션에 입장이 불가능 하도록 변경됩니다 드라마 2화 다시 악령이 되어 그림자 미션의악령 엘리자베스 RP캐릭터 보호 수치가 낮아 진행이 어려웠던 문제가 수정됩니다 인터페이스 색상을 샌드핑크로 설정 시 스킬창의 간소화 버튼이비정상적으로 노출되던 문제가 수정됩니다 발레스 필리아 마을 내에 위치한 가로등 간판 등일부 장식물을 공격할 수 없던 문제가 수정됩니다 발레스 필리아 마을 내에 위치한 화덕으로 요리를 할 수 없던 문제가 수정됩니다 교역 중 화이트 드래곤 스크롤 및 블랙 드래곤 스크롤을 사용할 수 없도록 변경됩니다 바펠세파르 슬레이어 장비 제작 시 생산 스킬폼에 표시된 재료 외에다른 아이템을 사용할 수 있는 문제가 수정됩니다 메테오 스트라이크 5랭크 항목 중 필드 보스급 적을 공격한다 수련치가화이트 드래곤 및 블랙 드래곤에게 스킬을 사용해도 오르지 않던 문제가 수정됩니다 환상의 코러스 스킬이 마법 수련 재능 보너스 2배를 받던 문제가 수정됩니다 투파이가 오디너리 드림캐쳐를 판매하지 않던 문제가 수정됩니다 자이언트 캐릭터가 드래곤 투스 글로리 소드를 정령 무기로 사용할 경우크기가 작아지던 문제가 수정됩니다 교역 중 등장하는 약탈단 및 약탈자 몬스터가야생 동물 조련 스킬로 조련이 되던 문제가 수정됩니다 자이언트 전용 퀘스트인 던지기 공격 카운터 수련 퀘스트와엘프 전용 퀘스트인 카운터 어택 수련 퀘스트의 두번째 달성 목표가지정된 몬스터에게 스킬을 사용하지 않아도 완료할 수 있도록 변경됩니다 일부 퀘스트 아이템을 전용 인벤토리에 넣을 수 없던 문제가 수정됩니다 인벤토리에 파르홀론의 왕자 악보를 보유한 상태에서 악보 사오기 퀘스트를 진행하면파르홀론의 왕자 악보가 사라지던 문제가 수정됩니다 패션 컨테스트에서 대상을 받을 경우 동상에 등록되는 일부 제스처가보이지 않던 문제가 수정됩니다 이상형 퀘스트 진행 시 커런트 레드 색상 헤어도 스튜어트의 이상형으로 추가 됩니다 무도대회에 등장하는 티르 코네일의 NPC 외형이 현재 NPC 외형과 동일하게 변경됩니다 행동 불능 상태에서 나오의 영혼석 구매 버튼 클릭할 때아이템 샵 보관함 창이 열리지 않던 문제가 수정됩니다 스피리트 오브 오더 스킬을 습득할 경우스킬 창 미습득 탭의 소울 오브 카오스 스킬 분류가 팔라딘으로 보이던 문제가 수정됩니다 소환한 방호벽이 적의 원거리 공격을 받을 경우라이트 아머 마스터리 헤비 아머 마스터리 실드 마스터리의적의 원거리 공격을 받는다 항목이 오르지 않도록 수정됩니다 랭크 제한이 있는 스킬의 경우 최고 랭크에서 승급버튼이 보이지 않도록 수정됩니다 파티 힐링 스킬 수련 항목 중 치료를 받음이파티 힐링으로 치료를 받음으로 변경됩니다 자이언트 남자 캐릭터로 야구부 유니폼 착용 시 목부분이비정상적으로 보이던 문제가 수정됩니다 바이올린의 턱받침 위치가 오른쪽에 있었던 문제가 수정됩니다 인간 엘프 여자 캐릭터로 큐트 너구리 꼬리 의상 착용 후 바이올린 연주 시치마가 비정상적으로 보이던 문제가 수정됩니다 빈티지 애드미럴 모자(여)의 색상이 착용했을 때와 인벤토리 내 아이템 색상이다르게 보이던 문제가 수정됩니다 일부 의상과 크라시다 슈즈를 동시에 착용하면 신발이 보이지 않던 문제가 수정됩니다 데모닉 헬파이어 실린더 데모닉 어비스 실린더의 손목 부분 색상이인벤토리 아이템 색상과 다르게 보이던 문제가 수정됩니다 자이언트 남자 캐릭터로 수영 모자를 착용하면얼굴 부분이 비정상적으로 보이던 문제가 수정됩니다 니하이 부츠와 통이 넓은 바지를 함께 착용하면신발이 비정상적으로 보이던 문제가 수정됩니다 피시스 농장이 14레벨 이상일 때 레인 캐스팅 사용 시 비가 내리던 문제가 수정됩니다 채광 스킬 수련 항목 중 곡괭이를 들고 반호르 바리 던전에서 광석을 채집한다가바리 정령 던전에서 채광할 때 수련치가 올라가지 않던 문제가 수정됩니다 멜로디 쇼크로 공격 받은 상태에서 행동 불능이 되는 경우 부활 후에도중독 효과가 사라지지 않던 문제가 수정됩니다 요리 던전에서 몬스터 처치할 때와 피니시 처리할 때둘다 카운트 되던 문제가 수정됩니다 미스릴 괴를 제련 할 수 없는 랭크에서 제련 스킬 사용 시미스릴 제련하기 항목이 보이던 문제가 수정됩니다 크래시 샷 파편 효과가 보이지 않던 문제가 수정됩니다 스킬 슬롯에 레인지 컴뱃 마스터리 스킬을 넣었을 때아이콘이 보이지 않던 문제가 수정됩니다 피아노 연주 중에 거래가 가능하였던 문제가 수정됩니다 레시피 합성에 성공 시 연성 마스터리의 합성에 성공했다 항목이 수련되지 않는 문제가 수정됩니다 채집 스킬 사용 중 채집에 실패하였지만 파트너의 대사에서성공 문구가 보이던 문제가 수정됩니다 자이언트 캐릭터로 얼음 기둥을 착용 후 일부 스킬을 사용하여 웬디고를 처치하면거울마녀가 등장하지 않던 문제가 수정됩니다 메인스트림 G9G12를 모두 완료하였으나퀘스트창에 연금술사 탭이 남아있던 문제가 수정됩니다 일부 스킬 습득 퀘스트를 동시에 진행하지 못하는 경우NPC가 이를 알려 주도록 변경됩니다 랜스 차지 거리 증가 세공 아이템 착용 후동물 캐릭터 탑승하여 랜스 차지를 사용하면 공격할 수 없던 문제가 수정됩니다 유혹의 올가미가 마스터 타이틀 효과를 받지 못하던 문제가 수정됩니다 포션 중독 상태인 동물 캐릭터와 파트너가온천에서 치료를 할 수 없던 문제가 수정됩니다 동물 캐릭터 분양 메달 사용 후 분양 애완동물 정보 확인 시스킬 아이콘이 비정상적으로 보이던 문제가 수정됩니다 랫맨 동물 캐릭터로 몬스터 선택을 하지 않은 상태에서라이트닝 볼트를 사용할 수 없던 문제가 수정됩니다 지역 이동 시 다른 캐릭터의 특수 개조 효과가 보이지 않던 문제가 수정됩니다 기본 장비에 너클 장착 후 보조 무기에 장착한 장비로 변경한 상태에서제스처 사용 스쿠터 탑승 등을 하면 두 개의 무기가 동시에 보이던 문제가 수정됩니다 타워 실린더를 착용 시 정령 실체화 스킬을 배우지 못하던 문제가 수정됩니다 엘프 캐릭터 헤어 색상인 아이스블루를인간과 자이언트 캐릭터가 선택 할 수 있던 문제가 수정됩니다 로즈마리 장갑에 카모플라쥬와 어설트 인챈트를 사용할 수 없던 문제가 수정됩니다 하우징에서 은행 골드를 가지고 올 때 은행 비밀번호가 설정되어 있어도비밀번호를 확인하지 않던 문제가 수정됩니다 의장탭에 얼음왕관을 착용하고 채널이동로그오프하면 착용해제 해도피부색이 유지 되는 문제가 수정됩니다 자이언트 캐릭터로 트레보와 스킬에 대하여 키워드로 대화 시잘못된 대사가 나오던 문제가 수정됩니다 자이언트 캐릭터가 일부 궁수 스킬을 보유하고 있던 문제가 수정됩니다궁수 스킬을 보유하고 있는 자이언트 캐릭터는 로그인 시 해당 스킬을 삭제하고AP와 보너스 능력치는 반환됩니다 메신저 대화 시 첫번째 대화가 보이지 않던 문제가 수정됩니다 로얄 다이아몬스 가죽 경갑옷에 신비로운 세공도구를 사용할 수 없던 문제가 수정됩니다 드라마 2화 진행 중 일부 퀘스트가 완료 되지 않았던 문제가 수정됩니다 드라마 3화 진행 중 실리엔 생태보호지구의NPC 정보장교가 보이지 않던 문제가 수정됩니다 자이언트 여자 캐릭터로 첼로 바이올린 연주 시오른쪽 어깨부분이 비정상적으로 보이던 문제가 수정됩니다 판타지스타 2차 타이틀 옵션이 비정상적으로 적용되던 문제가 수정됩니다 일부 의상 착용 상태에서 휴식 9랭크 동작이 비정상적으로 보이던 문제가 수정됩니다 루아의 선물 퀘스트를 완료한 후에도 관련 키워드가 남아있던 문제가 수정됩니다감사합니다
20130207 11:09,공 슈터 업데이트 변경점 안내,리블링즈,안녕하세요마비노기 운영팀입니다2013년 2월 7일 목요일에 투입된슈터 업데이트로 변경되는 내용은 다음과 같습니다 새로운 재능 슈터가 추가 됩니다새로운 재능 슈터가 추가 됩니다 슈터수련 재능은 나오를 만나 캐릭터 생성 혹은 환생 시 선택 할 수 있습니다 슈터를 수련 재능으로 선택하는 경우 사격술 예비훈 튜토리얼 퀘스트를 받을 수 있습니다신규 스킬 8종이 추가 됩니다 듀얼건 마스터리 듀얼건 착용 후 리로드스킬을 사용해 마력탄 탄환이 채워지면 기본으로 사용되는 스킬로 타겟팅된 적에게 100 타격이 되는 높은 정확도를 자랑합니다 다양한 일반공격 모션으로 사실감 넘치는 타격을 보실 수 있습니다 리로드 듀얼건에 장착된 마력탄을 새로운 마력탄으로 교체하는 스킬입니다 리로드 스킬이 랭크업 될수록 더욱 빠르게 마력탄을 교체할 수 있습니다 마력탄은 인벤토리 우측 하단 마력탄부터 소모 됩니다 탄환이 다 소비되지 않은 상태에서 리로드해도 마력탄 1개가 동일하게 소비됩니다 클로져 타겟팅 된 몬스터에게 순식간에 접근하여 타격을 가하는 스킬입니다 몬스터가 아닌 NPC 동물 캐릭터 등에도 타겟팅하여 빠르게 이동 할 수도 있습니다 파 어웨이 자신에게 접근한 적에게 이 스킬을 사용하면 적의 포위로부터 벗어날 수 있습니다 적을 밀어내면서 공격하며 본인도 뒤로 물러나는 위기 탈출 스킬입니다 크로스 버스터 적을 발로 차서 공중에 띄운 후 듀얼건을 발사하여 대미지를 입히는 스킬입니다 단일 타겟형 스킬로 큰 대미지를 주고 적을 뒤로 물러나게 합니다 슈팅 러쉬 듀얼건 스킬 중 가장 광범위한 공격을 하는 스킬입니다 빠르게 앞으로 돌진하여 범위 안에 있는 다수 적에게 공격할 수 있습니다 불릿 스톰 제자리에서 여러 개의 마력탄을 소모하여 한 번에 다수의 적을 공격 할 수 있는 스킬로 공격 대상이 많을수록 더욱더 강력한 파괴력을 지닙니다 공격 대상 당 4발의 마력탄을 소모하며 스킬을 랭크업 할수록 스킬 최대 대미지는 증가합니다 프렌지 마력탄의 에너지를 집중시켜 듀얼건의 잠재력을 끌어내는 기술입니다 프렌지 효과가 발동되는 동안 마력탄을 무제한으로 사용할 수 있으며 듀얼건을 이용한 일반 공격은 모두 크리티컬로 명중됩니다 프렌지 스킬 발동 시 슈터 스킬의 쿨타임은 모두 초기화됩니다 단 프렌지 스킬을 사용하면 장전해 둔 마력탄이 모두 소모됩니다슈터 재능 관련 신규 아이템 7종이 추가 됩니다 듀얼건을 사용한 공격은 캐릭터의 체력과 지력에 따라 그 위력이 결정됩니다 힐웬 광산 실리엔 보호 지구 컨텐츠가 추가됩니다신규 생활 스킬 4종이 추가됩니다 희귀 광물학 힐웬 광산의 희귀 광물을 채집하는 스킬로 광산 1층의 npc 헥에게 채광 드을 구입해서 장비하면 스킬을 획득할 수 있습니다 힐웬 공학 힐웬 광산 로비에 있는 공학 선반에서 공학 도구와 무기등을 제작할 수 있습니다 스킬 랭크가 높을수록 제작 가능한 아이템이 늘어나며 보다 높은 품질로 생산할 수 있습니다 공학 선반이 없는 곳에서 스킬을 사용할 경우 제작은 불가능하지만 제작 가능 물품 및 재료는 확인이 가능합니다 실리엔 생태학 필리아 동쪽 실리엔 생태 지구 내에서 동식물의 표본을 채집하는 스킬로 로비의 NPC 바이에게 벼락맞은 떡갈나무 지팡를 구입해서 장비하면 스킬을 획득할 수 있습니다 매직 크래프트 실리엔 생태 지구 입구에 있는 마법의 가마솥에서 마법 무기 장신구 마력탄 등을 제작할 수 있습니다 스킬 랭크가 높을수록 제작할 수 있는 아이템이 증가하며 보다 높은 품질로 생산할 수 있습니다 마법의 가마솥이 없는 곳에서 스킬을 사용할 경우 제작은 불가능하지만 제작 가능 물품 및 재료는 확인이 가능합니다 드라마 5화를 완료하면 실리엔 생태 지구 로비의 생태학자와 힐웬 광산 로비의 굴착 전문가로부터 일일퀘스트를 받을 수 있습니다 퀘스트를 완료하면 매직크래프트 힐웬 공학의 생산 재료를 보상으로 획득하며 현실시간으로 오전 7시에 퀘스트를 다시 받을 수 있습니다 티르코네일 던바튼 타라 교역소 옆에 NPC 수습엔지니가 추가됩니다 힐웬 광산의 NPC 헥 혹은 마을의 NPC 수습엔지니를 통해 공학 도구와 공학 무기 일부를 구입할 수 있으며 듀얼건의 수리 및 개조를 할 수 있습니다힐웬 광산과 실리엔 생태 지구가 확장 됩니다 힐웬 광산 힐웬 광산은 지하 1 2 3층으로 이루어져 있으며 npc 엘레베이터 관리을 통해 이동이 가능합니다 각 층마다 빛나는 광석 더미가 있으며 획득 가능한 광물이 조금씩 차이가 있습니다 추가로 에메랄드 몬스터들을 퇴치하면 에메랄드 코어 및 신규 인챈트 습득이 가능합니다 2 3층에서는 몬스터들이 등장하여 광석 채집을 방해하므로 혼자 진행하기 보다는 친구들과 파티를 이루어 협동하는 것이 게임 플레이에 도움이 됩니다 실리엔 생태 지구 실리엔 생태 지구는 중앙동 외곽 1지구 외곽 2지구로 이루어져 있으며 NPC 중앙동 공간이동 마법를 통해 이동이 가능합니다 각 지구의 빛나는 식물 더미에서 스킬을 사용하면 식물 표본 채집이 가능합니다 추가로 돌연변이 몬스터들을 퇴치 시 각종 동물 표본 획득도 얻을 수 있습합니다 몬스터들은 식물 표본 채집을 방해하므로 혼자 진행하기 보다는 친구들과 파티를 이루어 협동하는 것이 게임 플레이에 도움이 됩니다 힐웬 광산 지하 2층과 실리엔 외곽 2지구 중앙에 커다란 채집 더미는 채집 실패가 없으며 관련 채집 스킬 수련치가 2배로 상승합니다 드라마 15화 진행 중에는 엘레베이터 관리 과 중앙동 공간이동 마법 이 보이지 않습니다 15화 시청 중에는 그만 보기로 시청을 중단하시면 해당 npc가 다시 보이게 됩니다 광석 조각류와 허브류를 한번에 묶을 수 있는 양이 10개에서 20개로 늘어납니다 더 드라마 : 이리아가 일부 변경 됩니다 폰이나 드라마 다시 보기 이용을 소지하고 있는 경우 드라마 UI를 통해 시청하지 않은 드라마의 보상을 받을 수 있도록 변경됩니다 드라마 진행 중에는 NPC크루크 카스타네아와 대화 내용이 드라마 관련 내용만 출력되도록 변경됩니다 하우징 채널에서는 그림자 미션을 수행할 수 없도록 변경됩니다 하우징 채널에서는 드라마 6화 진행 중 첫번째 미션을 실패하면 재접속 시 자동 입장 되지 않도록 변경됩니다 첫번째 미션을 실패한 유저는 드라마 UI에서 6화를 선택하여 그만보기를 하신 후 시청하기를 다시 눌러서 진행할 수 있습니다 NPC 크루크 카스타네아 상점이 열리지 않던 문제가 수정됩니다 드라마 6화 혼란의 격 퀘스트 진행중 대화내용에 이름이 잘못 나오던 문제가 수정됩니다 자이언트 캐릭터가 검은 용기사의 대검 아이템 착용 시 비정상적으로 보이던 문제가 수정됩니다 UI가 일부 변경 및 수정됩니다 하단 UI에 캐시샵 아이콘이 추가 됩니다 오른쪽 메뉴의 캐시샵 버튼이 사라집니다 마창대회 안내판 애완동물 대전 창 내용중 글씨가 잘려 보이던 문제가 수정됩니다 마창대회 접수증 애완동물 대전 수락 시 내용에 여백이 많이 보이던 문제가 수정됩니다 탐험 필수 퀘스트를 수행하지 않아도 탐험 레벨을 올릴 수 있도록 변경됩니다 탐험 레벨이 기존 25레벨에서 30레벨까지 달성 가능하도록 확장됩니다 천사 큐피드 날개 아이템 착용시 펼치기 액션을 획득할 수 있습니다 획득한 액션은 액션창을 통해 확인할 수 있습니다 뗏목 위에서 다운어택 스킬 사용 시 물로 빠질 수 있던 문제가 수정됩니다 전사 그랜드 마스터 획득 후 다른 재능의 그랜드 마스터를 획득할 수 없던 문제가 수정됩니다 장갑이 있는 일부 프리미엄 캐릭터 카드로 캐릭터 생성 시 신발 색상이 생성창 내용과 일치하지 않던 문제가 수정됩니다 NPC 다우라와 화이트 드래곤과의 대화시 포트레이트가 보이지 않던 문제가 수정됩니다감사합니다
20121227 11:58,공 (내용수정) 더 드라마: 이리아 업데이트 변경점 안내,리블링즈,안녕하세요마비노기 운영팀입니다2012년 12월 27일 화요일에 투입된더 드라마 : 이리아 업데이트로 변경되는 내용은 다음과 같습니다 더 드라마 : 이리아가 추가 됩니다 28일 밤 9시 이후 오른쪽 하단 드라마UI를 통해 진행 가능합니다 추가로 매주 금요일 오후 9시마다 에피소드가 한 편씩 오픈되며 진행이 가능합니다 필드 보스 화이트 드래곤이 추가됩니다 화이트 드래곤은 평일에는 하루 두 번 주말에는 하루 세 번 무작위로 등장합니다 티르 코네일 던바튼 필리아 발레스 타라에 전령 npc가 추가됩니다 화이트 드래곤 등장 시 전령 npc와 대화하여 화이트 드래곤에게 이 메뉴를 이용하면 전투 지역으로 바로 이동할 수 있습니다 각 마을의 전령 npc는 항상 보이지만 화이트 드래곤 전령은 화이트 드래곤 등장시에만 나타납니다 전투하는 지역에 도착하면 필드 퀘스트를 받게 됩니다 화이트 드래곤의 경우 누적레벨과 재능에 따라 다양한 미션 중 1개를 랜덤하게 받게 됩니다 화이트 드래곤 전투 역시 동물 캐릭터와 파트너 소환이 제한됩니다 필드 보스 몬스터 전투 방식이 변경됩니다 필드 보스 몬스터 등장 시 해당 지역에 도착하면 필드 퀘스트를 받을 수 있습니다 필드 퀘스트의 미션을 성공하면 공헌도가 쌓이며 공헌 내역만큼 보상을 받게 됩니다 전투 지역에서 퇴장한 경우 다시 입장하면 종전과 같은 내용의 필드 퀘스트를 다시 받을 수 있습니다 공헌도를 쌓다가 채널 이동을 하고 다시 공헌도를 쌓는 경우에는 이전까지 쌓은 공헌도는 초기화 됩니다 단 공헌도 누적 중 채널 이동을 하고 이동한 채널에서 공헌도를 쌓지 않는다면 공헌도는 유지됩니다 필드 보스와 전투하는 지역에서는 동물 캐릭터 파트너 소환이 불가능합니다 변신 수집 가능한 신규몬스터가 추가됩니다 추가되는 몬스터 : 화이트 드래곤 칼날 와이번 설원학살자 코시크랩터 이리아 대륙이 개편됩니다 실바 숲 지역의 들어갈 수 있도록 변경됩니다 실바 숲에 신규 몬스터 4종이 추가됩니다 일정 확률로 극지 말벌이 죽은 자리에서 화이트 허브 채집할 수 있습니다 메투스 지역에 신규 몬스터가 추가됩니다 기존에 발견되었던 일부 유적의 위치가 변경됩니다 이리아 대륙에 실리엔 생태 보호 지구와 힐웬 광산이 추가됩니다 발레스 서쪽 지역에 힐웬 광산이 추가됩니다 론가 사막 지역에 실리엔 생태 보호 지구가 추가되며 관련하여 신규NPC들이 추가됩니다 무유 사막에 거대 용뼈가 추가됩니다 무유 사막에 무너진 유적지가 추가되며 관련하여 신규NPC들이 추가됩니다 론가 사막에 오아시스가 추가되며 관련하여 신규NPC들이 추가됩니다 소용돌이 문양 옆에 얼지않는 호수가 추가되며 관련하여 신규NPC들이 추가됩니다 론가 사막 지역의 구조가 일부 변경됩니다 설원 바르바 지역의 구조가 일부 변경됩니다 가이레흐 언덕의 드래곤 유적 지역에 신규NPC들이 추가됩니다 이펙트 간소화 기능이 추가 됩니다 (메뉴 환경설정 시스템 성능을 통해 설정 가능합니다) 이펙트 간소화 기능 사용시 스킬 동물 캐릭터 등의 각종 특수 효과가 감춰져 좀 더 원활하게 게임을 즐길 수 있습니다 게임 플레이 도중 다수의 유저나 다수의 몬스터 등장시 최적화 옵션 설정에 관련된 메시지가 뜰 수 있습니다 간소화 기능은 원활한 게임에 도움이 되지만 특수 효과들이 감춰지게 되므로 되도록 필요한 상황에서 사용하는 것이 좋습니다 핸디 크래프트 방직 제련 목공 포션조제 폼이 변경됩니다 자동 재료 올리기 기능이 추가 됩니다 인벤토리에 있는 재료가 자동으로 폼에 등록 됩니다 UI가 일부 변경 및 수정됩니다 쪽지 관리 창 내용 중 글씨가 잘리던 문제가 수정됩니다 쪽지 관리 창 텍스트 색상이 변경되어 일부 UI 테마에서 가독성이 떨어지던 문제가 수정됩니다 친구 추가 채팅 옵션 창에 불필요한 여백이 보이던 문제가 수정됩니다 연금술 결정 가방의 UI가 비정상적으로 보이던 문제가 수정됩니다 저널이 일부 변경 및 수정됩니다 달성 NPC 외형수집 50명 저널 내용에 30명으로 잘못 표기되던 문제가 수정됩니다 달성 NPC 외형수집 200명 저널을 획득할 수 없던 문제가 수정됩니다 눈싸움 이벤트가 일부 변경됩니다 본진 눈사람의 생명력이 일부 증가됩니다 본진 부유석의 생명력이 일부 증가됩니다 본진 부유석이 썬더 스킬을 사용하도록 변경됩니다 캐릭터가 행동불능 상태에 빠졌을 때 바닥에 떨어지는 골드가 일부 증가합니다 라흐 왕성 지역 이동 방식이 변경됩니다 라흐 왕성 입장 시 레자르가 서있는 남쪽 성문을 통해 입장하도록 변경됩니다 라흐왕성에서 비행할 수 없도록 변경됩니다 잡화점에서 판매하는 중간사이즈 가방 및 아이템 가방의 판매 가격이 하향됩니다 NPC 말콤 에피 길모어에게서도 중간사이즈 가방을 구매할 수 있습니다 퀘스트 카테고리에 이벤트탭이 추가 됩니다 이벤트 퀘스트는 해당 카테고리에서 확인 가능합니다 게임에 재접속시 기존에 가지고 있던 그림자 미션이 삭제 되지 않도록 변경됩니다 만료된 의장탭 클릭시 마비노기 샵 페이지가 열리도록 변경됩니다 뷰티샵 아이템에 사용가능한 기간이 표기됩니다 핸들 R개조의 크리티컬 대미지 증가효과가 인형술 스킬에 적용 되지 않던 문제가 수정됩니다 신여신강림에서 G2 G3를 건너뛴 유저가 메인스트림을 다시 진행할 수 있도록 선택할 수 있던 문제가 수정됩니다 G11을 클리어하지 않아도 G12를 진행할 수 있던 문제가 수정됩니다 보이트가 유물이 아닌 아이템을 감정 시도하던 문제가 수정됩니다 큰 챙 깃털 모자의 B파트 색상이 인벤토리 이미지와 다르게 보이던 문제가 수정됩니다 샤말라 RP 퀘스트 진행 중 착용한 아이템과 인벤토리 이미지가 다른 문제가 수정됩니다 자이언트 남자 캐릭터가 조로 의상과 하이랜더 클레이모어 착용 시 외형이 비정상적으로 보이던 문제가 수정됩니다 자이언트 남자 캐릭터가 트리니티 웨어와 파이릿 우드워커 부츠 함께 착용시 외형이 비정상적으로 보이던 문제가 수정됩니다 여자 캐릭터가 시크릿 로브 착용시 손이 비정상적으로 보이던 문제가 수정됩니다 NPC크루크로 변신시 휴식 옷자랑 모션이 여자 모션으로 보이던 문제가 수정됩니다 벨바스트 묘지 주변에 숨어있는 요원이 보이던 문제가 수정됩니다 모이투라의 상처 퀘스트에 팔론의 병사들이 비정상적으로 행동하던 문제가 수정됩니다 필드에서 행동불능으로 아이템을 드랍하고 교역 파트너에 의해 부활하는 경우 아이템이 관청으로 이동하는 문제가 수정됩니다 파트너 소환상태에서 우유 짜기스킬 수련시 수련치가 오르지 않던 문제가 수정됩니다 간헐적으로 필드 몬스터가 중독 방어 보호 감소된 상태로 등장하던 문제가 수정됩니다 자동 전투 상태의 캐릭터와 PvP 진행 시 이후 해당 캐릭터가 상대방을 따라다니던 문제가 수정됩니다 탐험 누적레벨 50 달성시 100 경험치가 적용되지 않던 문제가 수정됩니다 기존에 해당 문제가 발생했던 캐릭터는 추후 수정될 예정입니다 동물캐릭터 최초 소환시 보이는 컷신 채팅메시지에 동물캐릭터의 상태가 배고픈 것으로 잘못나오던 문제가 수정됩니다 순간이동 마법사 임프 호루라기 아이템 사용 시 사용할 수 없는 글자로 이름을 만드는 경우 알림창으로 안내됩니다 또한 마지막 글자도 정상적으로 표시됩니다 비주얼 키보드로 특수문자를 입력할 수 없던 문제가 수정됩니다 아이스 스피어 스킬로 피니시 상태의 적을 타격할 수 없던 문제가 수정됩니다 아이스 스피어 스킬로 보스몬스터를 타격할 수 없던 문제가 수정됩니다감사합니다
20120925 08:26,공 (내용수정)샤말라 업데이트 변경점 안내,리블링즈,안녕하세요마비노기 운영팀입니다2012년 9월 25일 화요일에 투입된샤말라 업데이트로 변경되는 내용은 다음과 같습니다 로드 등급 미션 3종이 추가됩니다 로드 등급은 엘리트 등급보다 강한 몬스터들이 등장하며 기존보다 강력한 신규 아이템인 데모닉 무기의 재료와 도면 다양한 신규 인챈트를 얻을 수 있습니다 로드 등급 미션은 타라 그림자 미션 게시판에서 받을 수 있습니다 로드 등급에 입장하기 위해서는 한 개 이상의 마스터 재능과 로드 통행증을 가지고 있어야 합니다 파티로 입장하는 경우 파티원 모두가 마스터 재능 로드 통행증을 소지해야 합니다 로드 등급 완료 시 관련한 신규 저널의 획득도 가능합니다 로드 등급 미션 통행증은 그림자 미션 하드 레벨에서 보상으로 획득할 수 있습니다 로드 등급 미션은 하루 3번만 완료할 수 있으며 클리어 횟수는 현실시간 오전 7시에 리셋 됩니다 그림자 미션 입장 조건이 아래와 같이 누적레벨에서 재능 레벨로 변경됩니다 초급 : 풋내기 이상 중급 : 용병 이상 고급 : 수석 이상 하드 : 달인 이상 엘리트 : 풋내기 이상 로드 : 마스터 이상 신규 스킬 변신 마스터리가 추가됩니다 스킬 랭크가 올라갈수록 변신 시 패시브 보너스 효과가 늘어납니다 스킬 랭크가 올라갈수록 습득 가능한 몬스터의 종류가 늘어납니다 스킬 랭크가 올라가면 자동으로 습득되는 변신 항목이 늘어납니다 변신 일기에 수집한 종류가 많아질수록 추가 보너스 효과가 늘어납니다 1회 이상 환생하였거나 NPC샤말라에게 직접 찾아가면 튜토리얼을 진행하지 않아도 변신스킬 습득할 수 있도록 변경됩니다 자신이 쓰러뜨린 몬스터를 확인할 수 있는 사냥 일기가 추가됩니다 수집일기 탭을 통해 확인할 수 있습니다 몬스터 혹은 NPC로 변신할 수 있는 변신 일기가 추가됩니다 수집일기 탭을 통해 확인할 수 있습니다 드림캐쳐 아이템을 착용한 상태에서 변신 일기에 수집한 몬스터나 NPC로 변신할 수 있게 됩니다 다만 몬스터나 NPC 종류에 따라 사용 가능한 스킬제스처이동 등에 제한이 있습니다 길드전 컨텐츠가 추가됩니다 매주 토요일 오후 8시에 센마이 평원 지역에서 길드전이 진행됩니다 길드전은 NPC 에반에게 길드 마스터가 신청할 수 있습니다 길드전 참가를 위해서는 일정 수치 이상의 GP와 골드가 필요합니다 길드전 시작 시 각각의 길드원 중 한 명이 포인트맨(깃발)이 되며 다른 길드의 길드원과 포인트맨을 공격할 수 있습니다 길드전의 점수는 길드 점수와 개인 점수로 나누어집니다 포인트맨과 타 길드원을 행동 불능 시킬 때 점수가 올라가고 자신의 길드원이 행동 불능 될 때 길드 점수가 감점됩니다 길드전이 완료되면 개인 점수에 따른 경험치 보상을 받을 수 있습니다 우승한 길드의 모든 길드원들은 전용 타이틀을 받아서 사용할 수 있습니다 전용 타이틀은 다음번 길드전 준비 안내 어나운스가 뜨는 시점까지 사용 가능합니다 메인스트림 G9 G16이 일부 변경됩니다 NPC 던컨을 통해 누적레벨에 따라 메인스트림을 선택해서 진행할 수 있습니다 단 G11과 G12는 G10을 클리어한 경우에만 선택 가능합니다 누적 레벨에 따라 선택 가능한 메인스트림은 다음과 같습니다 G2 100레벨 이상 G3 170레벨 이상 G9 260레벨 이상 G10 320레벨 이상 G11 380레벨 이상 G12 450레벨 이상 G13 510레벨 이상 G14 570레벨 이상 G15 640레벨 이상 G16 700레벨 이상 메인스트림 진행을 위한 퀘스트와 그림자 미션이 일부 변경됩니다 경험치가 일부 조정 되었습니다 출현하는 몬스터의 수가 줄어들었습니다 진행 경로가 줄어들었습니다 난이도는 누적레벨이나 재능 등급에 상관없이 무조건 고급 이하로 받게 됩니다 메인스트림 G3G13G14G15G16 의 최종 클리어 시 보상 내역이 추가 되었습니다 이미 해당 메인스트림을 클리어하신 분들은 별도의 퀘스트를 통해 추가된 보상을 받을 수 있으며 한번 완료한 캐릭터로 해당 메인스트림을 다시 진행하실 수는 없습니다 메인스트림 G1 G3의 난이도가 일부 조정됩니다 G1메인스트림 최종무곡과 G3 메인스트림 잠입 결전 미션 던전의 몬스터 개체 수가 대폭 줄어듭니다 레벨업에 필요한 경험치 양이 감소하였습니다 같은 양의 경험치로 기존보다 빠른 레벨업이 가능하며 AP 획득도 더 수월해집니다 변경된 내용은 현재 캐릭터의 레벨에 따라 적용되며 경험치도 일부 조정 됩니다 매일 매일 AP를 얻을 수 있는 일일 퀘스트 시스템이 추가됩니다 인형사 재능과 관련하여 일부 변경 및 수정됩니다 1막 : 우연한 충돌 스킬로 피니시 상태인 적을 타격할 수 없던 문제가 수정됩니다 채널이동이나 로그아웃 시 마리오네트의 생명력이 저장되지 않던 문제가 수정됩니다 1막 : 우연한 충 스킬이 마리오네트 조종 스킬의 쿨타임 감소 효과를 받지 못하던 문제가 수정됩니다 PVP 대전 중 와이어 바인딩 스킬 사용 시 설정한 데미지를 적용받지 못하던 문제가 수정됩니다 서브 재능을 얻게 되는 시점이 모두 베테랑으로 변경됩니다 UI가 일부 변경 및 수정됩니다 스킬창의 확대간소화 모드가 닫기 전의 상태로 저장됩니다 확대한 상태로 닫았다가 다시 여는 경우 확대한 상태로 열리며 간소화 상태도 같이 적용됩니다 아이템 수리창에 여백이 많이 보이던 문제가 수정됩니다 상점창 하단의 화살표 버튼이 잘 보이도록 색상이 수정됩니다 하우징 관련 UI가 어색하던 문제가 수정됩니다 하단 메뉴 위에 마우스를 올렸을 때 나타나는 설명이 더욱 간결하게 수정됩니다 파티 가입 길드 메시지 골드 기부 길드석 변경 화석 복원 브류나크 재생 아이템 입찰창 등에 여백이 많이 보이던 문제가 수정됩니다 화석 복원창에서 끌의 크기를 선택하는 버튼의 위치가 아래로 치우쳐 있던 문제가 수정됩니다 길드 생성 길드 스톤창 등의 텍스트 하단이 잘려 보이던 문제가 수정됩니다 호미질 스킬의 2랭크 1랭크 수련 항목이 변경됩니다 감자를 채집한다 와 조개를 채집한다 수련치 가능 횟수가 늘어나 수련이 좀 더 쉬워집니다 다만 변경되는 내용은 패치 전에 2랭크인 캐릭터에는 적용되지 않습니다 제련 스킬 C6랭크의 수련 항목이 변경되어 랭크업이 더 수월해 집니다 제련에 실패하는 수련 항목을 달성하지 않아도 제련 성공 수련만으로도 랭크업이 가능해 집니다 다만 변경되는 내용은 925(화) 패치 전의 해당 캐릭터는 적용되지 않습니다 금속 변환 스킬 2랭크 수련 항목에 동괴 변환에 성공한다라는 항목이 추가되어 랭크 업이 이전보다 수월해집니다 자이언트 야수화 상태에서 휴식 모션이 변경됩니다 궁술 수련 재능의 보너스 스탯이 체력 10 증가에서 솜씨 10 증가로 변경됩니다 교역 중 메투스 날개 아이템을 사용할 수 없도록 변경됩니다 정령무기에게 의장 슬롯 착용 아이템을 줄 수 있던 문제가 수정됩니다 연속기 : 파운딩 스킬 사용 시 간헐적으로 캐릭터가 이동할 수 없는 곳으로 이동되던 문제가 수정됩니다 의장 슬롯이 만료되어 재구매한 경우 기존의 의장 아이템이 적용되지 않던 문제가 수정됩니다 너클을 장착 후 파이널 히트 스킬 사용 시 피니시 상태인 적을 타격할 수 없던 문제가 수정됩니다 데들리 상태의 캐릭터에게 힐링 스킬을 사용하면 리스토어 스킬의 수련치가 올라가던 문제가 수정됩니다 동물캐릭터로 접속 시 밀수업자 정보 어나운스가 나오던 문제가 수정됩니다 낭만농장에서 팜스톤 채집 시 얻은 팜스톤 개수가 비정상적으로 표시되던 문제가 수정됩니다감사합니다
20120710 13:34,공 (내용수정)더 클래식 1차 그랜드 마스터 업데이트 변경점 안내,키블리아,안녕하세요마비노기 운영팀입니다2012년 7월 10일 화요일에 투입된더 클래식 1차 그랜드 마스터 업데이트로 변경되는 내용은 다음과 같습니다 재능 시스템이 투입됩니다 새 캐릭터를 생성하거나 환생 시 수련 재능을 선택 할 수 있으며 수련 재능에 따라 추가 능력치를 받거나 수련을 쉽게 할 수 있습니다 수련 재능 선택 시 초보자에게 추천 표시가 추가 됩니다 기존의 캐릭터들은 패치 후 첫 로그인시 나오에게서 수련 재능을 선택할 수 있습니다 캐릭터의 스킬에 따라 재능을 획득 할 수 있습니다 캐릭터가 사용하고 있는 재능타이틀에 관계없이 재능을 획득 성장 할 때마다 보너스 능력치를 받을 수 있습니다 획득한 재능의 정보는 UI 하단의 재능 버튼을 통하여 확인할 수 있습니다 재능 타이틀은 캐릭터 정보 창에서 하루에 한번 변경할 수 있습니다 특정 재능을 성장 시키면 숨겨진 서브 재능을 찾을 수 있습니다 마스터 재능에 도달하면 그랜드 마스터에 도전 할 수 있습니다 위대한 재능 인장 20개와 npc 레자르가 판매하는 그랜드 마스터 금장증서를 보유하고 레자르와 대화하면 그랜드 마스터를 받을 수 있습니다 마스터 재능 달성 후 npc 레자르에게 퀘스트를 받아 수행하면 위대한 재능 인장을 얻을 수 있습니다 캐릭터는 한번에 하나의 그랜드 마스터를 보유 가능합니다 새 그랜드 마스터를 획득하기 위해서는 NPC 레자르의 그랜드 마스터 미션을 다시 한번 수행해야 됩니다 신규 캐릭터는 여행 수련 재능을 선택할 수 없으며 환생 시 선택 가능하게 됩니다 장래희망 시스템이 수련 재능으로 대체 됨에 따라 상인 장래희망 보너스는 생산 계열 수련 재능 보너스로 일부 차등 변경 되었습니다 수련 재능에 따라 일부 튜토리얼과 초보자 지급 무기가 변경됩니다 체력 지력 솜씨 의지 행운의 최대수치가 1500으로 상향 조정됩니다 그림자미션에 등장하는 몬스터의 생명력이 미션 등급에 따라 소폭 상향 조정됩니다 생활 마스터리 스킬 8종이 추가 됩니다 다량의 양털을 빠르게 채칩할 수 있게 해주는 양털 깎기 스킬 곡괭이로 광석이나 퀼린 스톤 유황 등을 더 잘 채집할 수 있게 해주는 채광 스킬 암탉에게서 신선한 달걀을 빨리 채집할 수 있게 해주는 달걀 채집 스킬 젖소에게서 신선한 유기농 우유를 더욱 빠르게 생산할 수 있는 우유 짜기 스킬 낫으로 밀이나 보리 옥수수를 더 빠르게 수확할 수 있게 해주는 추수 스킬 호미로 감자나 조개를 더 잘 채집할 수 있게 해주는 호미질 스킬 교역을 할 때 조금 더 이득을 볼 수 있도록 해주는 교역 마스터리 스킬 감자 밀 보리 옥수수 거미줄 양털을 한번에 묶을 수 있는 양이 5개에서 10개로 늘어납니다 바리던전이 일부 변경 조정됩니다 철광석 동광석 은광석 금광석 미스릴 광석을 한번에 묶을 수 있는 양이 10개에서 50개로 늘어납니다 하나의 광석 더미에서 광석을 7번까지 채집 가능하게 변경됩니다 캐릭터 생성과정과 로그인 로비가 새롭게 리뉴얼 됩니다 캐릭터 선택창의 배경이 변경됩니다 선택창 입장 시 에린 시간에 따라 천체가 변화합니다 캐릭터 생성 및 환생 과정이 개선됩니다 캐릭터 생성 시 카드를 먼저 선택하게 됩니다 선택 가능한 외형은 밝게 표시됩니다 티르코네일 npc의 외형과 모션이 새롭게 리뉴얼됩니다 일부 스킬이 일부 스킬의 쿨타임과 데미지가 변경 됩니다 스매시 스킬의 쿨타임이 3초로 변경됩니다 윈드밀 스킬의 쿨타임이 2초씩 감소됩니다 매그넘 샷 스킬의 쿨타임이 05초씩 감소됩니다 자이언트 캐릭터의 스매시 스킬 대미지가 100 상향됩니다 휴식 스킬을 랭크 업 할 때 의지가 감소하지 않도록 변경됩니다 스킬을 새로 획득하거나 캐릭터를 환생 하면 적용됩니다 디펜스 카운터 어택 스킬의 쿨타임이 스킬이 사용될 때 적용되도록 변경됩니다 카루 숲과 울레이드 숲에서 등장하는 길가의 버섯 이름이 보이도록 변경됩니다 게임 최초 실행 시 로미오와 줄리엣 프롤로그 영상이 출력되지 않도록 변경됩니다 마누스 데이안 힐브린 아르바이트의 항목과 보상 종류가 변경됩니다 신여신강림이 일부 변경 및 수정됩니다 G1 최종무곡 퀘스트 수락 후 던전을 진행하지 않아도 완료되던 문제가 수정됩니다 팔라딘 변신 스킬을 가지고 있던 캐릭터가 G2를 완료하면 스피리트 오브 오더 스킬이 F랭크가 되던 문제가 수정됩니다 G3 이멘마하 사람들이 말하는 마하 퀘스트 진행 시 쪽지를 다시 받을 수 없던 문제가 수정됩니다 일부 메인스트림 진행 시 퀘스트 완료 후에도 키워드가 사라지지 않던 문제가 수정됩니다 퀘스트 완료 후에도 남아있던 일부 키워드가 재접속시 사라지게 됩니다 에반에게 감사 인사 퀘스트 완료 시 간헐적으로 타르라크의 기록 아이템이 사라지지 않던 문제가 수정되어 재접속시 사라지게 됩니다 신여신강림 선택 시 G3 또는 C1 완료를 선택한 경우 간헐적으로 변신 스킬을 얻을 수 없던 문제가 수정됩니다 변신 스킬을 획득하지 못한 캐릭터는 재 접속 시 해당하는 변신 스킬이 지급됩니다 바인드 퀘스트를 완료 한 후 저세상에서 행동불능이 되었을 때 간헐적으로 저세상에서 부활할 수 없던 문제가 수정됩니다 항마의 로브 제작 퀘스트 바울 던전 클리어 진행 시 영상이 정상적으로 종료되지 않던 문제가 수정됩니다 구 여신강림과 신여신강림을 교차 진행할 수 있었던 문제가 수정됩니다 NPC와 대화 도중 간헐적으로 대화내용이 보이지 않거나 이미지가 보이지 않던 문제가 수정됩니다 신 여신강림 선택 퀘스트를 포기할 수 없도록 변경됩니다 무기 교체 시 전장의 고함 특수 악보가 정상적으로 적용되지 않던 문제가 수정됩니다 자이언트 야수화 상태에서 양손둔기 사용 시 휴식모션이 나오지 않던 문제가 수정됩니다 패밀리 가입 후 성별을 바꿔 환생해도 가계도의 아이콘이 환생 이전의 성별로 표시되던 문제가 수정됩니다 스카하 동굴 부서진 배 위를 걸을 때의 음향 문제가 수정됩니다 랜스 카운터 스킬 중 반격이 크리티컬로 발 수련 항목이 적용되지 않던 문제가 수정됩니다 다른 캐릭터의 2인용 낚시 의자에 앉은 상태에서 비정상 종료가 될 경우 다른 지역으로의 이동과 스킬 사용이 불가능하던 문제가 수정됩니다 천옷 만들기 스킬 사용 시 남은 재료가 사라지던 문제가 수정됩니다 교역 파트너가 장비에 관계없이 맨손으로 공격하는 모션을 취하던 문제가 수정됩니다 교역 중 교역 파트너를 소환해제하고 교역을 완료한 후 다시 소환하지 않아도 파트너 운송 수단을 이용할 수 있던 문제가 수정됩니다 교역 파트너를 업은 상태에서 강제로 내려질 때 전투가 불가능하던 문제가 수정됩니다 파트너 퀘스트를 받은 상태로 채널 이동 시 퀘스트가 남아있던 문제가 수정됩니다 교역 파트너와 함께 탈것을 타고 이동 시 일부 마을간 이동을 할 수 없었던 문제가 수정됩니다 루의 그리브에서 자이언트 세공 목록이 나오던 문제가 수정 됩니다 교역 중 마창대회를 할 수 있었던 문제가 수정됩니다 획득 불가능한 일부 저널이 리스트에 보이던 문제가 수정됩니다감사합니다
20120412 19:27,공 제네시스 전장의 마에스트로 : 음유시인 업데이트 변경점 안내,키블리아,안녕하세요마비노기 운영팀입니다2012년 4월 12일 목요일에 투입된제네시스 전장의 마에스트로 : 음유시인 업데이트로 변경되는 내용은 다음과 같습니다 신규 장래희망 음유시인이 새롭게 추가됩니다 음악 관련 스킬 사용 시 보너스 수련치를 받을 수 있습니다 장래희망을 음유시인으로 선택하면 기본 무기로 인간 엘프 종족은 류트가 지급되고 자이언트 종족은 샬루모가 지급됩니다 초보자 타이틀로 마에스트로를 꿈꾸 타이틀이 지급됩니다 음유시인 관련 스킬 7종이 추가됩니다 음악 관련 스킬은 악기 아이템을 장비해야 사용할 수 있습니다 음악 스킬 효과는 중복 적용되지 않습니다 멜로디 쇼크 공격 시 일정 범위의 적에게 대미지와 경직을 주고 이동 속도 감소와 초당 대미지를 입히게 됩니다 자장가 스킬 사용 시 주위의 적을 일정 확률로 수면 상태를 만듭니다 수면 효과가 적용된 적을 공격 시 추가 대미지를 줄 수 있습니다 사막 드래곤 평원드래곤과 같은 필드 보스를 진정시킬 수 있습니다 한 번 수면 효과가 적용된 적은 다시 수면 효과를 적용받지 않습니다 행진곡 일정 범위 내 파티원의 이동속도가 증가됩니다 비바체 일정 범위 내 파티원의 마법 시전속도 연금술 시전속도 공격 속도가 증가됩니다 전장의 서곡 일정 범위 내 파티원의 최소 최대 대미지와 크리티컬 확률이 증가됩니다 풍년가 일정 범위 내 파티원의 채집 성공률 생산 성공률 채집 속도가 증가됩니다 파티원이 많으면 채집 속도가 추가로 증가하며 채집 속도의 추가량에는 한계가 있습니다 인내의 노래 일정 범위 내 파티원의 마나스태미나 회복속도와 방어 보호가 증가됩니다 음악적 지식 스킬이 있을 때 음유시인 스킬을 사용하면 특정 확률로 훌륭한 연주 신들린 연주가 발동됩니다 아브네아 동쪽 지역에 음유시인 캠프가 추가됩니다 악기와 희귀 서적 구입 악기 아이템 개조 및 수리가 가능합니다 음유시인 캠프 및 주변에 길드석을 설치할 수 없도록 변경됩니다 음유시인 캠프 및 길드석 설치 불가 지역에 있던 길드석은 캠프 주변으로 임시 이동됩니다 악기 연주 작곡 음악적 지식 현혹의 연주스킬이 생활 스킬 탭에서 음악 스킬 탭으로 변경됩니다 음악적 지식과 작곡 스킬을 1랭크까지 올릴 수 있도록 변경됩니다 음유시인 관련 스킬과 관계된 세공 옵션이 추가됩니다 악기 연주 스킬에서 음악버프 스킬을 사용해본 수련 항목이 추가됩니다 악기 아이템의 개조식이 추가됩니다 기존에 개조 불가능했던 악기 아이템도 신규 개조식으로 개조가 가능합니다 잡화점 NPC에게서 악기 아이템을 개조할 수 있습니다 신규 장래희망 음유시인에 맞는 악기 천옷 인챈트가 추가됩니다 벨바스트 선술집 아르바이트의 보상이 변경됩니다 벨바스트 선술집 아르바이트 보상은 합주 인챈트 스크롤 벨바스트 악기 상자 실로폰의 음판상자로 구성됩니다 기존의 마법악보는 더 이상 획득할 수 없습니다 브리아나의 마법악보를 더 이상 구입할 수 없습니다 다이나믹 전투 시스템이 새롭게 적용됩니다 일부 전투 스킬의 시전 시간이 사라지고 쿨타임이 추가됩니다 일부 마법 연금술 스킬의 시전 시간이 감소합니다 크로스 보우의 조준 속도가 상향됩니다 플레이어가 피격 및 다운 시 경직 시간이 감소합니다 몬스터가 피격 당할 때는 경직 시간 감소가 적용되지 않습니다 마우스 커서에 인접한 몬스터 및 NPC가 자동으로 타게팅 가능한 인접 자동 타게 기능이 추가됩니다 환경설정 게임 조작 에서 설정이 가능합니다 몬스터 및 NPC 클릭시 보이는 타게팅의 모양과 색상이 변경됩니다 타게팅 이동 기능이 추가되며 타게팅 모양과 색상이 변경됩니다 단축키는 기본적으로 Tab 키로 설정이 되어 있으며 사용자 지정 설정인 경우 별도로 단축키를 지정해야 사용이 가능합니다 기존에 Tab 에 설정되어 있던 무기 전환 기능은 키로 변경됩니다 또한 단축키 설정을 통해 원하는 단축키로 변경이 가능합니다 환경 설정 게임 조작에서 타겟팅 후 즉시 스킬 사을 설정한 경우 몬스터가 공격 범위 안에 있을 때 일부 스킬은 자동으로 사용됩니다 스킬 단축키를 이용한 자동 차지 기능이 추가됩니다 스킬 단축키를 길게 눌러 자동으로 차지할 수 있습니다 스킬 단축키를 짧게 누르는 경우 기존과 동일하게 1회만 차지됩니다 일반 공격 액션이 추가됩니다 단축키 창에 등록하여 키보드로 일반 평타 공격이 가능합니다 스매시 윈드밀 매그넘샷 스킬이 종족에 따라 차등 적용되도록 변경됩니다 카운터 어택 윈드밀 스매시 스킬의 수련 항목이 변경됩니다 자동으로 몬스터의 스킬을 알아볼 수 있습니다 단 일부 스킬은 알아볼 수 없습니다 샤프마인드 스킬이 사라집니다 샤프마인드 스킬을 랭크 업했던 캐릭터는 해당 AP만큼 돌려받습니다 공격을 받고 있는 도중에는 디펜스 카운터 어택 스킬만 사용 가능합니다 누적 레벨 300이상인 캐릭터가 행동 불능이 될 경우 일정 확률로 착용하고 있는 장비 중 한 개의 내구도가 감소합니다 강력한 신규 방어구 세트가 추가 됩니다 로얄 다이아몬드 가죽 경갑 세트가 추가 됩니다 미스릴 랜스 중갑 세트가 추가 됩니다 로얄 다이아몬드 가죽 경갑 세트는 임프의 교역 상점에서 미스릴 랜스 중갑 세트는 페카 중급 던전에서 획득할 수 있습니다 하우징 채널을 제외한 채널에서만 낭만 농장에 입장하도록 변경됩니다 신규 계정의 첫 캐릭터 생성 시 랜덤외형으로 프리미엄 외형도 선택되도록 변경됩니다 메인스트림 신 여신강의 다음 항목이 변경 또는 수정됩니다 신 여신강림 중 일부 어려운 던전의 난이도가 하향됩니다 마족의 메달 아이템이 파기 가능하도록 변경됩니다 티르 나 노 퀘스트 완료 시 NPC 도우갈에게 작은 녹색 구슬을 받을 수 있도록 변경됩니다 마족의 메 퀘스트에서 마족의 메달 아이템이 없어도 진행이 가능했던 문제가 수정됩니다 일부 퀘스트 마커가 비정상적으로 표시되던 문제가 수정됩니다 컴건의 요 퀘스트에서 세이머스에게 통행증을 다시 받을 수 없던 문제가 수정됩니다 결 퀘스트 완료 시 흑요석 인챈트와 에반 또는 아이던의 반지를 2개씩 받을 수 있던 문제가 수정됩니다 결 퀘스트에서 던전 보스 앞 방이 구슬방일 경우 진행이 되지 않던 문제가 수정됩니다 최종 무 퀘스트를 진행하지 않고 G1 메인스트림을 완료할 수 있던 문제가 수정됩니다 고대 자이언트의 키워드를 습득하지 못하던 문제가 수정됩니다 수호의 부 퀘스트를 2번 지급받던 문제가 수정됩니다 낙 퀘스트에서 바리던전을 클리어해도 퀘스트가 완료되지 않던 문제가 수정됩니다 이상형 찾 퀘스트가 정상적으로 진행되지 않던 문제가 수정됩니다 보존된 타르라크의 부서진 안경으로 던전에 입장할 수 없던 문제가 수정됩니다 G3 다크나이트를 완료하였으나 타르라크의 기록 아이템이 남아있던 문제가 수정됩니다 기존 메인스트림의 다음 항목이 수정됩니다 G2 팔라딘 진행 중 미스릴 광산 통행증으로 바리 던전에 들어갈 수 없던 문제가 수정됩니다 G2 고생하는 군인을 돕는 퀘스트 완료 후 정령 키워드를 받지 못하던 문제가 수정됩니다 G3 윌로우의 요 퀘스트를 진행할 수 없던 문제가 수정됩니다 복수의 서 3권 찾기 완료 후 다음 퀘스트를 진행할 수 없던 문제가 수정됩니다 빛나는 스톤 가고일 석상 던전을 클리어해도 야수화 관련 퀘스트가 완료되지 않던 문제가 수정됩니다 빛나는 스톤 가고일 석상 던전이 간헐적으로 잘못 생성되던 문제가 수정됩니다 기존 튜토리얼을 통해 얻을 수 있던 스킬을 습득하지 못하던 문제가 수정됩니다 일부 기본 스킬을 얻지 못한 경우 신규 튜토리얼 퀘스트를 통해 습득할 수 있습니다 팜스톤 획득 시 실제 얻는 수치와 표시되는 수치가 다르던 문제가 수정됩니다 정령 무기 생성 시 인챈트 보호 포션의 효과가 사라지지 않던 문제가 수정됩니다 베개 아이템을 장착하고 휴식 스킬을 사용 중일때 다른 사람의 대화에 반응하여 모션이 어색했던 문제가 수정됩니다 기존의 마을 주민 구출하 퀘스트를 진행중인 경우 알비 던전을 클리어해도 퀘스트가 완료되지 않던 문제가 수정됩니다 NPC 플레타의 상점이 열리지 않던 문제가 수정됩니다 자이언트가 스태프를 착용 시 몬스터의 피격모션이 안나오던 문제가 수정됩니다 게임 내 도서 올바른 금전관리를 위한 지침서내용 중 현재 마비노기와 다른 내용이 수정됩니다 장갑과 너클 아이템을 착용 후 무기 슬롯을 변경하면 장갑이 보이지 않던 문제가 수정됩니다 NPC 샤이 컴건과 대화 후 다른 NPC와 대화 시 NPC 샤이 컴건의 대사가 보이던 문제가 수정됩니다 캐릭터가 채집을 할 때 파트너가 행동 불능인 경우에도 채집 모션을 취하던 문제가 수정됩니다 전용 아이템에 파트너 전용 해제 포션을 사용하면 아이템을 착용하여도 전용화 되지 않던 문제가 수정됩니다 비정상적인 이름으로 길드를 생성할 수 있던 문제가 수정됩니다감사합니다
20120328 12:01,공 (내용수정)제네시스 여신강림 업데이트 변경점 안내,쇼네드,안녕하세요마비노기 운영팀입니다2012년 3월 28일 수요일에 투입된제네시스 여신강림 업데이트로 변경되는 내용은 다음과 같습니다 챕터 1 메인스트림이 신 여신강으로 새롭게 변화합니다 엘프와 자이언트 종족도 G1 G2 G3 메인스트림을 진행할 수 있습니다 G2 메인스트림에서 인간은 팔라딘 변신 엘프와 자이언트는 야수화 변신 스킬을 습득할 수 있습니다 기존의 야수화 퀘스트는 더 이상 지급되지 않습니다 메인스트림은 퀘스트로 진행되도록 변경됩니다 메인스트림 중 일부 퀘스트는 자동으로 완료됩니다 퀘스트 대기시간이 대폭 줄어듭니다 퀘스트 완료 경험치와 골드 보상이 증가합니다 G1 메인스트림 퀘스트에 AP 보상이 추가되었습니다 (G1 진행 중 총 71AP 획득 가능) G1 메인스트림 중 영원의 땅 티르 나 노 퀘스트 완료 시 모험가의 크럭스 아머를 보상으로 획득할 수 있습니다 업데이트 후 접속 시 신 여신강림 선 퀘스트를 받게 되며 npc 샤이와 대화 시 G1 G2 G3 중 원하는 메인스트림부터 진행이 가능합니다 파티로 입장했던 RP 던전들을 혼자서도 입장할 수 있습니다 현재 G1 G2 G3를 진행하는 캐릭터의 경우 신 여신강림 선 퀘스트를 통해 기존에 G1 G2 G3 메인스트림을 이어갈 수 있습니다 단 기존 메인스트림을 계속 진행한다고 선택한 경우 신 여신강림을 진행할 수 없습니다 신 여신강림 메인스트림을 진행 시 기존의 여신강림 메인스트림 관련 아이템은 모두 수거 됩니다 튜토리얼이 새롭게 변경됩니다 엘프 자이언트 캐릭터를 생성 후 월드에 입장하면 카스타네아와 크루크를 만나 튜토리얼 퀘스트가 진행됩니다 튜토리얼 진행 시 전투 마법 연금술의 기본 스킬을 획득할 수 있습니다 튜토리얼을 모두 완료하면 G1 메인스트림이 시작됩니다 튜토리얼을 진행하면 초보자용 말과 초보자용 독수리 호루라기를 얻을 수 있습니다 단 계정 내 한 개 캐릭터만 호루라기를 받을 수 있습니다 교역을 시작하고 약탈단과 전투를 하지 않는 상태에서 로그아웃 시 받는 교역 패널티 수치가 25에서 10로 완화됩니다 교역 패널티는 최대 25까지만 적용됩니다 예를 들어 교역품 100개를 가지고 교역을 시작 이 후 여러 차례 로그아웃을 하여도 25까지만 패널티를 받습니다 로그아웃 1회: 100개 90개 로그아웃 2회: 90개 80개 로그아웃 3회: 80개 75개 로그아웃 4회 이상: 75개 에레원 신발이 인벤토리에서 보이는 색상과 착용시 보이는 색상이 일치하지 않던 문제가 수정됩니다 장비 내구도 상승의 황금망치를 일부 소모품에 사용할 수 있던 문제가 수정됩니다감사합니다
20120210 18:57,공 비밀의 초콜릿 퀘스트 보상 변경 내용 안내,필라리스,안녕하세요마비노기 운영팀입니다29 219까지 진행 중인 발렌타인 이벤트 중비밀의 초콜릿 케이크 퀘스트에 변경된 내용이 있어 안내 드립니다교역소 상인 임프에게 초콜릿 케이크를 가져다주면발렌타인 데이 던전 통행증과 고백 제스처를 받게 됩니다기존에는 고백 제스처 쿠폰으로 지급되고 있었으나액션창에서 바로 확인할 수 있도록 변경됩니다 참고사항 던전 보상으로 지급되는 사랑해 제스처 쿠폰은 기존과 동일합니다아울러 함께 지급되는 보상인 발렌타인 데이 이벤트 통행증은전용 인벤토리로 지급되오니 인벤토리에서 확인이 어려우신 분들은전용탭을 확인해보시 바랍니다마비노기와 함께행복한 발렌타인 데이 보내시기 바랍니다감사합니다
20120105 15:07,공 (서버오픈)마녀 스카하 업데이트 변경점 안내,리블링즈,안녕하세요마비노기 운영팀입니다2012년 1월 5일 목요일에 투입된마녀 스카하 업데이트로 변경되는 내용은 다음과 같습니다 맥베드 메인스트림이 추가됩니다 최초의 거래 메인스트림을 완료하시면 진행이 가능합니다 스카하 지역에서 낚시를 하여 몬스터가 등장하는 경우 캐릭터를 중심으로 몬스터가 등장하도록 변경됩니다 스카하 해변에서 시샤모와 연어가 낚이지 않도록 변경됩니다 스카하 해변에 있는 교역 단원의 포트레이트가 추가됩니다 스카하 지역의 일부 몬스터 등장 주기가 조정됩니다 스카하 지역의 일부 NPC의 모션이 자연스럽게 변경됩니다 너클 마스터리가 전투 탭에서 격투술 탭으로 변경됩니다 알폰스 엘릭 플레이트 아머의 하체 부분 그래픽이 변경됩니다 교역 신용도를 계속 낮추면 비정상적인 레벨이 되던 문제가 수정됩니다 파티를 맺은 상태로 낚시 중 다른 지역으로 이동하는 경우 낚시가 중지되도록 수정됩니다 변신 상태에서 너클 아이템을 장비한 경우 캐릭터의 휴식 포즈가 비정상적으로 보이던 문제가 수정됩니다 파운딩 스킬 2랭크 수련치가 다른 스킬로도 수련할 수 있던 문제가 수정됩니다 낚시 중 소환해 놓은 물개 동물 캐릭터의 소지품 창에 자동으로 들어간 심해어를 꺼낼 수 없던 문제가 수정됩니다 물개 동물 캐릭터의 기존에 소지품 창에 들어있던 심해어를 정상적으로 꺼낼 수 있습니다 최초로 생성한 정령 무기가 실린더 정령무기인 경우 정령 이전 관련 퀘스트를 받을 수 없던 문제가 수정됩니다 남자 자이언트가 너클 아이템을 착용하고 이동 시 여자 자이언트와 모션이 같던 문제가 수정됩니다 스카하 동굴 안 지형에서 땅바닥에 물결 잔상이 보이던 문제가 수정됩니다감사합니다
20111220 14:09,공 무도() 업데이트 변경점 안내,쇼네드,안녕하세요마비노기 운영팀입니다2011년 12월 20일 화요일에 투입된무도() 업데이트로 변경되는 내용은 다음과 같습니다 장래희망 격투가가 추가됩니다 격투술 관련 스킬 사용 시 보너스 수련치를 받을 수 있습니다 레벨업 시 의지 수치가 더 많이 상승됩니다 벨바스트 섬의 새로운 지역 스카하 해변이 추가됩니다 스카하 해변은 벨바스트 자치령 북서쪽을 통해 입장이 가능합니다 수상한 기운을 내뿜는 나무를 부러뜨리면 보스급 몬스터 무리들이 순차적으로 몰려오는 영혹의 숲 정화 전투가 시작됩니다 크리스탈 골렘을 퇴치하면 야금술 스킬로 광물 채집이 가능해 집니다 낚시를 하면 일정 확률로 몬스터가 등장합니다 스카하 해변 지역에서 몬스터를 퇴치하여 얻은 특정 아이템은 스카하 정찰캠프에 위치한 스카하 해변 교역소에서 교역품으로 교환할 수 있습니다 연속기 시스템이 추가됩니다 너클을 장비하고 격투술 스킬을 특정 순서에 따라 사용하여 연속 공격을 할 수 있습니다 연속기 마스터리 스킬 효과가 각 종족 특성에 따라 분화되었습니다 격투술 관련 스킬이 10종이 추가됩니다 격투술 관련 스킬은 너클 아이템을 장비해야 사용할 수 있습니다 너클 마스터리 너클을 장비하고 공격하는 경우 근접 공격 최대최소 대미지와 밸런스가 향상 됩니다 연속기 마스터리 연속기 사용 시 종족 특성에 따라 대미지 패널티 등이 다르게 적용됩니다 인간 엘프 캐릭터는 중갑옷 장비 시 3단계 연속기 스킬 사용이 불가능 하지만 일정 랭크 이상에서는 연속기 스킬 사용이 가능해 집니다 다만 스킬 대미지가 감소하는 패널티가 있으며 이는 각 종족별로 차이가 있습니다 백스텝 뒤로 덤블링을 하여 적으로부터 멀어질 수 있습니다 대쉬 펀치 적에게 순간적으로 다가가 빠르게 타격할 수 있습니다 차징 피스트 모든 힘을 주먹에 모아 적에게 접근하여 타격할 수 있습니다 공격 시 적의 방향을 제대로 맞추지 않으면 빗나갈 수 있으므로 주의해야 합니다 스크류 어퍼 강력한 어퍼컷으로 적을 타격할 수 있습니다 공격과 동시에 일정 확률로 잠시 동안 상대방의 방어와 보호를 감소시킬 수 있습니다 섬머솔트 화려한 발차기 스킬로 총 3타 중 마지막 타격은 상대의 머리를 가격하여 마법 연금술을 일정 시간 동안 사용할 수 없도록 합니다 드롭킥 온 몸을 날려 발차기를 하는 스킬로 강력한 발차기는 주위의 적들까지 날려 버릴 수 있습니다 리스토어 자신의 기를 조종해서 상태(생명력 스태미나 등)를 치유할 수 있습니다 다만 운기조식 사용을 마치고 바로 마법이나 연금술 스킬을 사용하는 경우 생명력 마나 스태미나가 감소하게 되므로 해당 스킬들은 잠시 후에 사용하는 것을 권장합니다 파운딩 적을 넘어뜨리고 그 위에 올라타 펀치를 연타합니다 인간과 엘프 캐릭터도 모든 너클 아이템을 착용할 수 있습니다 신규 너클 아이템이 추가됩니다 너클 경갑옷에 사용하는 신규 인챈트가 추가됩니다 격투가 콤보카드 및 골드 콤보카드가 추가됩니다 세공 옵션에 격투술 관련 스킬이 추가됩니다 세공 옵션에 골드스트라이크 스킬이 추가됩니다 메디테이션 스킬을 8랭크까지 이용할 수 있도록 변경됩니다 스카하 해변 지역에서 낚시를 통해 획득할 수 있는 코르 명상법 연구 중급을 읽어 랭크업 할 수 있습니다 문게이트 이용 가능 시간에 이전에 방문했던 지역을 자유롭게 이동할 수 있도록 수정됩니다 마나터널 이용과 같이 이전에 문게이트로 방문했던 지역을 선택하여 이동할 수 있습니다 로그인 화면과 로고가 변경됩니다 크래그 카우 그림자 미션의 일부 몬스터의 능력치가 조정됩니다 크래그 카우가 좀 더 강력해지며 퇴치 경험치가 늘어납니다 새도우 워리어 퇴치 그림자 미션의 보상이 변경됩니다 골드 보상이 제외되는 대신 보상 경험치가 소폭 증가합니다 기다릴 줄 아는 타이틀의 성능이 행운 55 증가로 변경됩니다 바닥에 내려놓은 너클 아이템의 크기가 줄어듭니다 추적모드에서 골렘으로 약탈자를 퇴치하면 현상범 티켓이 드랍되지 않던 문제가 수정됩니다 일부 인간엘프 캐릭터가 착용하는 아이템에 자이언트 관련 스킬이 세공 옵션으로 적용 되던 문제가 수정됩니다 엘프 캐릭터로 마스 휴즈 헤어를 선택하는 경우 그래픽이 비정상적으로 보이던 문제가 수정됩니다 베이릭시드에게서 활 정령 이전을 하였을 때 재로그인 후 정령 활 실체화 스킬이 재로그인 해야 보이던 문제가 수정됩니다 마법 골렘의 윈드밀 스킬 레벨이 6랭크로 수정 됩니다감사합니다
20111108 15:52,공 (내용추가)교역:복수의 시간 업데이트 변경점 안내,리블링즈,안녕하세요마비노기 운영팀입니다2011년 11월 8일 화요일에 투입된교역:복수의 시간 업데이트로 변경되는 내용은 다음과 같습니다 교역물을 약탈한 현상범들을 퇴치할 수 있는 현상범 컨텐츠가 추가됩니다 교역 중 현상범이 등장하여 교역품을 약탈하면 현상범 게시판에 등록이 됩니다 현상범 게시판에 등록된 현상범을 추격 시 등장하는 약탈단들을 퇴치하면 현상범이 거주하는 농장 티켓을 얻을 수 있습니다 현상범을 퇴치하면 약탈한 교역품 일부가 두카트로 환산되어 원래의 주인에게 우편으로 전달됩니다 친구 초대 보너스 시스템이 추가됩니다 친구를 에린으로 초대하거나 초대받은 친구가 성장하면 다양한 혜택을 받게 됩니다 계정과 캐릭터 생성을 완료하면 추천 캐릭터를 입력할 수 있습니다 초대 받은 친구가 성장할 수록 추천 받은 캐릭터는 추천 경험치를 얻게 되며 누적되는 경험치에 따라 순간이동 책 특별한 효과 등도 얻을 수 있습니다 추천은 새로운 계정이 처음 캐릭터를 생성하는 경우 한 번만 가능합니다 일부 스킬의 밸런스가 조정됩니다 윈드밀 사용 시 생명력이 소진되지 않지만 적으로부터 공격을 받을 수 있습니다 골렘 연성으로 소환되는 골렘의 윈드밀 랭크가 기존 5랭크에서 6랭크로 변경됩니다 윈드밀 또는 골렘 연성 스킬을 E랭크 이상 보유하고 있던 캐릭터에게 퍼펙트 언트레인 캡슐이 지급됩니다 두 스킬 모두 E랭크 이상인 경우 퍼펙트 언트레인 캡슐은 한 개만 지급됩니다 히트 버스터가 타격한 적의 주변의 다른 적까지 공격하도록 변경됩니다 마법 공격력이 높을수록 힐링 파티힐링으로 회복되는 생명력의 양이 증가합니다 마나 실드 성능이 마법 공격력의 영향을 받게 되며 대미지 흡수율이 소폭 하향됩니다 정령 무기가 추가됩니다 실린더 속성 실린더 타워 실린더에 정령 계약을 할 수 있습니다 정령의 능력치가 높아질 수록 연금술 속성 공격도 강해집니다 체력은 불속성 지력은 물 솜씨는 바람 행운은 흙 의지는 내구도가 증가합니다 사회 레벨이 20이 되면 정령 실체화 스킬을 사용할 수 있습니다 크리스탈 라이트닝 원드크라운 아이스 원드피닉스 파이어 원드티카 나무 힐링 원드에 정령 계약을 할 수 있습니다 밀수업자 시스템의 밸런스가 조정됩니다 밀수업자의 상품 구매 가격이 대폭 상승하고 보상으로 골드를 주지 않게 됩니다 밀수업자의 등장 위치에 따라 교역소별 장거리 보너스가 적용됩니다 장래희망이 상인일 경우 밀수업자의 정확한 등장 위치가 안내됩니다 장래희망이 상인일 경우 밀수업자가 등장하는 시간 동안 교역소에서 밀수업자의 구매가격을 확인할 수 있습니다 밀수업자의 오늘의 교역품이 에린 시간으로 1일마다 갱신됩니다 단 오늘의 교역품에 대한 보너스는 현실 시간으로 1일에 1회만 받을 수 있습니다 오늘의 교역품의 보너스율이 15배로 변경됩니다 신용 레벨이 1인 경우 밀수업자에게 해당 교역소의 물품을 판매할 수 없습니다 단 오늘의 교역품인 경우 판매할 수 있습니다 광고지 사용 후 받는 귀환 쿠폰에 3시간 제한 시간이 적용됩니다 게임 종료 후 등장하는 팝업에 넥슨 홈 정보가 추가됩니다 초보자 캐릭터가 장래희망에 따라 자동으로 스킬을 배우지 않도록 변경됩니다 마법사 장래희망으로 캐릭터를 생성하는 경우 원드와 함께 아이스 볼트 스킬 습득 책을 함께 받도록 변경됩니다 팔콘 야수화 관련 세공 옵션이 적용된 무기를 재착용하거나 착용 후 교체하면 생명력이 회복되던 문제가 수정됩니다 누적 레벨 100 이하인 모험가가 상인으로 환생 시 대부호를 꿈꾸는 타이틀을 받을 수 없던 문제가 수정됩니다 무기를 착용한 상태에서 해당 무기의 마스터 타이틀을 사용했을 때 효과가 바로 적용되지 않던 문제가 수정됩니다 럭셔리 이브닝 드레스 착용 시 비정상적으로 보이던 문제가 수정됩니다 생성할 수 없는 동물 캐릭터가 목록에 보이던 문제가 수정됩니다 로그인 시 틀린 패스워드를 입력할 경우 어색한 메시지가 안내되던 문제가 수정됩니다감사합니다 
20111014 20:05,이벤 교역 보상 2배 이벤트 일정 변경 안내,알로르,안녕하세요마비노기 입니다교역 보상 2배 이벤트가 정상적으로 동작하지 않아부득이하게 이벤트 기간을 변경하고자 합니다해당 이벤트는 다음 주인10월 21일(금)23일(일) 오후 7시9시에 진행하겠습니다교역 보상 2배 이벤트를 기대하셨던 분들께 정말 죄송합니다편안한 밤 시간 보내세요감사합니다
20111013 13:21,공 최초의 거래 상인 업데이트 변경점 안내,쇼네드,안녕하세요마비노기 운영팀입니다2011년 10월 13일 목요일에 투입된최초의 거래 상인 업데이트로 변경되는 내용은 다음과 같습니다 상인 장래희망이 추가됩니다 생산 스킬 사용 시 보너스 수련치를 받을 수 있습니다 상인 전용 생산 레시피를 사용할 수 있습니다 생산 시 더욱 질 좋은 물품을 제작할 수 있습니다 레벨업 시 행운 수치가 더 많이 상승됩니다 채집 시 경험치를 받을 수 있습니다 아르바이트 완료 시 보너스 보상을 받습니다 골드 스트라이크 스킬이 추가됩니다 스킬 사용 시 보유한 골드가 소모되며 차지 횟수에 따라 골드 소모량이 달라집니다 밀수업자가 추가됩니다 밀수업자 등장 및 오늘의 교역품 정보는 장래희망이 상인인 캐릭터만 확인할 수 있습니다 밀수업자에게 교역품 판매 시 더 많은 이윤을 얻을 수도 있지만 해당 물품 교역소의 신용도가 감소합니다 밀수업자와 거래 시 오늘의 교역품을 판매하면 현실시간으로 하루에 한 번 해당 교역품 마을의 신용도가 감소하지 않는 보너스 보상을 받을 수 있습니다 오늘의 교역품 판매 시 보증서를 사용할 경우 중복적용이 아닌 가중치로 적용됩니다 스킬창에 미습득 탭이 추가됩니다 미습득 탭에서는 아직 습득하지 않은 스킬과 획득 방법이 안내됩니다 추가 스킬 슬롯 기능이 추가됩니다 상단 스킬 슬롯창 외에 추가로 스킬을 등록할 수 있습니다 추가 스킬 슬롯에 등록한 스킬 액션 포션은 마우스로 클릭하여 사용할 수 있습니다 추가 스킬 슬롯은 환경설정에서 관리할 수 있습니다 알람 및 일기 예보 기능이 추가됩니다 미니맵에 NPC와 몬스터가 위치가 표시됩니다 교역 밸런스가 조정됩니다 일부 상품의 판매 가격이 조정됩니다 강한 약탈단이 등장할 확률이 높아집니다 사막 거인의 무게 특수 악보에 있던 석화 효과가 변경됩니다 강한 몬스터일 수록 석화시키는 것이 어려워 집니다 한 번 석화에 걸릴 경우 일정 시간 동안 석화에 걸리지 않습니다 개인 상점 허가증으로 던전에 입장할 수 없도록 변경됩니다 수집일기 요리에 도시락과 참돔 매운탕이 추가됩니다 에린무도대회 NPC들이 현혹의 연주에 걸리는 확률이 낮아집니다 마족표 실린더를 교역소 외에 다른 곳에서 수리할 수 있던 문제가 수정됩니다 마나 포밍으로 얻는 결정과 동일한 결정이 인벤토리에 있을 경우 합쳐지도록 수정됩니다 인벤토리가 가득차있고 전용가방이 비어있을 때 은행에서 골드가 출금되던 문제가 수정됩니다 마스터 타이틀 변경 시 마스터리 효과가 적용되지 않는 문제가 수정됩니다 악기 연주 낚시 휴식 스킬 사용 중에 퀴즈 시한 폭탄이 적용되던 문제가 수정됩니다 타워 실린더에 스파크와 레인 캐스팅 스킬 세공이 적용되던 문제가 수정됩니다 남성용여성용 박쥐 자켓에 개조가 불가능하다는 안내가 추가됩니다 마족표 무기 착용시에도 스킬 퀘스트를 습득할 수 있도록 수정됩니다 채집 아르바이트 진행 시 실제 채집 수량과 안내되는 수량이 일치하지 않던 문제가 수정됩니다 모리안 서버에서 캐릭터 생성 시 연령이 비정상적으로 적용됐던 문제가 수정됩니다 자이언트용 메이드 의상 롱 타입 쇼트 타입의 영문명이 수정됩니다감사합니다
20110906 18:59,공 (내용 추가)에린 무도 대회 업데이트 변경점 안내,비르젠,안녕하세요마비노기 운영팀입니다2011년 9월 6일 화요일에 투입된에린 무도 대회 업데이트 변경점은 다음과 같습니다 아본에 새로운 미션 에린 무도 대회가 추가됩니다 NPC 말로에게서 미션 통행증을 구입할 수 있습니다 마나와 관련한 일부 기능이 추가 또는 변경됩니다 원드를 장비 해제하여도 마나가 증발하지 않도록 변경되며 원드 아이템의 설명이 수정됩니다 메디테이션의 마나 회복량이 상향됩니다 마도서의 마나 증발 완화 기능이 마나 회복량을 증가시켜 주는 기능으로 변경됩니다 마나 보존석은 마나포션처럼 사용할 수 있고 마나 보존석을 생산할 수 없도록 변경됩니다 마나 증발을 방지하는 일부 개조식이 제외되거나 다른 효과를 가진 개조식으로 대체됩니다 어드밴스드 아이템으로 마법 공격력 증가 포션이 마나 엘릭서를 대신하게 됩니다 중간 사이즈 아이템 가방에 가방 태그 설정 기능이 추가됩니다 가방 태그 설정 기능을 사용하면 아이템 획득 시 설정해 놓은 가방으로 모아줍니다 악보 허브 보석 등 특정 아이템만을 넣을 수 있는 전용 가방이 추가 됩니다 새로운 정령 무기가 추가됩니다 글로리소드 드래곤투스 만도 숙련자용 목도 등 총 22종의 무기에 정령 계약이 가능합니다 정령 무기 이전 기능이 추가됩니다 정령 무기를 소지한 상태로 게임에 접속하면 관련 퀘스트를 받을 수 있습니다 정령 무기 이전 관련 아이템은 베이릭시드 도렌을 통해 구입이 가능합니다 지력의 영향을 받던 블레이즈 스킬의 폭발 대미지가 마법 공격력의 영향을 받도록 변경됩니다 교역소의 상점에 새로운 상품이 추가됩니다 전설의 무기 칼라드볼그를 비롯하여 이미 세공된 아이템을 복원할 수 있는 세공 복구 도구 등을 살 수 있습니다 악기 연주 반복 기능이 추가됩니다 게임 내 환경 설정 게임 조작 탭에서 설정할 수 있습니다 힐러집 연금술용품점 등에서 판매하는 아이템의 최대 갯수가 증가됩니다 각종 붕대 피닉스의 깃털 아라트의 결정의 한 묶음당 합칠 수 있는 양이 증가합니다 특정 타이틀이 없어도 타라 왕성에 입장 가능하도록 변경됩니다 교역 중 임프의 대화창에 마우스를 올리면 닫히도록 변경됩니다 타라 무기점 남쪽에 우물이 추가됩니다 단단한 껍데기 마법 악보 효과의 밸런스가 조정되어 기존의 50 정도 낮은 효과를 발동합니다 세공과 관련된 일부 문제가 수정됩니다 몇몇 아이템을 세공할 수 없던 문제가 수정됩니다 세공 옵션 중 수련치 증가 효과가 재접속시 적용되지 않던 문제가 수정됩니다 방패없이 돌진 가능 세공 옵션의 효과가 비정상적으로 적용되던 문제가 수정됩니다 정령 무기를 왼손에 장비할 경우 실체화 스킬을 사용할 수 없던 문제가 수정됩니다 포만감이 가득찬 정령무기에 아이템을 계속 줄 수 있던 문제가 수정됩니다 테흐라 베놈 소드의 특수 기능이 정상적으로 적용되지 않던 문제가 수정됩니다 파이어 원드 사용 시 특정 상황에서 이펙트가 비정상적으로 보이던 문제가 수정됩니다 파이어볼 아이스 스피어 썬더 스킬 사용시 일부 상황에서 대미지가 비정상적으로 증가하던 문제가 수정됩니다 메디테이션 사용중 이웨카가 뜨면 마나 회복 수치가 정상적으로 보이지 않던 문제가 수정됩니다 타워실린더를 비정상적인 모습으로 착용하던 문제가 수정됩니다 동물 캐릭터로 접속 시 인벤토리에 두카트 창이 나오던 문제가 수정됩니다 스태틱 골드 콤보 카드 효과가 정상적으로 적용되지 않던 문제가 수정됩니다 하우징 채널에서 낭만 농장으로 입장할 수 없던 문제가 수정됩니다 일부 상황에서 스킬창을 열면 오류 사념파가 나오던 문제가 수정됩니다 캠프 쉐어링을 할 때 음식 효과의 지속 시간 사념파가 일부 비정상적으로 나타나던 문제가 수정됩니다 키리네룩 헤어의 여자 자이언트 캐릭터가 젖소로브를 착용했을 때 그래픽이 어색하던 문제가 수정됩니다 타라 무기점의 일부만 보이던 문제가 수정됩니다 티르 코네일에서 물을 뜰 수 없던 문제가 수정됩니다감사합니다 
20110803 17:54,공 (서버오픈)(내용수정)84(목) 정식서버 패치 작업 및 테스트서버 정기 점검 변경 안내(07:0010:00),일리쉬,안녕하세요마비노기 운영팀입니다2011년 8월 4일 목요일정식서버 정기 점검과 함께 패치 작업이 진행되며테스트서버 정기 점검 시간이 변경됩니다자세한 내용은 다음과 같습니다점검 대상 : 정식서버 전 채널점검 시간 : 2011년 8월 4일 (목) 오전 7시 10시 (약 3시간)점검 대상 : 테스트서버 전 채널점검 시간 : 2011년 8월 4일 (목) 오전 7시 9시 (약 2시간)정식서버 패치로 인한 변경점은 다음과 같습니다 모든 잡화점에서 봉인의 스크롤이 판매됩니다 봉인된 아이템은 거래 드랍 파기 소각이 불가능합니다 봉인된 아이템은 특별개조와 인챈트가 불가합니다 일반 개조와 세공은 가능합니다 봉인된 아이템은 정해진 시간 전에는 봉인 효과를 해제할 수 없습니다 신규 외형이 추가됩니다 교역 시스템이 일부 변경 및 수정됩니다 두카트가 거의 없는 경우 교역 고블린에게서 소량의 두카트를 받을 수 있도록 변경됩니다 벨바스트 교역품 구매 시 필요 신용 레벨이 일부 변경됩니다 교역 전투 중 채널 이동 시도 시 표시되는 메시지가 변경됩니다 교역품 구매시 일부 할인율이 잘못 적용되던 문제가 수정됩니다 등짐 손수레의 크기가 캐릭터의 키에 따라 조정되도록 변경됩니다 교역 진행 중 일때 환생을 할 수 있던 문제가 수정됩니다 등짐 손수레 코끼리로 교역 중 약탈자를 만났을 때 캐릭터는 멈추지 않던 문제가 수정됩니다 교역 중 베안루아 입장 시도 시 입장권이 사라지던 문제가 수정됩니다 운송 수단에 스파크 스킬을 사용 할수 있던 문제가 수정됩니다 운송수단이 레인캐스팅 스킬에 공격 받던 문제가 수정됩니다 특정 상황에서 코끼리로 교역 중 벨바스트 카브 배에서 정상적으로 내릴 수 없던 문제가 수정됩니다 최초의 거래 메인스트림이 일부 변경 및 수정됩니다 사랑의 가격 퀘스트의 RP 미션에서 보유 아이템의 수량이 감소합니다 사랑의 가격 퀘스트 일부 던전의 몬스터 수가 변경됩니다 사랑의 가격 퀘스트에 특정 상황에서 파티장만 던전에 입장되던 문제가 수정됩니다 최종 던전 입장 제한 인원이 3인으로 변경됩니다 안토니오의 마지막 편지가 삭제되지 않던 문제가 수정됩니다 메인스트림을 모두 완료한 캐릭터는 접속 시 해당 아이템이 자동으로 삭제됩니다 과거의 유령들 퀘스트 진행 시 특정 상황에서 샤일록과 대화 후 정상적으로 퀘스트 진행을 못하던 문제가 수정됩니다 특정상황에서 납덩어리 같은 마음 퀘스트 진행 시 안토니오의 무역선 미션을 진행할 수 없던 문제가 수정됩니다 과거의 유령들 퀘스트 진행 시 특정 상황에서 감옥의 안토니오와 대화를 정상적 진행으로 할 수 없던 문제가 수정됩니다 금과 은 퀘스트에서 퀘스트 아이템을 좀 더 쉽게 얻을 수 있도록 변경됩니다 많은 사나이들이 원하는 것 퀘스트 진행 중 특정 상황에서 오언 제독과의 대화가 정상적으로 진행할 수 없던 문제가 수정됩니다 일부 퀘스트 안내 표시가 비정상적으로 보이던 문제가 수정됩니다 햄릿 메인스트림의 연극미션 1막 3장의 난이도가 하향됩니다 전용 인벤토리가 일부 변경됩니다 전용 인벤토리에 정령무기를 보관할 수 있도록 변경됩니다 아이템이 인벤토리로 들어올 때 해당 아이템에 맞는 탭이 열리도록 변경됩니다 변신 스킬 사용 중 세공한 장비를 착용하거나 해제하면 능력치가 비정상적으로 보이던 문제가 수정됩니다 건달인챈트의 옵션이 비정상적으로 적용되던 문제가 수정됩니다 브류나크 스킬 수련창이 비정상적으로 보이던 문제가 수정됩니다 셰넌과 알렉시나가 승선권을 팔던 문제가 수정됩니다 몬트 아르바이트 진행시 히커에게 돈을 받을 수 없던 문제가 수정됩니다감사합니다 
20110726 14:23,공 최초의 거래 업데이트 변경점 안내,비르젠,안녕하세요마비노기 운영팀입니다2011년 7월 26일 화요일에 투입된최초의 거래 업데이트로 변경되는 내용은 다음과 같습니다 최초의 거래 메인스트림이 추가됩니다 메인스트림 로미오와 줄리엣을 완료하셔야 진행이 가능합니다 교역 시스템이 투입됩니다 울라 대륙의 각 마을과 벨바스트에 교역소가 신설됩니다 교역소에 위치한 교역도우미 고블린NPC와 대화하여 초기 자본 두카트를 획득할 수 있습니다 각 마을의 특산품을 구매하여 다른 마을에 판매함으로서 두카트 경험치 골드 및 마을에 대한 신용도를 획득할 수 있습니다 교역품 수송 중에는 약탈자가 등장할 수 있습니다 교역소의 임프에게 약탈단 징표 모아 상위의 징표 또는 두카트로 교환할 수 있습니다 교역을 통해 벌어들인 두카트로는 운송수단과 마족표무기 팔리아스 유물 개조석 및 마법 악기 퀘스트 스크롤 등의 아이템을 구매할 수 있습니다 교역소마다 다른 각종의 한정 상품을 판매하며 에린 시간에 따라 리뉴얼 됩니다 벨바스트 월드가 투입됩니다 카브 항구에서 배를 타고 이동할 수 있습니다 벨바스트 일일 퀘스트를 진행할 수 있습니다 각종 신규 아르바이트를 할 수 있습니다 케안항구에서 배를 탈 수 없도록 변경됩니다 카브 항구에서 켈라 항구로 가는 배를 탈 수 있습니다 켈라 항구에서는 카브 항구로 가는 배를 탈 수 있습니다 승선권 없이 배를 탑승할 수 있도록 변경됩니다 대륙이동이 액션으로 변경되며 울라 벨바스트 이리아 세 대륙으로 이동할 수 있습니다 세공 시스템이 추가됩니다 세공 도구를 이용하여 기존 장비를 더욱 강력하게 만들 수 있습니다 잡화점에서 세공 도구를 구입할 수 있습니다 아이템 설명 UI가 새롭게 변경됩니다 퀘스트 소지품창이 전용 소지품창으로 이름이 변경됩니다 퀘스트 아이템 뿐만 아니라 전용화 된 아이템도 보관할 수 있습니다 한 발 이내도 마우스 클릭으로 이동할 수 있도록 변경됩니다 메인스트림 로미오와 줄리엣의 최종장 난이도가 일부 조정됩니다 NPC 포트레이트의 크기가 원본 크기로 출력됩니다 티르 코네일 마을에서 캠프 파이어를 할 수 없던 문제가 수정됩니다 지역 이동 혹은 소환시 동물 캐릭터가 시설물에 갇혀 이동할 수 없던 문제가 추가로 수정됩니다 동물 캐릭터와 함께 나무 등의 시설물을 치다가 소환 해제하면 일부 아이템을 주울 수 없던 문제가 수정됩니다 특정 상황에서 반신화 스킬을 비정상적으로 승급할 수 있던 문제가 수정됩니다 임시 인벤토리에 겹칠 수 있는 아이템이 따로 저장되는 문제가 수정됩니다 G3 메인스트림 잠입던전에서 헤일스톰 스킬을 사용할 수 있던 문제가 수정됩니다 지원가능한 모니터 해상도가 추가되고 기본 해상도가 1024x768로 변경됩니다 연금술 스킬을 사용하는 일부 몬스터가 플레이머를 정상적으로 사용하지 못했던 문제가 수정됩니다 미니맵에 이동경로 지우기 버튼이 불필요한 곳에서도 나오던 문제가 수정됩니다 특정 상황에서 크래시 샷의 크리티컬 대미지가 비정상적으로 적용되던 문제가 수정됩니다감사합니다 
