인바디 2017 하반기 합격 자소서 지원분야 | 공통,"1. 자신이 가지고 있는 기술력 혹은 열정을 보여줄 수 있는 경험을 구체적으로 서술해 주세요. 작성 시 자신이 주도적으로 참여한 부분을 위주로 1)진행 기간, 2)자신이 공헌한 점, 3)사용 skill 및 지식, 4)성과 및 결과에 대하여 구체적으로 작성해 주세요. (최대 1,000자 입력가능)
리더의 책임감과 학과의 1년을 잘 경영해야겠다는 열정으로 문제점을 파악하고 방안을 마련한 경험이 있습니다. 이 때 대다수의 구성원들을 설득 했던 과정이 기억에 많이 남습니다.

[생각을 뒤집어라]

대학교 때 학과 회장 직책을 맡아 주도적으로 학교 축제를 기획하였습니다. 물품 구입, 인력배정 등의 준비가 필요해 한 달 정도 준비기간이 필요하였습니다. 이때 가장 고민이 되었던 부분은 주점운영 방안이었습니다. 당시 과가 개설 된지 얼마 되지 않아 졸업한 선배가 없어 손님이 많지 않아 적자의 위험성이 컸습니다. 또한 인문대 특성상 과 인원이 많지 않아 주점에 가용할 인원이 부족했습니다. 학생회에서 치열한 토론을 벌였으나 좋은 방안이 나오지 않았습니다.

그 때 저는 ‘굳이 주점을 해야 하나’라는 생각이 들었습니다. 적자를 볼 확률이 높고 인원도 부족하다면 차라리 주점을 하지 말고 낮에 소시지 등 길거리 음식을 팔자는 의견을 내었습니다. 그러자 다른 학우들이 다른 과들을 보았을 때 모두 관행적으로 주점을 열어왔으며 ‘축제의 꽃은 주점’이라며 반대를 하였습니다. 그러나 적자가 나면 학생회비에서 충당해야 하며 향후 남은 학기 일정에 차질이 생길 수 있었습니다.

[설득의 방법]

설득을 위해선 논리적이고 구체적인 방안 제시가 필요하였습니다. 주점을 할 경우 예상되는 손실의 규모와 축제 이후 남은 일정에 필요한 비용이 얼마인지 계산해보았습니다. 한편으론 길거리 음식 파는 방안의 경우 얻을 수 있는 이익 규모와 이 이익을 고스란히 학생들에게 돌려주는 방안을 제시하였습니다. 구체적인 내용의 방안을 보여주고 설득을 하니 쉽게 주위 사람들의 수긍을 얻었습니다..

[달콤한 성]

결과는 대성공이었습니다. 축제 기간 3일 동안 오후에 축제 구경을 하는 사람들에게 음식을 팔아 순이익 70만원 여를 달성하였습니다. 밤에는 낮에 번 돈으로 학우들끼리 축제를 즐겼습니다. 과 인원 모두 만족하였고 저의 제안은 신의 한 수가 되었습니다.
글자수 987자   |   2383Byte
접기"
2017년 하반기 BGF리테일 합격자 자기소개서 01 지원분야 | 영업관리,"1. BGF리테일에 지원하게 된 동기와 입사 후 포부에 대하여 기술하시오.
[미래 가능성]
편의점은 더이상 단순한 슈퍼가 아닙니다. 현재 편의점은 각종 음식과 생필품 등을 제공하는 등 국민의 삶에 큰 편의를 제공하고 있습니다. 또한 편의점은 변화하는 라이프스타일의 변화에 발맞춰 여러 가지 시도를 할 수 있는 무궁무진한 가능성을 가진 산업이라고 생각합니다, BGF리테일에 입사하여 수많은 가능성을 실현시키며 BGF와 함께 성장하고 싶어 지원하게 되었습니다.
[SC로의 꿈]
저의 첫 아르바이트는 편의점이었습니다. 마케팅적 지식이 전혀 없었던 당시에 저는 당연히 기존에 인기 있던 제품은 잘 팔리고 기존부터 인기가 없던 제품은 잘 팔리지 않을 것으로 생각했습니다. 그런데 물품의 인기만이 판매량을 좌지우지하는 것은 아니라는 것을 깨닫게 되었습니다. 잘 팔리지 않는 물품을 눈높이에 딱 맞는 진열대에 올려놓으니 인기 상품 못지않게 팔려나가는 것을 보고 충격을 받았습니다. 또한, SC의 능력이 점포의 매출에 큰 영향을 끼칠 수 있다는 생각과 함께 영업의 매력을 알게 되었습니다.
[입사 후 계획]
초년기에는 선배 직원분들을 관찰하고 조언을 구하여 효율적인 점포 운영 노하우를 배우고 직접적인 점포 운영을 통해 저만의 노하우를 만들어 낼 것입니다. 이후에는 점포 운영 경험을 기반으로 가맹주님들의 효율적인 점포 운영을 위해 조언을 드리고 가맹주님들과 소비자들의 목소리에 귀를 기울이며 상생을 추구하는 BGF리테일의 이념을 실천할 것입니다. 그 후에는 점주님들에게 선호도 1위의 SC가 되겠습니다. 많은 점주분들이 초기에 어려움을 겪는다고 들었습니다. 저는 저만의 업무일지를 쓸 계획입니다. 사고 발생 경위와 해결 과정 등을 적어 놓고, 점주님들이 어려워하실 때마다 업무일지를 보며 조언해주는 그런 SC가 되겠습니다.
글자수 863자   |   2099Byte
접기"
2017년 하반기 CJ대한통운 합격자 자기소개서 01 지원분야 | HRD·HRM,"1. 여러분께서 CJ대한통운을 선택하게 된 지원동기와 물류사업에 관심을 가지게 된 계기에 대해서 구체적으로 작성해주세요.(1,000자 아내)
항상 최고의 서비스를 통해 가치를 수 있는 기업에 들어가고 싶었습니다. 그래야 사회 소속 원으로써 사람들에게 기여할 수 있다는 자부심이 들기 때문입니다. 저는 모든 역량을 쏟아 회사에 바치고 그 회사가 발전하여, 세상이 더 좋아질 수 있다면, 무엇보다도 기쁠 것이라고 생각합니다. 그리고 CJ 대한통운의 경영 이념 중에 ‘최적의 SCM을 디자인하여 고객의 자산을 약속된 시간 안에 안전하고 편리하게 전달하는 세상을 만든다.’라는 것을 보았고, 항상 제가 생각하던 이상적인 회사와 적합하다고 생각하여 지원하게 되었습니다.
대한민국은 옛날부터 물류 산업의 비중이 큰 국가였습니다. 우리가 일상적으로 편의점이나 마트를 통해 물건을 구입할 수 있는 것은, 물류의 발전과 거기에 기여한 물류 회사의 공이 크다고 생각합니다. 앞으로도 물류 산업의 중요성은 점점 더 커져갈 것으로 전망되며, CJ대한 통운 역시 우리나라뿐만 아니라 세계로 뻗어나가 글로벌 기업으로 커져나갈 것을 의심치 않습니다.
최고의 기업에 속해서 저도 최선을 다해 배우겠습니다. CJ 대한통운이 발전하는 것에 발맞춰 저도 인사 직무에서 최고의 전문가가 될 수 있도록 꾸준한 자기계발을 이루겠습니다. 대한통운이 우리나라 물류 산업을 이끄는 것처럼, 제가 가진 역량을 통해 대한통운 발전에 이바지 할 수 있는 사원이 되고 싶습니다. 앞으로도 CJ 대한통운이 국내 물류 No.1 기업의 자리를 유지할 수 있도록, 제가 가진 모든 지식과 경험을 활용하겠습니다.
글자수 734자   |   1782Byte
접기"
2017년 하반기 CJ올리브네트웍스 합격자 자기소개서 01 지원분야 | 게임기획,"1. 여러분이 올리브영에 지원한 동기는 무엇인가요? ① 올리브영이 아니면 안되는 이유, ② 해당 직무에 관심을 갖게된 계기, ③ 입사 후 포부를 포함하여 구체적으로 작성해 주세요.(1,000자 이내)
[올리브영 내 마음속에 저장]

타 H&B스토어가 아닌 올리브영을 선택한 이유는 “우수한 브랜드 발굴력” 때문입니다. 이는 올리브영만의 경쟁력이자 성장원동력이라고 생각하여 입사를 지원하였습니다. 소비자들은 자신이 원하는 브랜드 혹은 특정제품을 판매하는 스토어를 방문하기 때문에 트렌드에 최적화된 상품을 발굴하는 것이 중요합니다. 올리브영은 '원스탑 라이프스타일 플랫폼' 이라는 차별화된 브랜드 정체성과 메디힐, 웨이크메이크, 파파레서피 등 트렌드를 선도하는 제품을 발굴하는 능력이 뛰어납니다. 이처럼 '타 스토어와의 차별화' 라는 과제를 잘 풀어나가고 있는 올리브영은 성장 가능성이 높다고 생각합니다.

학부시절 의류매장에서 판매사원으로 일하며 MD직무에 관심을 가지게 되었습니다. 고객응대업무를 하며 고객을 직접 만나는 일이 많았고 현장관리에 대한 중요성을 배울 수 있었습니다. 나아가 직접 소비재를 유통하며 상품을 개발해보고 싶다는 꿈이 생겼고, 더 다양한 제품으로 고객과 소통하고자 MD직무에 지원하였습니다.

[이거 사러 올리브영 왔어요]

올리브영에만 있는, 올리브영다운 상품 개발 및 관리를 통해 더욱 많은 소비자들의 구매를 이끌어내는 것이 목표입니다. 이를 실현하기 위한 2가지를 말씀드리겠습니다.

첫째, 입사 후 상품의 작은 디테일까지 꼼꼼히 살피며 기본기를 다지는 것부터 시작하겠습니다. 소매유통업인 올리브영에서는 디테일이 가장 중요하다고 생각합니다. 트렌드를 파악하는 것은 물론, 담당상품에 대해 아주 작은 부분까지 세밀하게 챙기겠습니다. 상품이 어떻게 소싱이 되고, 재고관리가 되는지, 점포에서 어떻게 판매가 되는지 등 세세한 부분까지 챙겨 성공적으로 상품을 매장에 녹이는 MD가 되겠습니다.
둘째, 다양한 목소리에 귀를 기울이겠습니다. 사소한 대화, 작은 아이디어 에서도 대박상품이 나올 수 있다 생각합니다. 고객의 피드백, 동료들간의 대화 등 매장 안 모든 소리에 귀를 기울이고 그 안에서 배울점을 찾아 올리브영에만 있는, 올리브영다운 상품을 개발하겠습니다.
글자수 1002자   |   2468Byte
접기"
2017년 하반기 CJ올리브네트웍스 합격자 자기소개서 02 지원분야 | HRD·HRM,"1. 여러분이 올리브영에 지원한 동기는 무엇인가요? ① 올리브영이 아니면 안되는 이유, ② 해당 직무에 관심을 갖게된 계기, ③ 입사 후 포부를 포함하여 구체적으로 작성해 주세요.(1,000자 이내)
1. 1등 헬스앤뷰티스토어 올리브영

올리브영은 국내 시장 점유율이 73%를 차지할 만큼 절대적인 유통 수를 확보한 기업입니다. 또한, 겟한세일과 같이 20~30대를 겨냥한 이벤트를 진행하고 최고의 매출과 시장 점유율을 보여주는 것을 통해 고객층이 두텁다는 것을 알 수 있습니다. 또한, 올리브영은 2014년부터 꾸준히 점포 수와 시장 점유율이 증가하고 있습니다. 시장에서 확고한 입지와 성장을 보여주는 올리브영을 선택하지 않을 이유는 없다고 생각합니다.

2. 회사의 성공을 키우는 인사

최고의 성과를 내는 올리브영에 필요한 것은 성과를 지속해서 낼 수 있도록 뒷받침이 되는 인사 제도와 교육이라고 생각합니다. 직원들이 가장 효율적으로 업무를 진행할 수 있는 조건을 고민하고 직무를 제대로 수행할 수 있는 능력을 갖추게 하기 위한 교육을 마련하면 성과를 극대화할 수 있다고 확신합니다. 특히, 무조건 파격적인 인사 제도를 강행하는 것이 아니라 회사와 직원들 모두에게 합리적인 제도를 만들어 회사의 경영 성과를 높이고 싶습니다. 또한, 직원들이 직무 수행에 전문성을 갖추고 자기계발을 통해 보람을 느낄 수 있는 교육 지원 서비스를 마련하여 일하기 즐겁고 유익한 회사로 만들고 싶은 마음에 인사 직무에 관심을 갖게 되었습니다.

3. 인공지능을 결합한 인사

객관적인 평가는 채용, 교육, 승진, 보상 등 모든 인사 업무에 필수적인 요소입니다. 저는 인공지능을 활용한 인사에 관한 책을 읽고 이를 적용하고 싶다는 포부가 생겼습니다. 인공지능을 활용한다면 채용의 경우 학교, 성적보다는 직무에 맞는 능력과 성향을 객관적으로 측정하는 프로그램을 활용하여 지표를 마련할 수 있습니다. 또한, 직원들의 성과를 체계적으로 관리 및 평가하는 것을 통해 업무에 대한 동기부여를 끌어낼 수 있습니다. 교육 또한 Adaptive Learning 프로그램을 통해 개개인의 능력에 맞는 교육 서비스를 제공함으로써 효율적인 직무 훈련이 가능한 환경을 마련하고 싶습니다.
글자수 979자   |   2350Byte
접기"
2017년 하반기 CJ제일제당 합격자 자기소개서 01 지원분야 | 마케팅전략·기획,"1. CJ제일제당과 해당 직무에 지원한 동기는 무엇인가요? ① CJ제일제당이어야만 하는 이유, ② 지원 직무에 관심을 갖게 된 계기, ③ 입사 후 성장 목표를 반드시 포함하여 구체적으로 작성해 주세요. (1,000자 이내)
""좋아하는 일을 할 수 있는 직장""

저는 직장을 선택하는 데 있어서 그 일을 즐기면서 할 수 있을지 고민하고, 기업의 미래 성장성이 높은지 고려합니다. 먼저 CJ제일제당 식품마케팅은 제가 즐기면서 일할 수 있는 직장입니다. 저는 자취를 5년 이상하면서 요리를 즐기고, 홍콩 교환학생 때에는 기숙사에서 같이 요리를 즐기던 외국인 친구들과 국제 음식대회에 출전하여 한식을 만들어 판매하기도 했습니다. 홍콩인 팀원들과 상의해 맞춤형 한식과 홍보를 진행해서 저희 팀은 50만 원의 수익과 인기상이라는 결실을 맺었습니다. 따라서 제가 좋아하는 식품 산업에서 소비자가 원하는 것을 준비하는 일을 한다면 재미있게 일할 수 있을 것이라 확신합니다.



""비전을 함께 공유하는 기업""

식품 업계에서 CJ제일제당은 가장 성장성이 보이는 기업입니다. 국내 식품 산업은 1~2인 가구를 중심으로 소비 방식이 개편되면서 가정 간편식 시장과 편의점 시장이 성장하고 있습니다. 이러한 경영환경 속에서 CJ제일제당은 '햇반 컵반', '고메 냉장 간편식' 등을 출시해 고객들에게 맛있고 간편한 한 끼를 제공하고 있습니다. 또한 한식 세계화 경영철학을 바탕으로 해외 진출에 박차를 가하여 K-FOOD를 알리고 있습니다. 이러한 끊임없이 도전하는 모습이 글로벌 인재로 성장하고자 하는 제 비전과 같으며, CJ제일제당과 함께 성장하고 싶습니다.



""국내를 넘어 글로벌 마케터로 성장하고자 합니다!""

입사 후에는 식품 마케터로 성장하기 위해 다음과 같은 단기적, 장기적 성장 목표를 성취하고자 합니다. 단기적으로는 다양한 유통 현장에서 경험을 쌓으며 트렌드에 촉을 세우고, 식품 산업, 유통업, 그리고 소비자에 대해 지식을 쌓는 것입니다. OOO 마케팅 인턴을 하며 깨달은 것은 현장에서 고객과 시장에 대한 이해가 제대로 돼 있어야 개선과 혁신을 이끌 수 있다는 것이었습니다. 국내에서 노하우를 쌓은 후 제가 13년을 살았던 OO에서 제품과 브랜드 발굴을 통해 우리나라 식문화를 전파하는 마케터가 되는 것이 비전입니다.
글자수 1006자   |   2406Byte
접기"
2017년 하반기 CJ제일제당 합격자 자기소개서 02 지원분야 | 생산관리·품질관리,"1. CJ제일제당과 해당 직무에 지원한 동기는 무엇인가요? ① CJ제일제당이어야만 하는 이유, ② 지원 직무에 관심을 갖게 된 계기, ③ 입사 후 성장 목표를 반드시 포함하여 구체적으로 작성해 주세요. (1,000자 이내)
[설탕에서 음식까지]
인간에게 필요한 3가지 절대요소, 의식주 중에 없어도 살아갈 수 있는 ‘의, 주’ 보다 불가피한 ‘식’이 가장 중요하다고 생각합니다. 그렇게 때문에 식품 제조업은 인류적으로 튼튼한 사업기반이 마련되어있는 셈이고, CJ제일제당은 이런 인류기반적인 산업인 가공식품 시장의 가장 큰 비중을 차지하고 있는 굴지의 1위 이자, 튼튼한 회사입니다.
축구선수들이 자신의 발전과 미래를 위해 국내리그보다 더 비전있고 우수한 유럽리그로 진출하는 이치처럼, 그 분야 최고가 되려면 최고의 리그에서 동고동락하며 경쟁해야 한다고 생각합니다. 그렇기 때문에 저 역시 최고의 생산관리자의 꿈을 실현시키기 위해 제일 우수한 무대인 CJ제일제당에서 전문성을 키워, 회사와 더불어 승승장구하고 싶어서 지원했습니다.

[꼭 맞는 옷을 입기위한 준비]
저는 화공학도로서 다양한 직무의 선택성이 있었지만, 그 중 내가 가장 잘 할 수 있고 즐기면서 할 수 있는 일이 무엇인가 생각해 보았을 때, 고민없이 생산관리직무가 제 성향에 꼭 들어 맞다고 판단하였고 필요한 역량을 쌓아왔습니다.
생산관리자는 원활한 생산계획 수립을 위해 타부서와의 원활한 소통 능력과 현장에 대한 적응력 및 문제해결능력이 필요합니다. 저는 컨테이너 상하역 작업, 제철소 및 OO공단 케이블 작업 등의 많은 현장 아르바이트를 통해 현장의 적응력을 얻었고, 다수의 동아리 활동에서 주요직책을 수행하며, 소통과 문제해결능력을 얻었습니다. 또한, 생산관리자는 창의, 도전적인 자세로 공정을 개선하여, 공정 효율을 끌어올려야 하는 역할도 있습니다. 저는 창업 및 학술 동아리 활동을 하며, 다수의 공모전에서 적극적인 아이디어 제안을 통해 몇몇 대회에서 참여하고 수상하는 과정에서 창의력을 기르고 입증하였습니다. 마지막으로, 위험물 산업기사와 산업안전기사 필기를 취득하며, 생산관리자로서 생산팀의 생산능력과 회사 자산을 보호, 유지하기 위한 안전관리 역량을 습득했습니다.
이렇게 준비된 역량으로 인정받는 생산관리자로 발전하고 싶습니다.
글자수 1006자   |   2470Byte
접기"
2017년 하반기 DB하이텍 합격자 자기소개서 01 지원분야 | 생산관리·품질관리,"1. 자신이 가진 열정을 발휘하여 성취감을 느꼈던 경험을 기술하십시오 [ 650자 이내]
[나에게 꿈을 선사해준 OO대 반도체 공동연구소]
반도체에 대한 관심과 좀 더 많은 경험을 쌓기 위해 OO대 반도체 공정교육을 신청했습니다. 석·박사, 그리고 교수님까지 반도체 단위공정에 대해 심도 있게 교육해주셨고, 이후 Fab에 들어가 실습을 진행했습니다.

[처음으로 방진복을 입고 Fab에 들어가다.]
가장 기억에 남는 실습은 포토실습입니다. 실습을 진행하기 위해 방진복을 처음으로 입어보았습니다. 비록 눈밖에 보이지 않았지만, 방진복을 입고 에어샤워를 받는 제 모습을 보면서 가슴이 벅차올랐고 반도체 제조공장에서 일하고 싶다는 생각이 들었습니다.
포토공정에서는 웨이퍼에 장미무늬를 새기는 실습을 진행했습니다. 실험을 진행하면서 실제 공정에 투입돼서 nano scale의 패턴들을 바라본다면 어떨까, 그 과정에서 발생한 불량, 패턴 개선 등을 진행한다면 어떨까 등 공정과정에서 발생할 수 있는 문제들과 그 문제를 해결하고 싶은 마음이 들었습니다.

실습을 통해 반도체 생산공장에 입사하고 싶은 꿈이 생겼고, 시설환경분야에 입사 후 전공을 살려 공장 인프라구축에 많은 기여를 할 수 있다고 생각했습니다. 이후에도 반도체 도서, 온라인 강의를 통해 꾸준히 반도체에 대해 학습 중이고 동부하이텍에 입사하기 위해 한걸음, 한걸음 노력하고 있습니다.
글자수 643자   |   1554Byte
접기"
2017년 하반기 GS리테일 합격자 자기소개서 01 지원분야 | 영업관리,"1. 지원동기 및 열정에 대하여.
[경영주분들을 위해 헌신하겠습니다.]

저는 맡은 바에 강한 책임감을 느끼고 조직의 목표달성을 위해 묵묵히 희생, 헌신하는 사람입니다. 경영주분들과 끈끈한 협업을 통해 점포의 성과를 끌어낼 자신이 있어 GS리테일 영업 직무에 도전했습니다.

201X년 겨울 OO으로 파견된 봉사단 A팀의 의무지원을 맡았습니다. 고된 주택건축 현장과 낯선 환경 때문에 팀원들의 건강이 신경 쓰였습니다. 특히 여성 팀원들이 걱정되어 매일 따뜻한 물과 비타민B를 챙겨주었고 아침 일찍 제일 먼저 일어나 필요한 의약품을 챙겼습니다. 저녁에는 숙소를 일일이 방문해 팀원들의 상태를 살폈습니다. 그 결과 A팀은 유일하게 20명 전원이 낙오자 없이 마무리할 수 있었습니다. 팀이 모두 무사히 돌아왔다는 점과 제일 열심히 해준 사람으로 저를 뽑아준 팀원들을 보며 큰 만족감을 느꼈습니다. 입사 후 이런 희생과 헌신으로 경영주분들의 든든한 후원자가 되겠습니다.
글자수 466자   |   1124Byte
접기"
2017년 하반기 GS리테일 합격자 자기소개서 02 지원분야 | 영업관리,"1. 지원동기 및 열정에 대하여.
[CVS계의 신화를 이룬 소통 정신]
커뮤니케이션학도로서 성공한 리더들의 스피치 방법과 소통 리더십에 대해 배우면서 가장 흥미로웠던 점은 협업과 소통능력에 따라 기업의 성패가 좌우된다는 점이었습니다. 기업문제 중 70퍼센트가 소통의 장애로 발생하는 만큼, 동서고금을 막론하고 ‘소통’은 성공을 이끄는 핵심요소라고 생각합니다. 올바른 소통은 조직 내 화합을 도모하고, 기업이 추구하는 목표를 향해 ‘일로매진’할 수 있게 하기 때문입니다. GS리테일은 네 일, 내 일이 아닌 ‘우리’의 일이라는 공감대를 만들기 위해 파트너사와의 동반성장 세미나와 유어스데이 같은 프로그램을 진행하고, 식목일 나무심기와 같은 행사를 통해 고객의 목소리에 귀 기울이고 있습니다. 지위고하를 막론하고 어떤 일이든 함께 고민하며 해결책을 찾는 것이 소통의 핵심이라고 생각합니다. 이러한 정신을 이어받아 GS리테일에서 영업 인재로 성장하고 싶습니다.
글자수 460자   |   1136Byte
접기"
2017년 하반기 GS리테일 합격자 자기소개서 03 지원분야 | 영업관리,"1. 지원동기 및 열정에 대하여.
대학생시절 아르바이트로 집 앞의 GS슈퍼마켓에서 2달간 아르바이트를 했었습니다. 공산품을 담당하여 매일 들어오는 물품들을 받아 창고에 넣어두고, 비워진 물품들을 매대에 채우는 등 매장의 전반적인 물건들을 관리하였습니다. 편의점 아르바이트와는 차원이 달랐고 체계적인 관리에 놀라웠습니다. 아침미팅을 통해 하루를 시작하기에 앞서 동기를 유발하고, 각 담당자분들과 계약직분들과의 끈끈한 유대감도 느낄 수 있었습니다. 또한 각 파트의 담당자분들의 일에 대한 자부심과 만족도가 높았습니다. 2달간의 짧은 경험이었지만, GS슈퍼마켓에서의 아르바이트는 저에게 유통업에 대한 전반적인 흐름을 일깨워 주었고, 이러한 경험을 살려 GS리테일에 입사 후 매장의 유통흐름을 분석하고 철저한 관리를 통하여 고객에게 신뢰를 주는 매장을 만들고 싶습니다. 또한 매장내 직원들과의 신뢰감을 형성하여 내/외부적으로 강한매장을 만들고 싶습니다.
글자수 454자   |   1134Byte
접기"
2017년 하반기 GS리테일 합격자 자기소개서 04 지원분야 | 해외마케팅,"1. 지원동기 및 열정에 대하여. (799바이트)
GS리테일은 변화에 대응 가능한 다양한 경영/판매방침, 경험과 자산을 겸비했습니다. 특히 FF 전담 연구소를 통한 최신 동향 제품 개발과 도전은 업계 내 압도적인 경쟁력을 보여줍니다. 과감한 투자와 도전으로 발전하는 GS리테일의 모습은 미래 성장을 증명하기에 귀사에 지원했습니다.
[f(열정) = 신뢰]
“저희 아이는 OO보러 여기만 와요.” GS25 OOO점에서 근무하며 가장 보람찬 순간이었습니다. 주인의식과 고객을 향한 열정으로 신임을 얻은 결과였습니다. 우선 어린이 고객을 위해 매대 모서리마다 테이프로 위험을 사전에 방지하고 특유의 친근함으로 어머님들과 친분을 쌓으며 신뢰를 얻었습니다. 더불어 몸이 불편한 단골손님을 위해 방문 시간에 맞춰 미리 문을 열어놓고 말동무가 되어드리며 고객맞춤 서비스를 제공했습니다. 덕분에 저희 매장은 우수매장으로 선정되었고 이는 고객에 대한 열정 없이 이룰 수 없었을 쾌거였습니다.
글자수 460자   |   1112Byte
접기"
2017년 하반기 KB국민은행 합격자 자기소개서 01 지원분야 | 개인고객영업,"1. 귀하의 성장과정을 소개하여 주십시오. [ 200자 이내]
OOO에서 학창 시절을 보내며 국제학교에서 외국인 친구들과 친해지기 위해 통역 활동, 재즈 밴드와 농구 동아리 활동을 하며 먼저 다가갔습니다. 대학에 와서는 6개월간 OO 교환학생을 떠났고, 중국어를 공부해 가서 일상에서 중국어를 활용할 기회가 많았습니다. 이렇게 저는 도전과 사람을 중요시 여기며 늘 도전하고 성장했습니다.
글자수 181자   |   439Byte
접기"
2017년 하반기 KT 합격자 자기소개서 01 지원분야 | 기술직,"1. 회사 및 해당 직무에 지원한 동기와 입사 후 회사에서 이루고 싶은 중장기적 목표를 기술해 주십시오.

KT Skylife는 국내 유일의 위성방송 사업자입니다. 또한 그 타이틀에 걸맞게 최초의 디지털 방송, 3D, UHD 방송 기술 등 독보적인 기술력은 물론, 현재에 안주하지 않고 끊임없이 변화에 도전하는 기업입니다. 이는 전기전자의 여러 분야를 접해왔고, 앞으로도 접하고 싶은 제게 큰 의미로 다가옵니다. 기술의 최전선에서 여러 기술들을 접하고 연구 할 수 있는 기회는 흔하지 않기 때문입니다. 혹시 그런 기회가 있다고 하더라도 신기술을 구상하고 이를 상상에 그치지 않게 실현하는 회사는 거의 없습니다. 제게 있어서 기술은 ‘분야에서의 전문성은 물론 현실에 안주하지 않고 미래 시장을 주도하며, 이를 실현한다.’ 라는 의미입니다. KT Skylife는 시장의 흐름을 따르는 기업을 넘어 독보적인 기술로 그 미래를 주도할 수 있다고 생각합니다. 4차 산업혁명이 이미 시작되었고 그만큼 현대 기술은 매우 빠르게 발전하고 있습니다. 그 중 방송산업은 사람들의 삶에 직결되어 편리성과 변화 속도를 즉각 체감할 수 있습니다. 그 중 방송 산업의 미래는 과거처럼 TV에만 국한되는 것이 아닌, 인터넷과 모바일 기술도 결합되어야 한다고 생각합니다. 그렇기에 저는 인공지능을 통한 사물인터넷이 결합된 방송기술을 구현하고 싶습니다. 그리고 이를 KT Skylife가 미래 방송기술을 향해 걸어가는 길에서 이루고 싶습니다.
글자수 676자   |   1598Byte
접기"
2017년 하반기 KT 합격자 자기소개서 02 지원분야 | 네트워크관리,"1. 회사 및 해당 직무에 지원한 동기와 입사 후 회사에서 이루고 싶은 중장기적 목표를 기술해 주십시오. (최대 700자 입력가능)
대학교에 입학하면서 저는 삶을 윤택하게 만드는 기술에 관심이 있었습니다. 그 중에서도 우리의 한계를 극복하고, 다양한 문제해결에 도움을 주는 통신 분야에 관심을 가졌습니다.
저는 통신공학, 디지털통신 과목에서 아날로그 및 디지털 통신에 대한 지식을 습득하고, MATLAB으로 라디오 및 PAM 방식의 통신 송수신 시뮬레이터를 만들어보며 실력을 키워왔습니다. 또한, 이에 그치지 않고 통신시스템연구실에서 공부하면서 6개월간 산학 프로젝트에 참가했습니다. 실제로 통신이 어떻게 사용되는지 배울 수 있었고, 프로젝트에 기여함으로써 성취감을 느꼈습니다.
그래서 저는 대학교에서 가장 열심히 공부한 분야이자, 많은 것을 경험하게 해준 통신 분야에 종사하고 싶어 네트워크 관제/운용 직무에 지원하였습니다.
IoT와 빅데이터가 현시대에 중요한 기술이 되고 있습니다. 이에 저는 네트워크 서비스에 최적화된 KT에서 제 꿈을 펼치고 싶습니다. Network Node부터 말단에 이르는 안테나까지 모든 흐름을 완벽하게 숙지하고 전문성을 기해 고객들의 서비스 품질 향상을 이루어내겠습니다. 또한, 여러 가지 라우터나 교환기에서 일어나는 트러블들을 신속하게 문제 해결을 하여 트러블이 다시 반복되어 일어나는 일이 없도록 완벽한 업무수행을 해내겠습니다. 글로벌 1등을 비전으로 하는 KT에 걸맞은 일원이 되기 위해 끊임없는 자기계발을 하여 비전 달성에 기여하겠습니다.
글자수 696자   |   1690Byte
접기"
2017년 하반기 LG디스플레이 합격자 자기소개서 01 지원분야 | 공정엔지니어,"1. 해당회사 및 직무에 지원하는 동기에 대해 기술해 주십시오.
Guide> 성격(장단점), 직무에 관련된 경험 및 역량, 관심사항, 개인의 목표 및 비전 등 자신을 어필할 수 있는 내용을 기반으로 자유롭게 기술하시기 바랍니다. 1000자
[역량을 발휘할 수 있는 직무]

석사 과정 동안 진행했던 OOO의 연구 경험은 디스플레이에 대한 전반적인 지식과 연구 능력을 키우게 된 가장 결정적인 계기가 되었습니다. 이를 계기로 선진연구를 통해 차세대 디스플레이 분야를 이끌어가는 연구원이 되겠다는 목표를 가지게 되었습니다. 특히, 독자적인 기술과 창의적인 아이디어를 기반으로 전자제품 산업을 이끌어가는 LG디스플레이 Panel 설계 직무에 매료되었고, 저의 역량을 발휘 할 수 있는 부서라고 생각하였기에 지원하게 되었습니다.


[이론과 실무 경험을 갖춘 연구원]

저는 향후 차세대 디스플레이의 기술 혁신을 주도하기 위한 전문성을 키우기 위해 디스플레이, 광학, 반도체, 신소재 등의 이론적인 지식을 쌓도록 노력하였습니다. 전공에 대한 기반을 튼튼히 한 결과 모든 학기에 성적장학금을 받을 수 있었고, 학과 수석으로 인한 학업우수상, 졸업우수상을 받았습니다. 또한, 대학원에서 논문 및 서적을 통해 반도체 및 디스플레이 관련 내용을 꾸준히 학습하여 전문적인 지식을 습득하였습니다. 하지만, 이론에 국한된 연구원은 허울뿐이라고 생각하여 디스플레이, 재료 및 반도체 공정과 관련 된 실무 경험을 쌓았습니다. 디스플레이 분야에 대한 식견을 넓히고자 다양한 학술대회에 참여함으로써 해외 학회 발표를 하였고, 국내 학회 포스터 상을 수상하였습니다. 또한, 3회에 걸친 산학협력 실습과 다수의 프로젝트에 참여함으로써 반도체 공정에 대한 경험을 쌓았으며, 기업의 연구원 분들과 실험 방향에 대해 같이 고민하고, 결과에 대해 토의하는 등의 일련의 연구 과정을 배웠습니다. 이를 통해 연구원으로서 한 단계 성장 할 수 있었다고 생각합니다.

디스플레이 분야의 이론 및 연구에 관련된 역량을 키워 빠르게 변화하는 시대의 흐름을 이끌어가는 연구원이 되도록 노력하겠습니다. 또한, 디스플레이 관련 주력 사업 분야에서 핵심 기술역량을 개발하여 향후 LG디스플레이 Panel 설계 부서의 핵심 연구원으로 자리매김하고 싶습니다.
글자수 989자   |   2401Byte
접기"
2017년 하반기 LG디스플레이 합격자 자기소개서 02 지원분야 | 공정엔지니어,"1. 해당회사 및 직무에 지원하는 동기에 대해 기술해 주십시오. [100자 ~ 1000자]
4학년 1학기, 고분자공업화학에서 액정에 대해 배우면서 액체가 anisotropic을 보이는 물질이라는 점에서 흥미를 느꼈습니다. 디스플레이에 관심을 갖고 자료를 수집하면서 LG디스플레이의 WOLED 기술에 대해 알게 되었습니다. 생산 수율이 낮아 대형 OLED TV 사업을 철수시킨 타사와 달리 WOLED 기술을 적용하여 생산 수율을 해결하고 가격 경쟁력을 확보한 것을 알게 되었습니다. 디스플레이 1위 기업임에도 불구하고 적극적인 투자를 통해 발전한다는 점에서 끊임없이 높은 목표를 추구한다는 저의 가치관과 부합하여 지원하게 되었습니다.
LG디스플레이 입사의 목표를 달성하기 위해 두 가지 경험을 통하여 기초 지식을 쌓았습니다.
첫째, 디스플레이 관련 교육을 이수하였습니다. OOO과 OOO 교육을 통해 디스플레이에 대한 이해를 높였습니다. 화학을 전공하면서 이해하지 못하는 디스플레이의 광학적 특성을 디스플레이광학을 통해 이해할 수 있었습니다. 또한, 차세대 디스플레이와 회로 쪽으로 기초 지식을 쌓기 위해 Display pixel 회로 및 공정을 수강하면서 차세대 재료와 기술을 알게 되었습니다.
둘째, 공정 관련 교육에 참가하여 생산성 향상 방법을 실습으로 배웠습니다. 통계적공정관리(SPC) 과정을 이수하면서 버스의 규격을 Gage R and R로 측정한 후, data를 x bar R 관리도로 나타내어 기업의 품질 기대 수준에 만족하는지 평가하였습니다. 또한, 식스시그마 GB 과정에서 OOO 프로젝트를 실습하면서 발생한 VOC에 대해 DMAIC 기법을 적용하여 시그마 수준을 향상한 경험이 있습니다. 실제로 1차 실습에서 총 배송시간에 대한 단기 시그마는 0.34시그마 수준이었지만 DMAIC 기법을 적용한 개선활동을 통해 2차 실습에서는 3.43시그마 수준으로 개선하였습니다.
LG디스플레이에 입사하게 된다면 디스플레이 교육과 공정 교육으로 배운 기초 지식을 바탕으로 빠르게 업무에 적응하고 전문 기술을 습득하여 생산성 향상에 힘쓰겠습니다.
글자수 987자   |   2281Byte
접기"
2017년 하반기 LG디스플레이 합격자 자기소개서 03 지원분야 | 공정엔지니어,"1. 해당회사 및 직무에 지원하는 동기에 대해 기술해 주십시오. [100자 ~ 1000자]
[LG디스플레이와 비전을 나누다]

제 목표를 글로벌 시장에서의 No1을 비전으로 하는 LG디스플레이에서 이루고 싶습니다. 제 목표는 앞으로의 경험과 제가 가진 역량을 통해 공정 수율 극대화를 이루는 것입니다. 제 목표와 LG디스플레이의 비전을 다음의 경험과 역량을 통해 이루기 위해 지원했습니다.

첫째, 공정분야에 대한 간접 경험이 있습니다. OO 고용디딤돌을 통해 자동차 부품은 물론 제조업에서 통용되는 공정과 품질, 생산 프로스세 등에 대해 자세히 배울 수 있었습니다. 비록 자동차 부품에 포커스가 맞춰진 교육이었지만 같은 제조업인 디스플레이 분야에서 많은 부분이 공통으로 적용될 것이고 또한 자동차 부품에서만 쓰이는 공정들이 디스플레이 공정과 융합된다면 더 큰 시너지를 만들 수 있다고 생각합니다.

둘째, 해외플랜트인재양성 교육에 참가했습니다. OO교육원에서 주관한 해외플랜트인재양성 교육을 통해 공장의 품질, 시공, 설비 등 플랜트에 관련된 다양한 분야의 지식을 배울 수 있었습니다. 디스플레이의 생산은 공장에서 이루어지기 때문에 이 교육에서 배운 지식과 기술들이 많은 도움이 될 것입니다. 또한 Primavera 교육도 같이 이수해 공정의 효율성을 높이는 곳에 적극적으로 활용하겠습니다.

셋째, 학부 전공 과목을 이수했습니다. 물리전자공학과 반도체소자를 통해 반도체와 디스플레이에 대해 배울 수 있었습니다. 학부 수준의 지식이지만 입사 후 계속 발전시켜 실무에 적용하겠습니다.

넷째, 저는 반복을 좋아합니다. 같은 일을 반복하고 그 과정에서 미세한 차이의 시도를 계속해나간다면 다양한 결과를 얻을 수 있기 때문입니다. 수십단계로 세분화되어 있는 디스플레이 공정 분야에서의 반복을 통해 다양한 결과를 만들어내고 그 중에서 가장 최선의 결과를 찾아내겠습니다.

이상의 네가지 경험 및 역량을 바탕으로 LG디스플레이와 함께 더 발전하는 인재가 되겠습니다.
글자수 933자   |   2271Byte
접기"
2017년 하반기 LG디스플레이 합격자 자기소개서 04 지원분야 | 기계·기구설계,"1. 1.해당회사 및 직무에 지원하는 동기 1000자
[기회를 찾아야 기회를 만들 수 있다.]
저는 재학 중 학부연구생 생활을 하였습니다. 그러면서 스마트쉽 관련 프로젝트에 참여 하게 되었습니다. 4차 산업 시대의 도래로 선박분야에서도 ICT의 개념이 중요해 지면서 스마트쉽과 관련된 기술이 굉장히 각광받고 있었습니다. 뿐만 아니라 오늘날 모든 산업을 연결하는 혁명의 시작이 바로 반도체라는 것을 알게 되었고 굉장히 매력적인 학문이라고 생각하였습니다.

이러한 관심은 디스플레이 산업에 대한 가능성으로 연결되었습니다. 영화에서만 보던 제품들이 현실로 다가오는 것을 보면서 무엇보다 우리 실생활에 가깝고 큰 즐거움을 주는 기술에 끌림이 있었고 저 역시 이런 혁명에 기여하고 싶었습니다. 개인적인 관심으로 관련 교육을 이수하여도 전공적인 부분을 배우기엔 어려운 점이 많았습니다. 그러던 중 결국 제품을 만들기 위해서는 그에 맞는 특별한 하드웨어가 필요하고 이를 만들어 내는 데 제가 갖고 있는 전공이 도움이 될 수 있을 것이라고 확신하였습니다. 제가 LG디스플레이를 선택한 이유는 바로 이러한 관심과 스스로의 가능성을 보았기 때문입니다. 저는 현재 부족한 관련 전문성을 높이기 위해 강의를 통한 개인적인 공부와 관련기관에서 주최하는 교육에 참여하고 있습니다. 또한 기계전공의 장점을 살려 기구설계 분야에서 빠른 적응력을 가질 수 있다고 생각합니다. 이를 바탕으로 전문 지식에 대한 습득과 응용력을 길러 전문성을 갖춘 인재가 되고 싶습니다.

자신감은 각오가 아니라 준비라고 생각합니다. 충분한 자격을 갖추기 위해 부단히 노력하고 그렇게 자신의 분야에서 존경받는 사람이 되는 것이 저의 꿈입니다. LG디스플레이라는 최고의 파트너와 함께 내일을 밝게 빛내는 엔지니어로 성장하겠습니다.
글자수 858자   |   2112Byte
접기"
2017년 하반기 LG상사 합격자 자기소개서 01 지원분야 | 해외영업·무역영업,"1. 지원분야 지원 동기 / 성장 과정 (학창 시절 등)
[영어를 기반으로 능력을 확장한 도전 정신]

저는 새로운 도전을 통해 성장하는 사람입니다. 자원 개발이라는 신사업을 통해 난관을 극복한 LG상사의 과정과 저의 성장 과정이 닮았다고 생각합니다.

해외 거주 경험으로 영어 능력이 있었지만 저는 영어만으로는 한계가 있다는 것을 느꼈습니다. 그래서 저는 경제학을 복수 전공하고 새로운 분야에서의 경험을 하기 위해 노력했습니다. 또한, 영어 학원과 다른 근무 환경을 경험하기 위해 노력했는데 3D 프린터 관련 스타트업 회사의 문을 두드린 것이 지금의 저를 있게 한 용기 있는 선택이라고 생각합니다.

경제학을 공부한 저는 출판사에서 경제 문제집을 편집하는 업무를 담당할 수 있었습니다. 새로운 근무 환경에서 저는 문서 작성 능력과 영어 학원에서 경험할 수 없는 발주 및 수주 업무를 경험할 수 있었습니다. 또한, 경제라는 새로운 지식은 OO은행에서 업무를 진행할 때도 금융 상품을 판매하거나 대출 업무를 이해하는 데 많은 도움이 됐습니다.

또한, OOO에서는 홈페이지 번역을 위해 채용됐지만, 업무 영역을 넓히기 위해 노력했습니다. 3D 프린터 조작법과 프로그램 사용법을 익혀 시제품 의뢰가 들어오면 직접 출력하기도 하고 SNS 마케팅, 해외 디자이너 섭외와 같은 업무를 자발적으로 찾아 진행했습니다. 그런 노력을 좋게 봐주신 대표님은 저와 함께 사업 발표 대회에 참가하자고 하셨고 장려상을 받을 수 있었습니다.

이렇게 저는 다양한 업무 경험을 통해 더욱 능력을 갖춘 사람으로 성장했습니다. 그렇게 성장하기 위해서는 전략과 용기가 필요했습니다. 영어 능력을 활용하여 다른 산업에 도전하면서 조금씩 업무 범위를 넓힌 저는 LG상사가 자원 개발을 진행하는 회사로 성공적인 전환을 이루는 것과 닮은 성장 과정을 가졌다고 생각합니다.
글자수 882자   |   2138Byte
접기"
2017년 하반기 LG이노텍 합격자 자기소개서 01 지원분야 | 광학기구,"1. 이노텍과 지원 분야를 선택하신 이유를 구체적으로 기술(100~500)
[전동기과목으로 배운 지식과 모터 개선 졸업과제]

전기기기1을 수강하면서 전동기에 대한 관심이 생겼습니다.
그 후 시간표를 짤 때에 전기기기2, 전동기제어, 전력전자, 제어공학 등 전동기 관련 과목을 수강하였습니다.
처음에는 별개의 과목이라고 생각했지만 수업을 듣고 실습을 해보니 각각의 과목이 서로 연결되어 있다는 사실을 알 수 있었습니다.

유독 모터 속도와 위치 등을 제어하는 개념을 설명하는 단원이 과목마다 있었습니다.
개념들이 서로 비슷하면서 다른 내용이라 생각하여 공부할 내용도 방대하다고 느꼈습니다.
헷갈리는 개념을 정리하기 위해 관련 내용을 전공책과 DBPIA논문을 참고하여 공부를 하다 보니 한 가지 사실을 알 수 있었습니다.
다른 내용이라 생각했던 개념들이 크게 보면 모터제어라는 범주 안에 있다는 것을 깨달았습니다.

이러한 전공경험은 차량용 모터 개발 업무에도 필요한 능력이라 생각하여 LG이노텍 전장부품사업부에 지원하였습니다.
글자수 484자   |   1176Byte
접기"
2017년 하반기 LG이노텍 합격자 자기소개서 02 지원분야 | 기계·기구설계,"1. 지원동기
[즐거움으로 함께 성장할 회사]
저는 ‘즐거운 마음으로 최선을 다해 일할 수 있고, 함께 성장할 수 있는 곳’에서 일하고 싶습니다. 그것을 통해 고객에게 최고의 가치를 제공할 수 있다고 생각하기 때문입니다. 제가 즐겁게 일하면 동료에게도 긍정적인 효과를 줄 뿐만 아니라 최고의 품질과 최상의 서비스를 제공하여 LG이노텍의 이익 창출에도 앞장설 수 있다고 생각합니다.
저는 기계공학을 전공하며 ABEEK 공학 인증을 받고, 4대 역학과 함께 여러 전공지식을 습득하며 업무에 필요한 지식을 준비했습니다. 또한, 강의와 프로젝트에서 CATIA로 직접 부품을 설계해보고 ANSYS로 해석해보며 느꼈던 즐거움은 연구개발 직무에 흥미를 갖게 해주었습니다. 이것을 바탕으로 Hardware에서 직무를 수행하기 위해서 모터에 관한 지식을 더욱 폭넓게 공부하며 더욱 성장할 것입니다. 최고의 전장부품 설계 능력과 확실한 체계를 갖추고 있는 LG이노텍은 저를 더욱 발전시킬 스승이 되어줄 것이라 확신합니다.
글자수 497자   |   1185Byte
접기"
2017년 하반기 LG이노텍 합격자 자기소개서 03 지원분야 | 생산관리·품질관리,"1. [지원동기] 'LG이노텍'과 '지원 분야'를 선택하신 이유를 구체적으로 기술해주십시오.
산업기능요원으로 복무하면서 제품을 직접 만든 후 보람을 느낀 경험이 있습니다. 제가 직접 만든 에어 샤프트를 이용해 만든 휴지, 종이를 일상생활에서 사용하며 '나의 노력이 들어간 첫 공산품!'이라는 생각을 하며 일에 대한 자긍심을 느낄 수 있었습니다. 만일 '전공지식과 관련 있는 분야에서 제조업무를 하게 되면 얼마나 즐겁게 일을 할 수 있을까?'라는 생각이 들었습니다. 주위에서 쉽게 볼 수 있는 휴대전화, 차량, TV 등에 들어가는 핵심 소재 및 부품 대부분은 LG이노텍의 손길이 닿아있는 것입니다. LG이노텍에 입사하여 직접 제품을 제조하게 된다면, 거리를 돌아다닐 때마다 '저 제품도 나의 손이 닿은 것'이라는 생각을 자주 들 것이고, 그때마다 보람을 느끼게 되면서 회사에 대한 자부심뿐만 아니라 일찍 출근하고 싶다는 생각도 들 것입니다.

이러한 긍정적인 향기는 저뿐만이 아닌 다른 사람들에게 퍼져 출근하고 싶은 회사를 만들 것이고, 일의 효율을 높일 것입니다.
글자수 488자   |   1172Byte
접기"
2017년 하반기 LG이노텍 합격자 자기소개서 04 지원분야 | QAA·통화품질,"1. [지원동기] 'LG이노텍'과 '지원 분야'를 선택하신 이유를 구체적으로 기술해주십시오.
[COF 경쟁력 - 신뢰성 확보]

제가 LG이노텍에 지원한 이유는 COF 같은 패키지용 기판 신뢰성 경쟁력 때문입니다. 소재 측면에서 얇은 필름을 활용하여 회로 Pitch를 25㎛의 미세한 패턴 형성을 통해 초슬림 및 유연성을 통한 신뢰성 확보를 하였습니다
이를 통해 LG이노텍만의 소재를 통한 신뢰성 확보의 가치를 느낄 수 있었습니다.

또한, 품질 분야에 지원한 이유는 반도체 시장 관련 신뢰성 검사 경험 때문입니다. 측정은 국제 표준인 JEDEC을 준수하여 실시하였습니다. 표준의 핵심은 반복적인 측정 시 장비의 보정이 핵심이라는 것을 알 수 있었습니다. 저는 주기적으로 장비의 주파수를 보정하여 검사를 진행하였고, 덕분에 신뢰도 있는 결과를 얻을 수 있었습니다.
이를 통해 신뢰성 검사업무 수행 시 주기적인 장비 보정의 중요성을 배울 수 있었습니다.

따라서 품질 업무 중 COF 같은 기판의 신뢰성 검사 업무 시 저만의 경험을 녹여내고 싶습니다.
글자수 479자   |   1121Byte
접기"
2017년 하반기 LG전자 합격자 자기소개서 01 지원분야 | 연구·실험·기술,"1. 1.본인이 지원한 직무관련 지원동기와 역량에 대하여(1000)
[H/W와 S/W의 연결고리]

H/W와 S/W를 아울러 생각 할 수 있다는 것은 R&D 하드웨어 직무에 적합한 능력이라고 생각합니다.
전기기기 수업을 수강하면서 전동기분야에 흥미가 생겼습니다.
수업 이후, 전동기분야에서 일을 하고 싶다는 생각을 하여 관련된 전공수업이 열릴 때 마다 수강하였습니다.

‘전기기기’ 라는 과목을 수강하여 전동기 하드웨어에 관한 기초적 지식을 쌓은 후, 졸업과제로 전동기의 효율을 개선하였습니다.
효율을 개선하기 위해 전동기의 구조를 변경하였습니다.
세그웨이에 사용하는 전동기를 구입하고 제원을 측정한 뒤, Maxwell 프로그램을 사용하여 회전자 길이를 조정하고, 고정자 구조를 바꾸었습니다.
그 결과 역기전력 고조파가 줄어 효율이 79%에서 88%로 상승하였습니다.

또한 ‘전동기 제어’를 수강하며 소프트웨어에 관한 내용을 공부하였습니다.
주로 AC모터, 그 중에서도 영구 자석형 동기전동기에 관하여 중점적으로 배운 뒤, 이 내용을 바탕으로 피드백 제어 실습을 하였습니다.
실습 내용은 ‘code composer studio’ 프로그램을 사용하여 영구 자석형 동기전동기를 제어하는 것이었습니다.
우선, 지령 속도에 맞게 모터가 회전하도록 코딩을 하였습니다. 그 뒤 피드백 제어하여 외란이 있는 경우에도 속도가 지령 값에 근접하게 구동하였습니다.

기존의 전동기 설계를 변경하여 효율을 개선하고 제어기 코딩실습을 하며 H/W와 S/W 2가지를 아울러 생각하는 힘을 길렀습니다.
이러한 전공 경험은 전동기를 제어하고 설계하는 R&D하드웨어 직무에 적합한 능력이라고 생각하여 LG전자 H&A사업부 R&D HW에 지원하였습니다.
글자수 824자   |   1920Byte
접기"
2017년 하반기 LG전자 합격자 자기소개서 02 지원분야 | 연구·실험·기술,"1. 본인이 지원한 직무관련 지원동기와 역량에 대하여(1000자)
재료공학도로서 미래시대에 가장 중요한 산업을 다루고 싶었습니다. 그리고 미래 산업의 발전에서 디스플레이는 가장 큰 역할을 하고 있다고 생각합니다. 과거부터 디스플레이는 많은 사람들의 눈이 되어왔고 세상의 모든 것들을 작은 화면 안에 담아냈습니다. 또한 앞으로는 더욱 발전된 디스플레이가 우리 생활의 다양한 분야에 이용될 것입니다. 이렇듯 디스플레이는 미래 산업 개발의 속도를 좌우하고 있습니다. 저는 오래전부터 공학도로서 산업의 발전을 이끌고 싶어 했으며, 디스플레이 제품과 관련된 연구를 할 수 있는 LG전자 HE사업본부 R&D 기구에 지원하게 되었습니다.
저는 R&D 분야에서 근무하기 위해 필요한 역량을 쌓기 위해 그동안 끊임없는 자기개발을 해왔습니다. 우선 신소재공학과의 학부 수업을 통해서 디스플레이 재료, 전자재료개론 등의 과목을 수강했고, 실무에 필요한 기본 지식들을 쌓았습니다. 또한 교내 나노 시스템 응용 연구실에서 인턴십을 하면서 연구 직군에서 필요한 역량을 개발해 나갔습니다. 광촉매에 대한 논문을 직접 찾아가며 공부하고, 직접 실험도 해보면서 연구실의 업무 수행 과정을 알게 되고, 끊임없이 탐구하고 문제를 해결하는 연구자의 능력을 향상시킬 수 있었습니다. 이러한 학부에서의 다양한 경험들은 이후 현업에서 업무를 수행할 때 큰 도움이 되리라 생각합니다.
교내에서의 다양한 경험 외에도 현업에서의 실무 경험이 필요하다는 생각이 들었습니다. 실무 경험을 쌓기 위해서 지난 여름동안 OO디스플레이에서 인턴으로 근무했었습니다. 6주간 현업에서 근무하면서 디스플레이 제조 공정에 대해 더욱 상세하게 공부했을 뿐이라 현업의 분위기를 느낄 수 있었습니다. 또한 인턴 프로젝트를 통해서 설비 개선을 위한 아이디어를 제안하기도 했습니다. 이러한 다양한 경험들은 이후 현업에서 근무할 때에도 빠르게 적응하고 성공적으로 직무를 수행하는데 큰 도움이 되리라 생각합니다.
글자수 936자   |   2314Byte
접기"
2017년 하반기 LG전자 합격자 자기소개서 03 지원분야 | 연구·실험·기술,"1. 본인이 지원한 직무관련 지원동기와 역량에 대해서
Guide> 해당 직무의 지원동기를 포함하여, 직무관련 본인이 보유한 강점과 보완점을 사례를 통하여 구체적으로 기술해주시기 바랍니다. 1000자
[역량을 발휘할 수 있는 직무]
석사 과정 동안 진행했던 연구 경험은 소재 및 디스플레이에 대한 전반적인 지식과 연구 능력을 키우게 된 가장 결정적인 계기가 되었습니다. 이를 계기로 선진연구를 통해 차세대 소재 분야를 이끌어가는 연구원이 되겠다는 목표를 가지게 되었습니다. 특히, 독자적인 기술과 창의적인 아이디어를 기반으로 전자제품 산업을 이끌어가는 LG전자 소재/생산기술원의 R&D 소재/소자 직무에 매료되었고, 저의 역량을 발휘 할 수 있는 부서라고 생각하였기에 지원하게 되었습니다.
[이론과 실무 경험을 갖춘 연구원]
R&D 소재/소자 직무는 기술 혁신을 주도하기 위한 전문성을 요구하기 때문에 이론과 실무 경험을 갖춰야 합니다. 따라서, 저는 연구개발에서의 직무를 수행하기 위해 다음과 같은 노력을 하였습니다.
첫째, 이론적인 지식을 쌓기 위해 노력하였습니다. 디스플레이, 광학, 반도체, 나노 재료, 신소재 등의 전공을 이해하는 것은 차세대 소재를 개발하기 위한 기본 자질이라고 생각했습니다. 전공에 대한 기반을 튼튼히 한 결과 학과 수석으로 인한 학업우수상, 졸업우수상을 받았습니다. 또한, 대학원에서 좀 더 전문적인 지식을 습득하여 특허 출원, OOO 논문대상 동상, OOO에 논문 게재 등의 성과를 얻었습니다. 하지만, 빠르게 발전하는 선진기술을 소화하기 위해 좀 더 전문적인 이론 지식을 쌓을 필요가 있다고 생각합니다.
둘째, 이론에 국한된 연구원은 허울뿐이라고 생각하여 디스플레이, 재료 및 반도체 공정과 관련 된 실무 경험을 쌓았습니다. 3회에 걸친 산학협력 실습과 다수의 프로젝트에 참여함으로써 연구에 대한 경험을 쌓았습니다. 또한, 기업의 연구원 분들과 실험 방향에 대해 같이 고민하고, 결과에 대해 토의하는 등의 일련의 연구 과정을 배웠습니다. 이를 통해 연구원으로서 한 단계 성장 할 수 있었다고 생각합니다.
소재 연구개발 부서에서도 끊임없는 노력을 바탕으로 지속적인 성과를 얻도록 책임감을 가지고 업무에 임하는 연구원이 되겠습니다.
글자수 991자   |   2397Byte
접기"
2017년 하반기 LG전자 합격자 자기소개서 04 지원분야 | 연구·실험·기술,"1. 본인이 지원한 직무관련 지원동기와 역량에 대하여 [500 자 ~ 1000 자]
[태양광 발전 시스템 효율 향상의 KEY 는 컨버터 배열]
저는 학부 졸업 전 마지막 학기부터 현재까지 전력전자 및 신재생에너지 시스템 연구실에서 연구를 진행하고 있으며, 저의 주 연구 분야는 태양광 발전 시스템의 효율을 향상시킬 수 있는 컨버터 배열입니다. 태양광 발전 시스템의 효율을 향상시키기 위해 태양광 패널의 효율 향상에 관련한 연구들이 진행되고 있지만, 고효율의 태양광 패널을 효율적으로 제어하지 못한다면 시스템 발전량은 제한될 수밖에 없습니다. 태양광 패널의 효율을 1% 올리기 위해서는 많은 투자비용이 필요하지만, 컨버터 배열 개선을 통해 시스템 효율을 10% 이상 개선할 수 있습니다. 따라서 태양광 발전 시스템을 제어하는 컨버터의 배열을 개선한다면, 동일한 태양광 패널을 사용하여 더 높은 시스템 발전량을 얻을 수 있습니다. 특히 고정식 태양광 발전 시스템과 달리, 전기차와 같은 이동식 태양광 발전에서는 컨버터의 역할이 더욱 중요시 됩니다. 태양광 패널과 전기차를 접목시킨 PV-EV 의 경우, 시스템이 도달하는 일사량이 빠르게 변하며, 부분 그늘짐 등의 현상도 빈번히 발생할 수 있습니다. 고효율의 태양광 모듈을 사용하더라도 그 기능을 제대로 사용하지 못한다면, 결국 시스템 발전량은 저하되게 됩니다.

[PV-EV 개발을 위해 준비된 인재]
현재까지 태양광 발전 시스템의 컨버터 배열 개선 연구를 진행하며, 국내학회에서 3번, 국제학회에서 3번, SCI 저널 1편의 논문을 발표하였으며, 2번의 국내학회, 1번에 국제학회에 참여하여 다양한 사람들과 의견을 나눌 수 있었습니다. 태양광발전시스템 보급률이 비교적 낮은 한국에서는 많은 관심을 받지 못했지만, 태양광발전 시스템 보급률이 높은 미국, 중국 등에서는 이미 활발한 연구가 진행되고 있음을 확인했습니다. 저의 연구 분야가 VC 사업부 및 Solar BD 사업부와 관련이 깊다고 생각하며, 제 전문성을 가장 잘 발휘할 수 있는 곳이라고 생각하기 때문에 LG 전자에 지원하게 되었습니다.
글자수 985자   |   2355Byte
접기"
2017년 하반기 LG전자 합격자 자기소개서 05 지원분야 | 연구·실험·기술,"1. 본인이 지원한 직무관련 지원동기와 역량에 대하여 (500자~1000자)
[세계 ‘최초’에서 세계 ‘최고’로]
현대인들의 필수품이 된 스마트폰을 다양한 생활 가전제품 또는 자동차와 연결하는 세계 최고 ‘Mobile 전용 IoT 개발자’가 되는 것이 저의 목표입니다. 여러 Mobile 산업 시장 중 LG전자의 “Learnig From You” 철학은 저를 LG전자로 이끌었습니다. 개발자의 능력을 뽐내는 것이 아닌 사용자의 편의를 생각하면서 혁신하는 것이 진정한 개발자의 능력이고, Mobile 선두주자라고 생각합니다. 따라서 세계 최초라는 단어와 잘 어울리는 LG전자 MC사업본부가 저의 목표를 이룰 수 있는 무대라고 생각합니다.
201X년 1학기에 수강한 ‘멀티미디어 공학’을 통해 MATLAB을 이용한 얼굴 인식 프로그램 설계를 한 경험이 있습니다. 딥러닝을 통해 사진 속에서 사람의 얼굴을 찾아내는 프로젝트로 눈, 코, 입 세 요소가 존재하는 부분을 얼굴로 인식하였습니다. 이 프로젝트 경험은 ‘얼굴인식’ 기술이 스마트폰에 적용되는 요즘 가장 기본을 공부한 것이라고 생각합니다. 탄탄하지 않은 기반은 쉽게 무너지는 것처럼 대학교에서 배운 경험을 기반으로 입사 후 더 높은 기술을 성장 및 개발하고 싶습니다. 수학에서 배운 논리적 구조는 소프트웨어와 접목하여 탄탄한 알고리즘 지식을 가지게 되었습니다. 그리고 C/C++, Java, Python 등 여러 언어들을 공부한 경험은 개발 환경에 빠른 적응을 할 수 있는 기반을 만들었습니다.
학업뿐 아니라 신입생 대상 오리엔테이션을 기획 및 진행하는 ‘Freshman Guide’ 단체 활동을 통해 많은 경험을 할 수 있었습니다. 단체는 4개의 팀으로 업무 분담을 하여 진행하기 때문에 작은 회사라고 볼 수 있습니다. 외부의 도움 없이 모든 것을 기획하였기에 자신의 업무 책임감을 기를 수 있었습니다. 또한 한 팀이 마감시간을 맞추지 못해 다른 팀이 고생한 경험을 통해 팀 내의 협력뿐 아니라 다른 팀과의 협력도 중요하다는 것을 다시 한번 깨닫게 되었습니다.
글자수 976자   |   2256Byte
접기"
2017년 하반기 LG전자 합격자 자기소개서 06 지원분야 | 연구·실험·기술,"1. 본인이 지원한 직무관련 지원동기와 역량에 대하여 1000자
Guide> 해당 직무의 지원동기를 포함하여, 직무관련 본인이 보유한 강점과 보완점을 사례를 통하여 구체적으로 기술해주시기 바랍니다.

지난여름, 휘센 제습기를 구매하였습니다. 장마철만 되면 곰팡이 걱정을 하며 습하고 불쾌한 여름을 버텨왔습니다. 제습기는 그런 저의 삶의 질을 높여주었습니다. 뽀송뽀송한 여름을 날 수 있다는 것을 알게 되었고, 비염을 달고 살던 제가 미세먼지로부터 벗어나 쾌적하게 생활할 수 있었습니다. 제가 가진 재료 기계 분야의 지식으로 새로운 제품을 개발하여 사람들의 삶의 질을 높여주는, 가치 있는 일을 하고 싶다는 비전을 담아 세계 1위의 공조, 에너지 솔루션 회사 LG전자의 H&A사업부 R&D기구 직무에 지원하였습니다.

제품에 대한 이해와 설계 능력은 R&D기구 직무의 기본이라고 생각합니다. 학부 과정 중 다양한 팀 프로젝트를 진행하며 설계 능력을 기를 수 있었습니다.
‘미니 에어컨’을 만드는 팀 설계 과제를 수행한 적이 있습니다. 작고 가벼운 에어컨을 만드는 것이 핵심이었기에, 열전소자를 활용하면 어떨까 생각했습니다. 펠티에 효과를 활용하여 흡열부의 냉각된 공기를 흘려보내고, 발열부의 열을 제거하는 공랭식 에어컨을 설계하였습니다. 냉매를 응축할 필요가 없기 때문에 실외기가 필요하지 않았습니다. 하지만 열전소자가 큰 효율을 내지 못하였고, 이를 해결하기 위해 발열부의 열을 효과적으로 제거하는 방법을 고민하였습니다. 발열부에 서멀그리스로 방열판과 쿨링펜을 부착하여 열전도를 높이고 보온재로 냉기를 보존하여, 공기를 더 차갑게 만들 수 있었습니다. 카티아로 에어컨의 외부 디자인을 구성하고 3D프린터로 출력하여 조립한 끝에 성공적으로 설계를 수행하여 좋은 평가를 받았습니다.
이러한 경험을 통해 에어컨의 원리와 구조에 대해 자세히 알게 되었고 설계능력을 길렀습니다. 또한, 조원들과 함께 효율을 높이기 위한 문제를 해결하면서 협동심을 기를 수 있었습니다. LG전자에 입사하여 H&A R&D기구 직무를 수행하면서 부서원들과 협업하고 제가 가진 역량을 최대한 발휘하여 공동목표를 이루기 위해 노력하겠습니다.
글자수 956자   |   2337Byte
접기"
2017년 하반기 LG전자 합격자 자기소개서 07 지원분야 | 일반영업,"1. [My Competence] 본인이 지원한 직무관련 지원동기와 역량에 대하여 Guide> 해당 직무의 지원동기를 포함하여, 직무관련 본인이 보유한 강점과 보완점을 사례를 통하여 구체적으로 기술해주시기 바랍니다.(500자 ~ 1000자)
효율적 분석능력과 글로벌 역량을 바탕으로 LG전자 리스크 관리 전문가로 성장하기 위해 지원했습니다. LG전자는 시그니처 제품군을 필두로 여러 국내외 사업을 전개하는 만큼 다양한 리스크 관리 및 리텐션 확장 전략이 중요합니다. 영업 담당자로서 리텐션에 가치를 둔 리스크 관리자로 성장하여 전사 매출 향상에 기여하겠습니다.

[COMPETENCE 1: 관계 기반의 글로벌 커뮤니케이션]
영업에 있어 거래처 확보에 필수인 관계에 기반을 둔 글로벌 커뮤니케이션 역량을 길렀습니다. 우선 국제학교에서의 청소년기를 통해 존중과 이해를 바탕으로 한 커뮤니케이션 자세를 키웠습니다. 또한 3년간 영자신문사 활동으로 관계를 시작, 유지, 확장하는 방법을 터득했습니다. 이를 바탕으로 OO 청년인턴으로서 바이어의 니즈를 지속적으로 파악해 사업을 보완했으며 이에 많은 고객들이 만족하여 추후 사업들에도 계속 참가하는 결과를 얻었습니다.

[COMPETENCE 2: 효율적 분석/유의미한 통계/효과적 전달]
OO에서 '한국의 중국사업'을 조사하며 자원을 통해 효율적으로 분석하고 유의미한 통계를 도출해 적합한 수단으로 전달했습니다. 당시 부족한 중국어로 인한 정보수집 한계를 인적자원과 현장조사로 극복했습니다. 우선 전문가 인터뷰로 한국기업들이 의외로 중국 온라인 시장에서 부진하다는 정보를 얻었습니다. OOO 현장조사에서는 공통 관심사인 화장품으로 고객과 친밀도를 쌓아 언어를 보완하고 유의미한 답변을 얻었습니다. 또한 타국 학생들을 고려해 사진을 활용한 보고서와 프레젠테이션에 담당자님은 ""정확한 정보와 청자를 고려한 점""을 칭찬하셨습니다.

[WEAKNESS: 영업 분석/재적용의 능숙함 부족]
다양한 활동에도 불구하고 기획, 영업 통계 분석과 재적용 등 영업 실무 경험이 다소 부족합니다. 따라서 영업 프로세스에 대해 이론적, 실무적 보완이 필요합니다. LG전자에 입사 후 능동적으로 영업 프로세스에 개입하겠습니다. 적극적인 배움으로 영업 이론과 실무를 배우고 이해하여 역량을 발휘하겠습니다.
글자수 996자   |   2400Byte
접기"
2017년 하반기 LG전자 합격자 자기소개서 08 지원분야 | 기계·기구설계,"1. 본인이 지원한 직무관련 지원동기와 역량에 대하여 [500자 ~ 1000자]
"" Honeywell Analytics 기구설계 인턴과정을 통한 실무경험 ""

기계적인 사고 능력을 통하여 제품설계 및 분석을 해야 하는 ""조선해양종합설계"" 라는 학부 과목을 수강하였었습니다.
여러 가지 방법으로 최소 단면적을 구하려 고민하였고 CAD 프로그램을 통하여 설계하며 문제점을 보완하는 과정을 여러 번 거쳐 최적화된 결과를 얻으려 노력하였습니다. 그 과정에서 많은 흥미를 느껴 기구설계라는 직무로 방향성을 가지게 되었고 LG전자 HA사업부의 기구설계는 최고의 제품을 설계하고 개발하여 매년 최고의 제품을 출시하며 LG전자의 발전에 크게 이바지하는 만큼 제게는 큰 선망의 대상이 되었습니다.
저는 학부과정 동안 배운 기본적인 역학지식과 설계 프로그램의 경험들을 바탕으로 나라에서 지원하는 AUTOCAD와 SOLID WORKS를 강의를 통하여 2D, 3D 설계 역량을 향상 시켰습니다.
그 후 실무적인 능력향상을 위하여 Honeywell Analytics의 기구설계 인턴을 하며 여러 가지 업무능력을 익히고 있습니다.
인턴을 하면서 제가 생각했던 기구설계 직무는 빙산의 일각이라고 생각하게 되었습니다.
단순히 설계만 할 줄 알았던 기구설계팀이 제품의 재료를 고려하였고, 수많은 테스트를 통하여 제품의 질을 향상하며, 지속적인 금형 수정을 통하여 최적화된 제품을 만들려고 노력하며 다른 부서 동료들과 끊임없이 소통을 통하여 피드백하였습니다.
저는 SCBA 프로젝트를 진행하면서 인증도면 BOM 작성, 각 시료의 IP Test, Durability Test, Drop Test를 진행하였고 도면 수정을 하며 직무 관련 역량을 키우며 동료들과 소통하는 능력을 키우려 노력하고 있습니다.
이러한 경험들은 과거 LG Honeywell이었던 만큼 LG전자 HA 기구설계팀에 입사한다면 직무에 대한 빠른 프로세스 이해를 통하여 업무 적응에 있어 많은 도움이 될 수 있다고 생각합니다.
열정적인 인재가 되겠습니다.
글자수 958자   |   2178Byte
접기"
2017년 하반기 LG전자 합격자 자기소개서 09 지원분야 | 기계·기구설계,"1. 본인이 지원한 직무관련 지원동기와 역량에 대하여 1000자
Guide> 해당 직무의 지원동기를 포함하여, 직무관련 본인이 보유한 강점과 보완점을 사례를 통하여 구체적으로 기술해주시기 바랍니다.
[설계의 딜레마]
모순적이게도 설계가 가지는 딜레마를 경험하며 기구설계의 매력을 느꼈습니다.
종합설계 과목을 수강하며 선체 중앙부의 최적 설계 프로젝트를 통해 안전성과 경제성 두 가지를 만족하는 설계를 해야 했습니다. 하지만, 안전성을 위해 보강재를 많이 사용하면 경제성이 떨어지는 문제를 보였고, 보강재를 줄이면 안전성을 통과하지 못했습니다. 저는 과제를 수행하며 무엇을 우선순위로 두는지에 따라 결과가 크게 달라지며 이를 판단하는 몫은 엔지니어에게 있다는 것을 배웠습니다. 이처럼 설계가 가지는 딜레마를 경험하며 제품의 요소를 결정하는 기구설계 직무의 매력을 느낄 수 있었기에 LG전자 기구설계 직무에 지원하였습니다.

[테스트부터 사출까지]
저는 1X년 X월부터 OOOO 기구설계팀에서 인턴으로 근무하며 제품개발 프로세스를 배우고 직무역량을 강화하고 있습니다.
현재 휴대용 가스검출기 제작 프로젝트에서 IP, Drop 등의 DV 테스트, 리뷰 보고서 작성, 설계 수정 업무를 맡고 있습니다.
지난달, IP 테스트를 진행하던 중 방진 관련 이슈가 발생했고 이를 해결했던 경험이 있습니다.

제가 문제점을 분석하기 위해 가장 먼저 실시한 것은 실물과 도면상의 치수 비교입니다.
버니어 캘리퍼스와 비전미터를 사용하여 허용공차를 적용한 치수와 실물간의 오차가 없는지 검토했고, 이 과정에서 문제점을 발견했습니다. 도면상에는 러버 치수의 20% 오버랩을 통한 Sealing으로 설계됐지만 실제로는 마이너스공차로 인해 오버랩이 적용되지 않던 것입니다.
저는 캐드작업을 통해 리브의 치수를 조정하고 목업을 제작한 후에 테스트를 진행하여 이슈를 해결할 수 있었습니다. 또한, Tool 체크리스트 작성을 통해 금형을 수정했고 이 과정에서 사출금형 업체를 방문하여 기구설계에서 필수적인 사출금형의 프로세스를 배울 수 있었습니다.

학업에선 배우기 힘든 기구팀의 실제 업무와 개발프로세스를 배울 수 있었던 경험을 통해 팀에 빠르게 적응하고 힘을 보탤 수 있는 신입사원이 되겠습니다.
글자수 994자   |   2410Byte
접기"
2017년 하반기 LG전자 합격자 자기소개서 10 지원분야 | 생산관리·품질관리,"1. [My Competence] 본인이 지원한 직무관련 지원동기와 역량에 대하여
Guide> 해당 직무의 지원동기를 포함하여, 직무관련 본인이 보유한 강점과 보완점을 사례를 통하여 구체적으로 기술해주시기 바랍니다.(500자 ~ 1000자)
생산성을 향상하면서 우수한 품질과 신뢰성을 유지하기 위해서는 최적화된 자동화 공정기술이 요구된다고 생각합니다. 스마트공장의 보급이 확대되는 시점에서 생산에 대한 이해도를 가지고, 메카트로닉스 지식을 함양하기 위한 노력이 LG전자만의 생산시스템을 개발하고, 현장에 적응하는 데 큰 도움이 될 것입니다.

[생산에 대한 이해도]
동아리 로켓 제작 과정에서 생산성 향상을 위해 고민하고, 실천한 경험에서 전반적인 생산에 대한 이해도를 가질 수 있었습니다. 한 달간의 시간 동안 로켓 발사대회에 참여하기 위해 3대의 로켓을 제작해야 했습니다. 원하는 스펙에 맞는 로켓을 설계하고 필요한 부품들을 CATIA로 도면 제작과 모델링을 한 뒤, 설계가 끝난 부품을 용도에 맞는 재료로 선정했습니다. 이를 가공하기 위한 치공구들을 CAD/CAM에서 배운 치공구선정법을 통해 선정 및 구매했습니다. 그러나 동아리의 낡은 공작기구들로는 설계한 부품들을 시간 내에 모두 제작하기가 어려웠습니다. 따라서 각 로켓의 개성을 포기하는 대신, 기간 내 제작 완료로 목표를 변경했습니다. 기존에 제작했던 도면을 ens Tool에 사용해 CNC 코드를 생성시켰습니다. 생성한 코드를 교내 실습지원실의 CNC에 적용해 구매했던 재료들을 가공했고, 만족스러운 품질의 부품을 제작할 수 있었습니다. 제작한 부품들은 손쉽게 조립할 수 있었고 대회 당일까지 3일을 남기고 3대의 로켓을 모두 제작할 수 있었습니다.

[메카트로닉스 융합 인재]
기계제작법에서 자동화 공정에 대한 개요를 숙지했으며 이를 구현하기 위한 제어시스템과 메카트로닉스 분야에서의 역량을 길러왔습니다. 자동제어, 제어시스템설계를 수강하면서 원하는 Spec에 맞는 PID 제어기를 설계한 경험이 있습니다. 종합설계 프로젝트에서는 MCU를 활용하여 필요한 전자회로를 구축하고, PD 제어기를 구현시켜 2축 자세제어 Quadcopter를 제작했습니다. 또한, 인턴경험 도중 Pixhawk를 사용하여 군집비행을 위한 쿼드콥터를 제작한 경험도 가지고 있습니다.
글자수 1000자   |   2384Byte
접기"
2017년 하반기 LG전자 합격자 자기소개서 11 지원분야 | 생산관리·품질관리,"1. 본인이 지원한 직무관련 지원동기와 역량에 대하여 [500 - 1000자]
[제품 경쟁력은 가공기술로부터]
고부가가치 제품이 요구하는 디자인과 기능을 구현하기 위해 플라스틱 가공기술을 개발하겠습니다. 석사과정으로 사출성형을 전공하면서 고분자 가공 관련 경험을 쌓았습니다. 소재가 가공 중에 장비 내에서 어떤 과정을 겪는지를 인지하고 제품을 설계하는 것과 그렇지 못한 것에는 큰 차이가 있기 때문에 공정 모니터링을 통한 제조기술의 혁신이 필요하다고 생
각합니다.
LG전자도 원료를 수입하여 단순히 가공하는 양적 성장 단계를 벗어나 고부가 가치 제품
위주의 질적 성장을 이루고 있습니다. 특히 경쟁사보다 뛰어난 품질의 제품을 균일하고 저렴하게 생산하여 경쟁력을 확보하고 있으며, 이를 위해 가공기술의 혁신 R&D에 많은 투자를 하고 있습니다. 핫 러너를 비롯한 다양한 사출성형 공법을 적용하여 품질을 개선시키기도 했습니다.
이처럼 생산기술원 Production R&D에서 함께 고분자 가공기술을 개발하고 가치를 실현하고자 지원하게 되었습니다.

[사출성형 공정 모니터링을 위한 센서 설계]
대학원 과정 중 유변학 프로젝트를 진행하면서 금형 내 수지 거동을 분석했습니다. 선행
연구 내용을 참고하여 Cross-WLF 점도 모델로부터 유도된 플래시 길이와 실제 실험에서의
플래시 길이를 비교했습니다. 플래시 길이 계산식에서 주요 인자는 최대 캐비티 압력이기에
금형 내에 압력센서를 설치했고, 사출하면서 얻은 압력 데이터를 이용해 플래시와 캐비티
내압과의 연관성을 분석했습니다.
또한 졸업연구에서 형체압과 캐비티 내압 측정을 할 수 있는 금형 내부 장착용 센서를 개발했습니다. 이미 다양한 연구에서 금형 내압 센서를 이용하여 금형 내부 압력을 측정했지만, 상용되고 있는 압력센서는 매우 높은 가격이고, 설치 시 금형 가공의 어려움으로 인해
중대형 금형의 경우엔 다수의 센서를 설치하기가 어려운 상황입니다. 기존 압력센서 대비
설치의 용이성을 높이고 간단한 구조로 설계하기 위해 이젝터핀을 통해 전달되는 금형 내압을 측정하는 로드셀을 개발했습니다.
글자수 986자   |   2414Byte
접기"
2017년 하반기 LG전자 합격자 자기소개서 12 지원분야 | HW(하드웨어),"1. 본인이 지원한 직무관련 지원동기와 역량에 대하여 [500자 ~ 1000자]
[직무 지원동기 : 전기전자가 자동차의 미래다]

전기전자공학도로서, 자율주행과 ADAS, FCV, xEV 등 자동차의 미래가 전기전자분야에 있다고 생각하기 때문입니다. 자동차에 적용되는 전자기술 비중이 날로 커지기 때문에 차량 내 모든 시스템에 대한 전기전자부품, 즉 전장사업이 핵심이라고 생각되었습니다. 전장사업에서 선두를 달리고 있는 vc사업본부에서 최고의 기술, 인력과 함께 성장하고자 지원하게 되었습니다.

[직무에 적합하다고 판단하는 이유]

첫 번째로 저의 전공기초능력을 다양한 응용분야에 적용하는 능력입니다. 전자기학, 회로이론 등 각종 응용분야의 밑거름이 되는 기초전공에 많은 시간을 할애하고 있습니다. 특히 자동차 관련 기술 이슈들을 접할 때 관련 기초 전공들을 최대한 이용해보는 습관이 있습니다. 예를 들어 BLDC 모터를 이해하기 위해 회로이론의 3상전력, 반도체소자의 트랜지스터에 대한 지식을 활용하여 보다 수월하게 접근할 수 있었습니다.
두 번째로 자동차에 대한 이해도입니다. 자동차 분야로 진출하고자 평소 파워트레인, ISO26262, 섀시 시스템, 제어시스템에 대한 공부와 관심을 게을리하지 않았습니다. 차량에 대한 전반적인 이해는 vc사업본부 지원자에게 필수적으로 요구된다고 생각했기 때문입니다.
세 번째로 자동차에 대한 관심도입니다. 커리어패스를 자동차로 잡고 공부하던 와중에 OO협회에서 주관하는 자동차용 반도체 전문인력 양성 심화과정에 참여하여 교육을 이수한 적이 있습니다. 또한 automotive 관련 각종 국내외 매체들을 통하여 최신기술 및 관련이슈들을 스크랩하고 있습니다.
마지막으로 연구개발직으로서 가져야할 자질은 근성, 책임감, 소통능력, 협업능력이라고 생각합니다. 저는 수학문제가 풀리지 않으면 하루종일 그것만 생각할 정도로 근성이 있습니다. 또한 각종 아르바이트 경험을 통해 작은 일이라도 끝까지 해내는 책임감을 지녔습니다. 그리고 아르바이트와 수많은 협업프로젝트로 소통능력, 협업능력을 키워왔습니다.
글자수 980자   |   2380Byte
접기"
2017년 하반기 LG디스플레이 합격자 자기소개서 05 지원분야 | 연구·실험·기술,"1. 해당 회사 및 직무에 지원하는 동기에 대해 기술해 주십시오.(1000자)
( 성격장단점, 직무에 관련된 경험 및 역량, 관심사항, 개인의 목표 및 비전 등 자신을 어필할 수 있는 내용을 기반으로 자유롭게 기술하시기 바랍니다.)
[미래지향적인 환경 전문가]
미래의 산업발전과 친환경 경영의 균형을 맞추는 LG디스플레이의 환경 전문가로 최선의 선택을 하고 싶습니다. ‘현재에 최선을 다하라.’라는 말이 있지만, 미래에 대한 준비 없는 최선은 차선이라고 생각합니다. 올해 출시된 TV 디스플레이는 유해물질 저감, 자원 효율성, 재활용성 등 친환경 요소를 평가한 결과 업계 최초로 글로벌 친환경 인증기관인 SGS로부터 친환경 인증을 획득했습니다. 저는 분석경험과 환경공학적 전문지식을 바탕으로 완전한 환경관리를 수행하며 LG디스플레이의 성장을 뒷받침하고 싶습니다. 이를 위해 세 가지 역량을 키웠습니다.

첫째, GC-MS, ICP-MS 등 분석기기 경험이 있습니다. 제품개발 공정상에 발생할 수 있는 화학물질을 분석해 문제를 파악하겠습니다.
둘째, ‘환경’이란 큰 틀 안에 정책, 경제, 예측모델링 등 다방면의 전문지식을 공부했습니다. 이를 바탕으로 LG디스플레이 환경관리의 멀티플레이어가 되겠습니다.
셋째, R, SPSS 및 프로그래밍을 통한 데이터 분석력을 갖추었습니다. 시뮬레이션을 통해 화학사고 및 공정상 노출경로를 예측하고 대비하는 전문가가 되겠습니다.

[지피지기(知彼知己) in Global]
환경 직무는 LG디스플레이의 모든 공정 분야의 근간으로 세계시장의 친환경 트렌드를 파악하는 것이 필요합니다. ‘지피지기면 백전백승’이라는 말처럼, 발전을 도모하기 위해서는 나를 아는 것이 우선입니다. 저는 세계 속 현 위치를 파악하고자 노력한 경험이 있습니다. 환경 내 화학물질들의 노출 및 독성평가에서, 제 연구가 가지는 의미와 발전 방향을 알고자 국제학회를 신청했습니다. 연구계획서 심사 끝에 연구비를 지원받아 학회에 참석할 수 있었고, 스위스, 미국, 독일 등 다양한 국적의 연구진을 만나 의견을 들을 수 있었습니다. 이를 제 연구에 반영했고, 한 층 더 발전한 논문을 제출할 수 있었습니다. 경험으로 얻은 지피지기의 신념으로 친환경 공정기술 및 관리 방향을 세계 속에서 찾을 줄 아는 사원이 되겠습니다.
글자수 1000자   |   2396Byte
접기"
2017년 하반기 LG화학 합격자 자기소개서 02 지원분야 | 연구·실험·기술,"1. 자신의 성장과정 및 개인 특성, 장점 중심으로 기술하시오. (1000자)
[자기자신에게 부끄럽지 않은 사람이 되자]
저희집 가훈이자 제 좌우명이기도 한 문장입니다. 학부시절 수업 레포트를 고민하다 인터넷에 나와 있는 레포트를 그대로 베껴 쓴 적이 있습니다. 제 점수는 잘 나왔지만 친구들은 며칠을 밤새 고민하며 썼지만 점수가 좋지 않다며 힘들어 하였습니다. 그 친구들 위로해주며 제 자신이 너무 부끄러웠습니다. 그때 이 문장을 떠올리며 반성하고 교수님께 사실대로 말씀드려 결국 재수강을 해야 되는 점수를 받았습니다. 이 경험을 바탕으로 이 문장을 좌우명으로 여기며 제 자신에게 부끄럽지 않은 사람이 되기 위하여 정직하게 될 수 있도록 항상 맡은 일에 책임을 다하였습니다.
대학원 석사 과정동안 제가 맡은 연구는 고체전해질의 합성이었습니다. OOO와의 공동연구실 과제에서 주간보고를 준비하다가 제가 실수를 한 부분을 발견하였습니다. 선배는 저를 위로하며 실수한 부분을 숨기고 보고하고 다음 실험 계획을 수정하자고 하였습니다. 하지만 저는 이렇게 숨기는 부분이 있게 되면 공동연구실을 하고 있는 OOO와 연구실 사이에 의심과 오해가 생길 수 있다고 생각하였습니다. 그래서 실수한 부분에 대해 직접 책임연구원과 통화를 하여 사과를 드리고 바로 다시 실험을 진행하였습니다. 새벽시간과 주말을 이용하여 다시 실험을 하여 전체 실험계획에는 차질이 없도록 하였습니다. 이 사건을 계기로 OOO에서는 저와 저희 연구실을 더 신뢰하게 되었고 좋지 않은 결과에 대해 의심을 하기 보다는 회의를 통해 해결방안, 새로운 연구방향을 논의하게 되었습니다. 그 결과 연구에 속도를 낼 수 있었고 연차목표를 조기달성하게 되었습니다.
이처럼 정직함은 신뢰를 쌓이게 하고 서로 소통하여 협력할 수 있도록 하는 힘이 있습니다. LG화학에 입사해서도 정직하게 제가 맡은 역할을 책임지고 수행하며 숨기는 것 없이 소통하여 동료와 협력하여 시너지효과를 낼 수 있도록 하겠습니다.
글자수 936자   |   2298Byte
접기"
2017년 하반기 LG화학 합격자 자기소개서 03 지원분야 | 생산관리·품질관리,"1. 자신의 성장과정 및 개인 특성, 장점 중심으로 기술해주시기 바랍니다. (1000자)
[도서관 요정]
다른 사람에게 뒤처지는 것이 싫었습니다. 학기마다 결과로 공시되는 학점은 저를 더 노력하게 만들었습니다. 대학생활의 많은 부분을 도서관에서 보내며 OOO이라는 별명을 얻기도 했습니다. 도서관 열람실에는 제가 항상 앉는 자리가 있었고 주변 친구들은 모르는 것을 물으러 제 자리를 찾아왔었습니다. 남들에게 설명하기 위해 더 확실히 내용들을 이해하여야 했고 이는 저를 학업에 더욱더 매진할 수 있도록 도왔습니다. 이러한 학습습관은 지금의 저에게 무언가에 몰두하여 일을 진행할 수 있는 끈기를 주었다고 생각합니다. 이러한 끈기로 아직 정형화되지 않은 배터리 생산공정을 발전시키고 생산과정이 각형 배터리에 비해 어려운 Pouch형 배터리를 안정적으로 생산하는 기술을 만드는 데 일조하겠습니다.

[장애물을 피해 가지 않겠습니다]
OOO공학회에서 주최한 공정설계 경진대회에 참가한 것이 저에게 많은 영향을 끼쳤습니다. 교내의 공정설계, 공장설계 프로젝트에서는 공정을 시뮬레이션하는 것이 전부였다면 이번 경진대회는 시뮬레이션뿐 아니라 경제성과 기술 개발 계획과 같이 방대한 양을 보고서에 담아야 했습니다. 시뮬레이션하는 것은 어렵지 않게 완성할 수 있었지만, 경제성을 평가하고 개발 계획을 세우는 것은 해본 적이 없어 큰 산처럼 느껴졌습니다. 특히, 장치의 가격을 정하는 과정이 쉽지 않았습니다. 열교환기나 펌프의 경우 열교환면적이나 Capacity로 계산할 수 있었지만 다른 장치들은 계산을 통해 구하기 어려웠습니다. 방법을 고민하다 밤을 새워가며 설계한 공정과 유사한 공정에 대한 논문들을 찾았고 비슷한 장치들을 조사해 근사적으로 가격을 정하였습니다. 이런 다양한 방식으로 기한 내에 보고서를 제출할 수 있었고 달성하지 못할 것 같은 일을 할 수 있다는 자신감을 얻었습니다. 배터리에 대해 연구될 분야가 많은 만큼 해결하기 어려운 큰 산 같은 문제들이 나타날 수 있습니다. 그러한 문제들을 피해 가는 것이 아닌 다양한 시각, 방식으로 해결해 나가겠습니다.
글자수 988자   |   2420Byte
접기"
2017년 하반기 LG화학 합격자 자기소개서 04 지원분야 | 생산관리·품질관리,"1. 자신의 성장과정 및 개인 특성, 장점 중심으로 기술해주시기 바랍니다.
[꿈(★)은 이루어진다.]
대학교 때 가졌던 꿈이 하나 있습니다. '학과 수석'과 'All A+달성'의 목표였습니다. 학과 수석을 한 사람은 봤지만, All A+를 달성한 사람은 보지 못했습니다. 다른 사람이 쉽게 못 하는 일을 해냈을 때의 성취감을 느껴보고 싶어 구체적인 계획을 수립하고 실천하였습니다.

세부적으로 4주간의 학습계획을 일주일 단위로 작성하였습니다. 매주 일요일에 계획이 실행되었는지 확인하고 부족했던 부분은 다음 주 계획을 세울 때 더 많은 시간 투자를 하였습니다. 철저한 계획과 실행으로 2학년 2학기 All A+의 목표를 달성하면서 짜릿한 성취감을 느꼈습니다. 또한, 현재 학과 수석 졸업 예정에 있습니다.

하지만 시간 관리 부족으로 목표에 미치지 못한 적도 있었습니다. 3학년이 되면서 전공 공부와 대외활동을 병행하면서 시간 관리의 부족함을 느꼈습니다. 이는 '전공 학점 목표 미달성'이라는 결과로 나타났고 저 자신에 대한 실망과 질타를 많이 하였습니다. 지나간 일은 바뀌지 않기 때문에 계속 낙담하지 않고 이를 극복하기 위해 계획을 수립하였습니다. '목표 미달성'이라는 문제점의 핵심 인자를 '시간 관리'로 설정하고 '학습과 대외활동의 시간 조절'과 '선택과 집중'이라는 대안을 수립/적용하여 4학년 1학기 때, 직전 학기보다 성적이 향상되는 결과를 얻었습니다. 이를 통해 '모든 일은 체계적으로 실행했을 때 최상의 결과를 얻을 수 있다.'는 것을 배웠습니다.

또한, 교내 중앙동아리 회장과 학과 학년대표, 창업 프로그램 팀 프로젝트 경험을 통해 원활한 커뮤니케이션과 협업의 중요성을 깨달았습니다. LG화학에 입사하게 된다면 업무에 필요한 계획 수립에 있어 부족한 부분에 대한 체계적인 분석과 개선활동을 펼치고 현장의 근로자분들, 유관부서와의 원활한 커뮤니케이션능력을 발휘하여 경쟁력 확보에 힘쓰겠습니다.
글자수 918자   |   2194Byte
접기"
2017년 하반기 LG화학 합격자 자기소개서 01 지원분야 | 제품개발,"1. 자신의 성장과정 및 개인 특성, 장점을 중심으로 기술하여 주시기 바랍니다.
Guide> 성장과정, 본인의 특성 및 성격(장/단점)을 자유롭게 기술해주시기 바랍니다. 1000자
어렸을 때부터 저는 항상 도전하는 삶을 살아왔습니다. 저는 학생으로서 기본적인 학업에 대한 노력 외에도 특공무술, 육상, 펜싱 등의 다양한 대회에 참여하여 땀의 가치를 알게 되었고, 미술 전시회 및 봉사 활동 등을 통해 새로운 분야를 경험하고 배움으로써 다양한 분야에 대한 식견을 넓혀왔습니다. 새로운 분야에서의 경험은 저를 도전에 두려워하지 않는 사람으로 만들어주었습니다.
[끊임없는 노력]
도전은 항상 노력하는 자세를 갖추게 하였습니다. 대학원생 시절, 학부 기간에 배우던 반도체를 기반으로 새로운 연구에 도전하였습니다. 저의 연구실에서는 처음 시도하는 분야라서 모르는 것이 많았지만 실패 속에서도 배울 수 있을 것이라는 믿음과 성공에 대한 자신감을 통해 연구에 최선을 다 했습니다. 도전에 대한 결실을 맺기 위해 관련 서적을 꾸준히 읽었고, 밤을 새워가며 조건 및 반복실험을 하였습니다. 끊임없는 노력의 결과, 새로운 기업 과제를 진행할 수 있었고, 다양한 수상 실적과 논문 게재 등의 성과를 얻을 수 있었습니다. 변화를 두려워하지 않고 끊임없이 도전한다면 좋은 결과를 얻을 수 있음을 배웠습니다.
[배움의 가치]
도전은 저에게 열악한 상황 속에서도 배울 것이 있다는 믿음을 갖게 해주었습니다. 벽화 작업을 위한 봉사활동에 참여한 적이 있습니다. 한 여름의 무더운 야외에서 100미터가 넘는 방파제에 벽화 작업을 하는 것은 미술에 대한 감각과 많은 노동을 필요로 했습니다. 미술에 대해 많이 생소했지만 가장 기초가 되는 밑그림부터 페인트로 채색하는 방법까지 배우려고 적극적으로 노력했습니다. 저의 손으로 인해 완성되어 가는 벽화들을 보며 뿌듯했습니다. 벽화 작업이 끝난 후 저는 미술 동아리에 가입하여 지속적으로 미술 활동에 참여하였고, 새로운 취미를 갖게 되었습니다. 다양한 분야의 도전을 통해 새로운 것을 배우려는 자세는 개인적인 생활의 원동력이 되었고, 스스로의 가치를 높이는 것임을 알게 되었습니다.
글자수 963자   |   2357Byte
접기"
2017년 하반기 SK가스 합격자 자기소개서 01 지원분야 | 해외영업·무역영업,"1. 자발적으로 최고 수준의 목표를 세우고 끈질기게 성취한 경험에 대해 서술해 주십시오.
(본인이 설정한 목표/ 목표의 수립 과정/ 처음에 생각했던 목표 달성 가능성/ 수행 과정에서 부딪힌 장애물 및 그 때의 감정(생각)/ 목표 달성을 위한 구체적 노력/ 실제 결과/ 경험의 진실성을 증명할 수 있는 근거가 잘 드러나도록 기술)
[무역전문가로 나아가는 길, Trade Manager 양성사업]
작년 여름, OO협회에서 주최한 'OO청년 Trade Manager 양성과정'을 이수했습니다. 강의계획서를 보니 온라인 강의 94시간, 현장강의 224시간을 들어야 했기에 부담감이 앞섰지만, 출석률 100%를 목표로 프로그램에 적극적으로 임했습니다. 두 시간 거리의 수업 장소, 에어컨도 되지 않는 열악한 환경, 9시부터 5시까지 꽉 찬 수업이었기 때문에 포기하고 싶은 순간이 한두 번도 아니었습니다. 하지만 무역업에 대한 기초 지식뿐만 아니라 실무 관련 체험도 할 수 있는 체계적인 수업이었기에 마음을 다잡고 학업에 충실했습니다. 구체적으로 전시컨벤션, 무역운송, 무역계약, 외환 금융, 해외마케팅, 수출입 대금결제 등 무역 업무와 관련한 전반적인 주제들을 배웠습니다. 선적서류, 신용장, 계약서 등 서류들을 직접 볼 수 있었고 업무를 간접 체험해 볼 수 있었습니다.
글자수 466자   |   1070Byte
접기"
2017년 하반기 SK이노베이션 합격자 자기소개서 01 지원분야 | 연구·실험·기술,"1. 자발적으로 최고 수준의 목표를 세우고 끈질기게 성취한 경험에 대해 서술해 주십시오. (본인이 설정한 목표/ 목표의 수립 과정/ 처음에 생각했던 목표 달성 가능성/ 수행 과정에서 부딪힌 장애물 및 그 때의 감정(생각)/ 목표 달성을 위한 구체적 노력/ 실제 결과/ 경험의 진실성을 증명할 수 있는 근거가 잘 드러나도록 기술)
(700~1000 자 10 단락 이내)
까다로운 실험도 끈기로 결과를 만들겠습니다.

Na 이온 전지의 하드카본 Coin half cell(CHC) 방전 profile에서 cut-off 전압에 도달하지 못하여 방전이 끝나지 않는 현상이 발생했습니다. 그 원인이 Na metal에 있다고 여기고 확인을 위해 RRDE 실험을 랩에서 처음으로 계획했습니다. 실험하는데 3가지 문제가 있었습니다.

첫째, RRDE 세팅 전이었기에 다른 랩에서 코팅하여 사용 중인 전극과 장비를 어쩔 수 없이 사용했습니다. 관리가 불량하여 rotating 장비는 수리하고 전극은 ferri/ferrocyanide 수용액으로 CV-CA 결과를 통해 깨끗이 세척된 것을 확인 후 실험했습니다.

둘째, Na metal이 기준전극이지만 potentiostat과 연결문제로 glovebox 안에서 실험할 수 없었습니다. 외기에서 Cell에 Ar퍼징하며 실험했지만, CV에서 redox 반응이 보이지 않았습니다. Na metal 산화로 판단하여 Vycor glass holder에 Na metal을 넣고 전해액을 채워 기준전극을 만들었습니다. 시간이 지나도 기준전극이 보존되어 redox 반응이 나타나고 재현성도 확보했습니다.

셋째, 실험결과와 비교할 논문을 찾기 어려웠습니다. Li 하드카본 CHC는 방전 profile에서 문제가 없었기 때문에 Li 전해액에서 같은 실험을 하여 Na와 비교했습니다. 실험 직후 전해액 내에 금속 particle이 관찰된 전류를 비교했을 때 Li보다 Na 전해액에서 dendrite가 더 잘 형성될 수 있다는 가능성을 발견했습니다. 이를 토대로 방전이 끝나지 않는 원인이 Na이온 전착과정에서 생기는 dendrite로 생각하고 Optical Microscopy 실험을 계획하여 확인할 수 있었습니다.
SK 이노베이션에서도 복잡한 실험을 맡아 어려움이 계속 생겨도 끈기를 가지고 결과를 내겠습니다. 이런 과정을 통해 전해액 분야의 전문성을 키우고 향후 셀 전체를 아우르는 전문가가 되고 싶습니다.
글자수 988자   |   2066Byte
접기"
2017년 하반기 SK케미칼 합격자 자기소개서 01 지원분야 | QAA·통화품질,"1. 자신에게 주어졌던 일 중 가장 어려웠던 경험. 하게 된 이유와 그때 느꼈던 감정, 진행하면서 가장 어려웠던 점과 극복하기 위해 했던 행동과 생각, 결과에 대해 구체적으로 작성.
첫 해외여행을 가기 위한 여비를 마련하고자 호텔에서 아르바이트했을 때, 항상 웃는 얼굴로 사람을 대해야 하고 심지어 불평하는 손님들에게도 미소를 잃지 않아야 하는 상황은 평소 낯을 가리고 조용한 성격이었던 제게 큰 어려움이자 도전으로 다가왔습니다.
여비를 마련하기 위해서는 아르바이트 기회를 놓칠 수 없었기에 `내가 어떻게 변화할 수 있을까`에 대해 생각하기 시작했습니다. 그리고 며칠간 고민한 결과, `손님을 이웃 주민처럼 생각하자`고 다짐하였습니다. 동네의 이웃을 보면 항상 반갑게 인사하며 지내왔기 때문에, 낯선 손님을 대할 때 이 동네에 이사 온 이웃 주민이 라고 생각하면 웃으며 인사하고 주문을 받는 것이 쉬울 것이라 생각했기 때문입니다. 그러나 처음부터 마음먹은 것처럼 잘되진 않았습니다. 손님들 앞에서 웃는 표정이 많이 어색해 보이기도 했고 불만 가득한 손님을 응대할 때면 불편하면서 무섭기도 했습니다. 하지만 무뚝뚝한 이웃 어르신들도 제가 먼저 다가가서 웃으며 인사를 드렸을 때 부드럽게 인사를 받아주신 것을 생각하며 마인드컨트롤 하였고, 웃는 얼굴에 침 못 뱉는다는 말을 새기며 더욱 밝은 표정으로 정중히 불평을 들어주었습니다.
그렇게 생각과 행동을 바꾸고 일주일이 지나자 변화가 생겼습니다. 손님들을 대하는 것이 한결 편해졌고 지배인님은 제게 아르바이트를 많이 해봤었냐며 잘한다고 칭찬도 해 주셨습니다. 어떠한 상황에서도 마음가짐과 행동만으로도 긍정적인 변화를 끌어올 수 있다는 것을 깨닫게 되었습니다.
저는 SK플라즈마의 QA/QC 직무를 처음 수행하면서 맞닥뜨리게 되는 낯선 상황에서도 빠르게 적응할 수 있는 방법을 스스로 강구하고, 긍정적인 마인드와 행동을 바탕으로 업무를 완수할 것이라 확신합니다.
글자수 858자   |   2112Byte
접기"
2017년 하반기 SK텔레콤 합격자 자기소개서 01 지원분야 | 사업기획,"1. 자발적으로 최고 수준의 목표를 세우고 끈질기게 성취한 경험에 대해 서술해 주십시오.
[선택과 집중]
어렸을 때부터 저는 수학을 좋아했습니다. 그 때문에 자연스레 수학을 집중적으로 공부하는 과학고에 가겠다는 목표가 생겼습니다. 그러나 과학고에 입학하기 위해서는 고등학교수준의 수학, 과학 시험에 합격해야 했고, 과학고 입학시험까지 3개월만을 앞둔 상황에서 저는 고등학교 수준의 과학 문제를 풀 수 있는 실력이 아니었습니다. 결단이 필요한 시점이었습니다. 고민 끝에 학교 시험 기간에 과학고 입학 점수에 반영되는 국어, 영어, 수학, 과학만 공부하고 그 외의 과목을 공부할 시간은 과학 공부에 모조리 쏟아 부었습니다.
이는 부모님도 만류하실 만큼 과감한 결정이었지만, 이때 저는 ‘이렇게 공부하면 과학고에 갈 가능성이 있지만, 그렇지 않으면 절대 합격하지 못할 것’이라고 생각했기에 결정에 대한 한 치의 흔들림도 없었습니다. 다른 학생들이 학교 시험공부를 하느라 학원에 나오지 않는 3주 동안 저 혼자 학원에 나가 공부하며 모르는 부분은 과학 선생님을 붙잡고 집요하게 여쭸습니다. 이러한 필사적인 노력 끝에 결국 과학고에 합격할 수 있었습니다. 이 경험으로 저는 목표를 세우고 그 목표를 달성하기 위해 어떤 부분은 과감하게 포기할 수 있는, 이른바 “선택과 집중”의 중요성을 깨달았습니다.
글자수 619자   |   1516Byte
접기"
2017년 하반기 SK하이닉스 합격자 자기소개서 01 지원분야 | 공정엔지니어,"1. Q. 자발적으로 최고 수준의 목표를 세우고 끈질기게 성취한 경험에 대해 서술해 주십시오.
1) 먼저, 관련 대표 경험 2가지를 간략하게 작성해 주십시오. (각 50자 이내)
- 언제, 어디서, 어떤 일을 수행했던 경험인지 간략하게 기술할 것
① 1학년 때 3.0이었던 성적을 4.5만 점을 목표로 4.43으로 끌어올리기까지의 성취경험
② 저학년 때 다루기 어려워했던 Matlab 프로그램을 연습을 거듭해 완벽하게 익히게 된 경험
글자수 105자   |   233Byte
접기"
2017년 하반기 SK하이닉스 합격자 자기소개서 02 지원분야 | 반도체·디스플레이·LCD,"1. . 자발적으로 최고 수준의 목표를 세우고 끈질기게 성취한 경험에 대해 서술해 주십시오.
1) 먼저, 관련 대표 경험 2가지를 간략하게 작성해 주십시오. (각 50자 이내)
- 언제, 어디서, 어떤 일을 수행했던 경험인지 간략하게 기술할 것
① 강의가 가장 어렵다는 평을 받는 교수님의 반도체 공학을 2 학기에 걸쳐 수강하였고 우수한 성적을 받음
② 학부 때 회계학에 관심이 생겨 경제학과 전공과목인 일반회계와 원가계산 강의를 수강하였고 비전공자임에도 전체 1등이란 성적을 받음
글자수 132자   |   328Byte
접기"
2017년 하반기 SK하이닉스 합격자 자기소개서 03 지원분야 | 반도체·디스플레이·LCD,"1. 자발적으로 최고 수준의 목표를 세우고 끈질기게 성취한 경험에 대해 서술해 주십시오
전산장교로 임무수행 간 육본중앙감사단에게 보안감사를 받게 되었습니다. 사단의 전반적인 보안수준을 평가하는 것이었고, 그 중 전산보안 분야가 가장 큰 비중을 차지했습니다. 전산장교로 임무수행한지 2개월이 채 안되었었고, 사단훈련에 대한 전산지원업무 등으로 바쁜 일정을 소화하고 있었습니다. 보안감사 수검까지 주어진 시간은 1개월이었습니다. 비록 업무에 대한 완벽한 숙지를 한 것은 아니었지만, 사단의 중요한 감사였고 전산장교라는 직책으로서의 첫 도전으로 생각하였습니다. 2년 전 육본보안감사의 결과가 좋지 않았기 때문에 이번에는 꼭 전산보안 분야 ‘우수’ 달성을 목표로 준비를 시작했습니다. 먼저 전산과의 보안수준에 대한 전반적인 현황 및 지난 감사에서의 미흡사항을 파악하였고, 타 사단과 상급부대에 협조요청을 하여 보안감사와 관련 된 자료를 확보하였습니다. 전산보안 분야에서 조치해야 할 항목들은 너무나도 방대하였고, 담당관, 부서원들과 회의 끝에 계획을 수립하여 자신의 담당분야를 맡아 처리하기 시작했습니다. 현실적으로 조치할 수 있는 것들부터 빠르게 조치해나갔고, 보안감사 전까지 할 수 있는 항목들에 대해서는 세밀하게 파고들어 조치하였습니다. 시설측면에서 오랫동안 문과 잠금장치 없이 방치되어 있는 노후 된 랙장비와 같은 경우 보안적 측면에서 상당히 위험하지만 내부적으로는 당연하게 여기고 있었습니다. 이러한 눈에 보이지 않는 취약점을 찾아 해결해야 한다고 생각했습니다. 두꺼운 합판을 구해서 문과 같은 크기로 잘라 문을 만들고 쇠사슬을 구해 랙장비에 고정하여 시설보안을 강화하였습니다. 또한 문서보안측면에서는 각 종 장비현황에 대한 서류와 출입인원통제에 대한 서류 등 다양한 서류들을 준비하였고, 피해복구대책 등을 세워 사무실과 서버실에 비치하는 등 미흡한 부분을 보완해 나갔습니다. 한 달 간 주말도 반납하며 부서원들과 준비한 끝에 만족할만한 마무리를 할 수 있었습니다. 수검 당일 자신 있게 준비한 것들에 대해 감사관님께 말씀드릴 수 있었고, 결과는 전산보안 분야 ‘우수’달성과 사단은 육본보안감사 최우수 부대에 선정될 수 있었습니다. 보안감사에 대한 공로를 인정받아 저와 담당관은 표창을 받을 수 있었고, 같이 고생하여 준비를 한 부서원들은 포상휴가를 받을 수 있었습니다. 준비과정에서는 힘들고 포기하고 싶었지만, 끝까지 부서원들과 합심하여 노력한 끝에 좋은 결과를 얻을 수 있었습니다. 비록 혼자서는 절대 못할 일들을 협동하여 각자 맡은 바 임무를 수행하였을 때 성공적인 결과를 얻을 수 있다는 것을 배울 수 있었습니다.
글자수 1251자   |   3123Byte
접기"
2017년 하반기 SK하이닉스 합격자 자기소개서 04 지원분야 | 생산관리·품질관리,"1. . 자발적으로 최고 수준의 목표를 세우고 끈질기게 성취한 경험에 대해 서술해 주십시오.
1) 먼저, 관련 대표 경험 2가지를 간략하게 작성해 주십시오. (각 50자 이내)
- 언제, 어디서, 어떤 일을 수행했던 경험인지 간략하게 기술할 것
1. 졸업논문, 음극재 성능향상을 위해 산화아연과 탄소코팅으로 새로운 방법을 도입했습니다.
2. 4학년때, 아두이노와 3D프린트를 이용해 직접 드론을 설계하고 완성하였습니다.
글자수 97자   |   233Byte
접기"
2017년 하반기 기술보증기금 합격자 자기소개서 01 지원분야 | 교회사무·행정·관리,"1. 기술보증기금에 적합한 인재는 이공계, 상경계, 법학적 직무능력을 갖춘 융합형 인재입니다.
지원 동기는 무엇이며, 자신이 어떤 면에서 기보에 적합한 인재인지 기술해 주시기 바랍니다.
[""나랑 동업할래?""]
초등학교 5학년 때부터 매일 아침 아버지와 함께 경제신문을 읽는 습관을 들였습니다. 처음에는 어려운 단어들이 많아 사전을 찾아보곤 했습니다. 그러나 계속 경제신문을 읽다보니 사전 없이 어려운 단어들을 쉽게 이해할 수 있을 뿐만 아니라, 경제를 바라보는 안목을 높일 수 있었습니다. 덕분에 중학교에 입학하기 전, OOO에서 주최하는 경제퀴즈대회에서 월장원과 연장원을 차지해 부모님께 기쁨을 드리기도 했습니다. 이런 습관은 지금까지도 이어졌고, 복수전공으로 경영학을 택하는 계기가 되었습니다.
이런 저의 경영학에 대한 흥미와 열정 덕분에 OO 교환학생 시절, 모든 과목을 고급 경영학 과목을 수강하게 되었고 좋은 성적을 받는 원동력이 되었습니다. 특히 서비스마케팅 수업에서 팀프로젝트를 같이했던 친구가 저에게 “내가 나중에 사업을 하게 된다면 너와 동업하고 싶다.”라고 말하기까지 했습니다.
그리고 201X년 OO에서 전국 영업점 상권분석 업무를 수행한 적이 있습니다. 소상공인진흥공단의 상권분석 서비스를 이용해서 각 영업점마다 장단점을 분석했습니다. 그리고 여러 가지 유의미한 사실들을 발견할 수 있었습니다. 이를테면 영업점의 매출은 매장규모, 교통편, 주변상권, 직영여부 등과 비례한다는 점을 발견했습니다.
상권분석 관련 부서를 운영하거나, 전담 직원들을 보유하고 있는 대기업에 비해 소기업, 소상공인들에게는 상대적으로 상권분석 업무를 수행할 여력이 부족한 경우가 많습니다. 그래서 OO시 골목상권의 경우 폐업률이 80%에 달한다고 합니다. 지금까지 쌓아온 지식과 경험 그리고 열정에 더해 실제로 상권분석 업무를 통해 영업전략을 도출한 경험을 바탕으로 우리 기술보증기금을 찾는 많은 벤처창업가들에게 든든한 사업파트너이자 동업자라는 마음가짐으로 벤처창업가들의 사업 성공에 큰 도움을 드리고 싶습니다.
글자수 910자   |   2238Byte
접기"
2017년 하반기 기아자동차 합격자 자기소개서 01 지원분야 | 경영지원,"1. * 우리 KIAN(기아인)들은 다음과 같이 네 가지의 인재상을 닮아 가려고 노력합니다.
그 중에서 당신을 가장 잘 표현할 수 있는 한 가지를 선택하여 경험적 사례를 통해 그 이유를 설명해 주세요.
[열정은 망설이지 않는 것이다 - Act]

저는 기아의 열정 있는 신입사원이 되기 위해 많은 노력을 기울였습니다. 저는 열정이란 `망설이지 않고 행동하는 것`으로 정의를 내렸습니다. 우리가 망설이게 되는 이유는 크게 두 가지인데 하나는 나의 능력에 비해 너무 높은 수준을 요구하는 상황을 만나는 경우고 다른 하나는 나의 수준에 비해 너무 하찮다고 느껴지는 업무를 줬을 때 우리는 망설이게 됩니다. 저는 이런 상황들을 마주치게 됐을 때 망설이는 것을 극복하는 열정이 중요하다고 느꼈고 실제로 업무를 진행할 때 적용할 수 있도록 노력했습니다.

저는 OOO은행에서 근무했을 때 열정을 갖고 업무에 임한다는 다짐을 잃지 않도록 노력했습니다. 휴가철을 맞아 외국인을 대상으로 마케팅을 나간 적이 있는데 주로 영어를 하지 못하는 동남아시아, 중국, 러시아 출신의 외국인이 많아 의사소통이 어려웠습니다. 은행 업무를 보는 고객의 수도 대기 고객 30명 정도가 될 정도로 압도적으로 많았습니다. 또한, 공인인증서 발급 업무의 경우 외국인들이 사용하는 스마트폰의 네트워크 환경이 좋지 못하거나 성능이 좋지 못해 시간이 지체되는 등 난관이 많았습니다.

하지만 저는 웃음을 잃지 않고 한 명씩 친절하게 응대하면서 업무 처리를 해 나갔습니다. 의사소통에 필요한 필수적인 용어를 학습해서 현장에서 사용하고 스마트폰에 발급이 어려운 경우 USB에 설치해주거나 복사 서비스를 활용하는 등 해결이 쉽지 않았던 상황도 차근차근 풀어나갔습니다. 또한, 직원들과 업무 분담을 하여 대기하는 고객이 최소화되도록 노력하였습니다.

결과적으로 저는 5일 동안 130명의 신규 인터넷 뱅킹 가입, 30명의 신규 신용카드 발급이라는 성과를 이룰 수 있었습니다. 업무 진행이 어려웠던 경우도 끝까지 해결방법을 찾는 자세로 임했기 때문에 가능했던 결과라고 생각이 들었습니다. 또한, 5일이라는 짧은 기간 동안 지점에서 필요했던 한 달 실적을 채웠다는 성과로 인해 지점장님을 비롯한 직원들에게 많은 칭찬을 받을 수 있었습니다.

이처럼 저는 모호할 수 있는 열정이라는 개념에 대해 나름대로 구체적인 정의를 내리고 업무에 활용하여 좋은 성과를 이루는 경험을 했기 때문에 기아에서도 열정을 가진 신입사원으로서 업무에 임할 수 있다는 자신감이 있습니다. 또한, 열정을 갖고 업무에 임한다면 당장은 성과가 보이지 않을 수도 있지만 결국에는 훌륭한 성과로 보답을 받는 순간이 온다는 교훈을 얻었습니다.
글자수 1203자   |   2933Byte
접기"
